"Precursor.Id","Protein.Group","Genes","Modified.Sequence","S01","S02","S03","S04","S05","S06","S07","S08","S09","S10","S11","S12","S13","S14","S15","S16","S17","S18","S19","S20","S21","S22","S23","S24","S25","S26","S27","S28","S29","S30"
"Frac1_PEP0001_2","SYN0002","GENE0002","(UniMod:4)PEPTIDE001K",3391907.7,4017117.2,3596013.4,2928273.1,3324316.1,2531483.7,2097080.8,2541200.4,NA,2321451.9,2092369.2,2512830.5,3099707.7,2993972.6,3056957.1,NA,NA,NA,3034085.9,1728092.7,2768311.2,3019021.4,2355017.2,2906581,4049921,NA,NA,2362353.4,NA,NA
"Frac1_PEP0002_2","SYN0007","GENE0007","(UniMod:4)PEPTIDE002K",1743493.7,2141050.2,NA,1315614,NA,NA,1951035,1711561.9,1159427.9,1172179.9,1210173.8,1724024.8,NA,NA,1579246.2,1755233.2,1416876.1,1519072.2,1387724.1,NA,2224424.6,1734015.1,1954635.2,2990858.9,1725822.3,1561387,1628361.1,1347215.9,1322025.7,NA
"Frac1_PEP0003_2","SYN0037","GENE0037","(UniMod:4)PEPTIDE003K",1495116.6,2050596.9,1869663.7,2456377.4,NA,2748205.3,2273767.2,1835924.9,2045403.6,2586782.7,2095070.9,1371232.3,NA,1928691.8,2045567.2,3635451.5,NA,4347680.4,NA,4792659.7,3250710.9,3929514,NA,3091314.4,NA,6784397.6,3161493,5196898.9,3988305.2,NA
"Frac1_PEP0004_2","SYN0094","GENE0094","(UniMod:4)PEPTIDE004K",1772514.1,1428526.1,1929142.2,1316345.2,NA,1285160,1566084.1,1477218.6,NA,NA,1256664.5,1888081.4,1634412.9,NA,1381479.4,1783340.7,1713939.2,2242290.2,2415693.8,2588491.2,NA,1829275.2,2035868.5,3560745.9,NA,2193882.4,2083003.3,1720259.4,1933186.8,2026158.3
"Frac1_PEP0005_2","SYN0121","GENE0121","(UniMod:4)PEPTIDE005K",1225654.6,1779326.9,NA,1460821.4,NA,NA,NA,NA,NA,1760004.5,2172616.5,931084.7,NA,2645396.6,1714021.1,NA,NA,NA,NA,4843730.5,NA,NA,3342555.1,NA,3217496.8,3868830.9,NA,4515980.9,3607013.9,NA
"Frac1_PEP0006_2","SYN0131","GENE0131","(UniMod:4)PEPTIDE006K",1428257.9,1790428.7,1528421.6,1288408.7,2023949.3,752428.7,NA,513163.7,NA,NA,1292889.2,1412705,1457819.6,1451036.2,1234650.6,655961.5,NA,NA,NA,NA,1540471.4,1516858.1,885555.7,1435980.2,1853256.4,NA,639621.8,NA,538300.6,616306.4
"Frac1_PEP0007_2","SYN0130","GENE0130","(UniMod:4)PEPTIDE007K",1185395.6,1669296.7,1283162.9,2022818.2,1443758.5,1207277.3,1181511,2019928.6,1701189.5,1261064.2,1104975.1,2364130.2,1257526,1229946,1375303.9,1858934.1,1709340.8,1859733.5,1567078.9,3710398.2,2021581.5,1830746.8,2001490.4,1965748,1577570.7,2113786.4,2326441.4,1972698.1,2770971.2,2312396.2
"Frac1_PEP0008_2","SYN0057","GENE0057","(UniMod:4)PEPTIDE008K",884533.1,1064531.5,1071461.6,917376.3,1156975.7,NA,NA,NA,NA,609722.1,901510.4,1145554.4,1666844.1,934577,1348409.8,404103.2,392583.8,NA,447074.6,NA,979435.2,985995.2,858683.5,620231.8,758133,571488.1,295551.9,NA,NA,NA
"Frac1_PEP0009_2","SYN0041","GENE0041","(UniMod:4)PEPTIDE009K",2128251.9,1719408.6,1206242.2,1245788.3,1069381.8,NA,1249369.2,NA,1289105.4,NA,1393383.5,1559213.9,1031760.9,1996714,1268487.4,1345222.9,NA,NA,NA,NA,2263107.6,1958737.1,1419913.7,2010752.1,3571841.7,1799907.5,NA,NA,NA,NA
"Frac1_PEP0010_2","SYN0062","GENE0062","(UniMod:4)PEPTIDE010K",NA,684629.9,478212.4,479844,706559.6,796484.3,NA,662118.6,743090,1104185.7,707823.7,784259,606644,930597.7,767519.3,861214,882891.1,1281888.2,676458.3,808722.6,688919,NA,540205.1,506139.5,NA,813499.8,591683.6,NA,596034.1,1159503.8
"Frac1_PEP0011_2","SYN0116","GENE0116","(UniMod:4)PEPTIDE011K",1122738.1,1000437.6,2079887,1015144.1,1367583.9,856143,604215.3,1846685.4,1141511.5,1061810.4,938901.7,999810.7,1207146,965944.2,723730.8,661020.2,606153.8,528507.7,524726.1,856309.3,471034.2,593396.7,820448.4,671430.5,852703,865654.8,657225.1,832899.5,538102.5,594122.4
"Frac1_PEP0012_2","SYN0016","GENE0016","(UniMod:4)PEPTIDE012K",264733.6,226066.2,218262.2,291857.1,296987.3,482899,221965.1,296376.5,223068.9,435977.4,338051.9,227400.5,287663.4,200134.9,204218.3,258985,188858.4,154149.7,140389.8,444323.5,198610,284708.4,225584.7,238336.7,206866.4,364936.9,316717.3,137059.5,244564.5,297396.9
"Frac1_PEP0013_2","SYN0062","GENE0062","(UniMod:4)PEPTIDE013K",382388,304295.7,280633.5,232918.8,268295.2,422503,372868.2,384586.4,393550.7,270919.1,456563.4,325950.5,344774.4,306543.9,286115.4,NA,409850.5,478153.3,433177.1,440234.5,519456.6,409675,468058,333070.3,489251.8,357728,731114.8,334815.6,656329,554478.5
"Frac1_PEP0014_2","SYN0090","GENE0090","(UniMod:4)PEPTIDE014K",845160.5,793419.9,953574.7,722627.7,732360.8,559983.5,875024.6,1127339.9,1043273.1,720986.4,973501.3,827836.2,800702.4,643544.3,890014.1,1015007.5,908004.8,859831.7,1164520.4,1374957.4,1259940.9,1019875.6,887603.1,706127.6,1095634.7,904262.2,880356.8,622267.6,1037989.5,1094455.5
"Frac1_PEP0015_2","SYN0019","GENE0019","(UniMod:4)PEPTIDE015K",400226.8,1018117.8,446387.4,747125.9,702878.5,825257,803361.1,813193.1,691789.3,774389,882031.9,1077493.2,784454.6,955432.6,669934.5,1116743.3,1717682.7,780763.9,1027429.5,1277051.9,1162024.6,968007.5,848966.1,856699.9,1542106.1,1273648.4,1146196.7,890360,812744.4,1096514.3
"Frac1_PEP0016_2","SYN0008","GENE0008","(UniMod:4)PEPTIDE016K",1545114.3,856660.4,1096125.6,1238294.9,1461640.7,896341.5,1078445,1350323.1,1026748,1272318.6,1025518.2,1548589.8,1553194.3,1088564.6,1280523.2,2183720.7,2936935.4,3176699.4,3634405.1,3069539.2,3277195.2,2865269.4,2826927.5,2904098.7,4368620.2,3338954.5,2841105.7,2232288.1,3769605.8,2494389.9
"Frac1_PEP0017_2","SYN0028","GENE0028","(UniMod:4)PEPTIDE017K",2732752,4260863.9,2743873.6,4436701.4,3372015.5,4550888.8,2734260.2,3365049.3,3931349.3,3606648.8,3462874,3839504.2,2426726.3,3374083.3,4067600.6,4363674.6,4959903.1,5655271.6,3934512.8,3429905.9,3658460,NA,5922699.7,5072849.2,6811704.6,5718329.1,4251030.4,6079124.4,5678436.3,3708423.2
"Frac1_PEP0018_2","SYN0011","GENE0011","(UniMod:4)PEPTIDE018K",1966971.2,1386445.2,1125873.5,2186246.1,1651170.4,1796977.4,1405784.3,1511095.7,2090849.5,1336119.9,2399545.1,1238748.1,1615439.7,1884180.7,3130964,1117743.2,1116677.3,1003929.5,2139452.7,1022811.8,1503468.2,1089828.7,918069.5,1344123.6,1217204.8,955165.4,884259.3,1067804.6,1153550.4,1160137.4
"Frac1_PEP0019_2","SYN0047","GENE0047","(UniMod:4)PEPTIDE019K",1027870.4,780943.3,1307962.9,821625.4,1008194.3,968251.4,821916.3,470058.5,634271.8,493259.1,755286.3,572446.9,831187.2,1007332.4,646021.4,204314.5,246395.1,247270.9,251474.5,222642,572053.7,303357.5,448816.9,450484.1,301277.7,291576.4,422031.2,196665.2,255210.1,212450.2
"Frac1_PEP0020_2","SYN0046","GENE0046","(UniMod:4)PEPTIDE020K",NA,3858753.4,NA,5217597.9,8522617.1,4075888.8,8728250.9,5777762,3898826.3,NA,3075902,NA,NA,3901052.8,NA,7974777,10472602.5,9291059.8,7304881.4,6340333.1,8969970.9,9851744,10260818.1,6835034.5,NA,7415311,5939783.1,9127450,NA,4976827.2
"Frac1_PEP0021_2","SYN0008","GENE0008","(UniMod:4)PEPTIDE021K",789640.6,529935.2,648114.1,845975.4,536240.2,864255.3,659559.7,988573,582357.9,742995.4,845255.2,521451.4,501249.8,775149.6,849712.1,943638,1666139,1209023.7,1588276.5,1277575.5,1152223.7,1171113.8,1220710.1,1904850.7,1227011.9,1089190.2,1581345.1,848869.2,1543484.2,1144673.2
"Frac1_PEP0022_2","SYN0075","GENE0075","(UniMod:4)PEPTIDE022K",388934.1,468359.5,398454.7,630929.1,646672.9,502459.9,384330.4,449357.4,649546.3,342037.4,506008,519022,635085.5,555560.5,365942,2030117,1683154.8,1609070.1,1942716.4,1376719.1,2020921.1,1970891.4,1444737.7,1946676.3,2665114.4,2327316.8,1939919.5,1842359.7,1691582.9,1500397.5
"Frac1_PEP0023_2","SYN0130","GENE0130","(UniMod:4)PEPTIDE023K",284214.6,190499,235010.8,158666.8,275339.2,233818.6,236906.2,197080.4,217450.4,256599,NA,240333.1,163189.3,263231.5,NA,213133.8,345777.7,207233.2,439769.4,NA,503755,378660.2,297497.6,260525.1,324266.3,177371.1,200379.7,256208.9,144617.4,249795.1
"Frac1_PEP0024_2","SYN0012","GENE0012","(UniMod:4)PEPTIDE024K",5422277.3,9677860.2,7810745.8,8169174.8,6210796.2,5589439.1,NA,NA,NA,NA,14931651.6,9424901.4,11803926.9,NA,12052176.4,NA,NA,NA,5070314.2,4990931.1,5965971.2,5790071.5,6694166.1,6903020.4,6776323.1,NA,NA,NA,4718257.8,NA
"Frac1_PEP0025_2","SYN0018","GENE0018","(UniMod:4)PEPTIDE025K",922553.3,1189047.2,872309.7,937674.2,1521743.5,1102519.7,592511.9,1032432.2,1106692.3,913589.9,993860.3,1501619.5,894469.9,936369.9,877521.1,1127363.5,875107.9,1477691.9,1185989.1,761850,1432899,841671.9,1597255.3,1417354.4,1622851.9,1174226,1109718.8,1041751.7,1212694.7,1051378.7
"Frac1_PEP0026_2","SYN0021","GENE0021","(UniMod:4)PEPTIDE026K",793291.9,1037331.4,1010492.9,818662.9,793597.3,1029666.9,888038.6,937489.9,1035658.7,965351.4,725172.7,1082609,609756.2,877935.1,545081.5,225336,268589.7,398460.6,NA,272433.1,276143.1,297800.1,253289.6,276641.9,457306.5,309995.5,375028.7,283075.1,243740.1,302496.2
"Frac1_PEP0027_2","SYN0077","GENE0077","(UniMod:4)PEPTIDE027K",48450.5,28978.4,32666.8,NA,52969.8,19782.9,40923.2,26192.7,39950.3,54866.1,48103.8,33312.4,27833.1,42414.9,35356.6,142502.8,95760.8,114375.7,110010.1,116362.2,101655.4,61662.8,98174.3,78006.4,85634.4,165515.3,100137.2,112148.9,104469.1,125613.8
"Frac1_PEP0028_2","SYN0125","GENE0125","(UniMod:4)PEPTIDE028K",347682.8,293011.6,358953.8,285548.6,304122.7,NA,NA,269766.6,NA,NA,364178.9,358831.9,301324.9,255354.2,270198,71537.9,95058.4,NA,NA,82792.5,102739.9,NA,104298.5,119399.2,91051.6,NA,NA,NA,NA,NA
"Frac1_PEP0029_2","SYN0027","GENE0027","(UniMod:4)PEPTIDE029K",9796837,13109175.6,21174148.4,13387292.2,16376950.1,9692858.1,14831333.3,9806128,11113054.8,11767027.4,15306073.7,9630027.8,13151987.3,12190420.5,9200112.1,3489908.9,6260896,3339663.1,6431339.2,3558073.7,5020075.9,5908275.2,4969878.9,5206140.8,5785197.6,4417571.1,3906995.9,4780741.1,5884816.6,4118745.9
"Frac1_PEP0030_2","SYN0133","GENE0133","(UniMod:4)PEPTIDE030K",525620.5,715454.8,637014.7,496645.5,731104.6,NA,829026.3,NA,NA,NA,526416.5,581053.5,651661.3,569707.7,914258.6,211465.5,209267.9,NA,NA,NA,403326,230278.4,232338.8,177251.8,215913.2,NA,NA,NA,NA,NA
"Frac1_PEP0031_2","SYN0108","GENE0108","(UniMod:4)PEPTIDE031K",890452.4,717464.3,1174141.9,1059306.2,890423.6,1257123.9,942748,1140185.7,NA,1398820,1598520.2,1041090.2,NA,NA,NA,NA,NA,927130,673737.9,977766.2,NA,1331127,NA,986653.5,612378.7,NA,1193607.3,1081574.5,672766.5,880188.8
"Frac1_PEP0032_2","SYN0128","GENE0128","(UniMod:4)PEPTIDE032K",10750951,20999178.9,16523659.9,10632771.9,13056959.8,31975008.1,39609857.6,25829923.5,34201991.9,39170638,13152829.6,19583376.4,9095399.1,14289201,14929320,23909130,22121444.8,34363249.2,22531179.1,28882365.8,11178911.9,11573802.1,12404140.7,8805825.4,22870591.5,30627061.7,28030417.7,24674309,22753428.9,29315744.3
"Frac1_PEP0033_2","SYN0097","GENE0097","(UniMod:4)PEPTIDE033K",5983913.9,4015335.1,NA,NA,NA,NA,4625434.1,NA,3516201.5,4322739.3,6497053.5,5285730.3,4372295,NA,5986119.5,1396053.6,1707324.7,768613.9,1973889.7,1434422.9,1043780.7,1142308.9,922957.3,1616692.3,1672727.6,1021117.3,1624760.3,NA,1334658.4,1327505.9
"Frac1_PEP0034_2","SYN0078","GENE0078","(UniMod:4)PEPTIDE034K",667099.2,573148.9,443787.9,772683.7,563833.9,585189.4,687400.2,753735,475175.2,504151.9,460840.9,855428.7,597566.5,512751.9,421973.7,261847.2,552035.6,246387.8,341906.4,186859.4,302896.4,231915.2,430633.2,304307.2,230060.4,380375.7,310238.3,195078.4,265893.8,419002.6
"Frac1_PEP0035_2","SYN0001","GENE0001","(UniMod:4)PEPTIDE035K",91279.7,65670.9,101396.3,97494.1,114042,143158.4,NA,117033,NA,69864,70806,97276.4,102555.2,100944.1,97363.6,488999.4,376646.5,NA,NA,328685.3,320952.4,307601.1,422969.9,367260.3,483868.6,NA,NA,NA,356920.1,354413.1
"Frac1_PEP0036_2","SYN0022","GENE0022","(UniMod:4)PEPTIDE036K",1805194.3,1872372.8,1761304,2119613.7,1457746.2,1823851.4,1483170.1,1959537.2,1062733.1,2080488.4,1498454.1,1251676.8,1598421.3,1521224.5,2020845.7,1509774.4,1620246,1583785.9,1431825.2,NA,1269198.2,1400678.5,1613398.3,1382566.6,1577065.6,1142001.7,1277287.1,1313823.9,1709440.1,1101605
"Frac1_PEP0037_2","SYN0044","GENE0044","(UniMod:4)PEPTIDE037K",626820,496035.5,746169.5,514437.3,454821.9,NA,366905.6,565131.2,395986.2,NA,420585.1,463783.4,449961.7,359136.2,623066.5,NA,524219.6,334548.2,402578.5,594786.5,421910.8,253698.2,396083.3,398783.8,437439.6,593336.8,NA,NA,NA,416652.2
"Frac1_PEP0038_2","SYN0022","GENE0022","(UniMod:4)PEPTIDE038K",737712.1,607209.6,541073.6,900098.8,658149.5,587918.6,642542.3,1002189.4,650504.7,632931.8,880735.8,711962.1,812164.4,532121.3,750534.3,171571.2,298336.2,245226.3,310048.8,169455.7,211110.6,241652,NA,294571.5,322160.9,428458.3,238367.1,338256.3,319518.4,329565.5
"Frac1_PEP0039_2","SYN0094","GENE0094","(UniMod:4)PEPTIDE039K",3910671.3,NA,2870782.1,1583643,2629509.3,3776985.2,2125844.3,6585021.1,2995812.6,3916527,1684921.5,2178430.2,1658281.9,2686901.1,2681972.6,3277708,1625910.8,1646510.1,1822161.2,1791411,863526.9,795946.9,1334270.6,1226099.7,1337489.5,3182939.1,2425406.1,2273195.6,2783991.6,1766197.4
"Frac1_PEP0040_2","SYN0106","GENE0106","(UniMod:4)PEPTIDE040K",4069915.8,4573361.2,4448217.8,5173772.2,3233383.4,4742304.7,4100337.4,4028341.6,4111087.2,4971620.2,4075067.2,6715974.6,5950334.3,4829989,5044964.1,5773115.7,5097532.1,NA,2761122.4,4569014.7,3299493.9,2147001.3,3812796.4,6217136.4,3385555.2,2967097.3,2548146.2,3713658.3,3758827.6,NA
"Frac1_PEP0041_2","SYN0105","GENE0105","(UniMod:4)PEPTIDE041K",464738,304854.7,519709.4,291051.9,339694.3,371085.2,463975.7,225059.4,331256.4,293494.9,331817.3,300959.6,448686.1,NA,255381.9,767472.6,987794.6,924245.3,961729.8,1142382.2,NA,NA,894791.6,NA,710590.1,702654.8,801139.9,1069489.6,NA,NA
"Frac1_PEP0042_2","SYN0035","GENE0035","(UniMod:4)PEPTIDE042K",132241,202298.2,183583.1,NA,133096.1,212357.2,179162.6,117617.4,162489.5,160235.4,102042.6,166871.6,145569.9,122189.3,152817.8,118836.9,184184.8,264039.2,118909.4,267089.8,107922.8,146858.3,186460.1,NA,107677.4,100024.3,204312.9,95333.9,143601,137006.3
"Frac1_PEP0043_2","SYN0124","GENE0124","(UniMod:4)PEPTIDE043K",309829.6,234422.2,363070.6,346779.6,NA,285786.5,332062.6,499939.9,477345,385142.7,435367.9,326242.4,395330.5,419782.2,316359.4,782073.9,726794.5,578407.9,410696.3,798147.7,467045.9,538533.7,457289.9,634979.8,409846.6,412354.5,547129.2,843870.8,538843.4,490796.8
"Frac1_PEP0044_2","SYN0010","GENE0010","(UniMod:4)PEPTIDE044K",1930710.3,1934176.8,1798840.2,1482257.4,2279589.6,1863482.3,2152883.7,1732137.1,1434586.3,2208909.8,2491256.9,3163451.6,1624261.7,1860470.7,1195041.8,1235881.4,1094234.3,1285770.3,1178444,1262291,930710.4,1456532.5,1958066.1,996196.6,901239,1295940.6,1327716.8,1151042,1897283.8,1937940
"Frac1_PEP0045_2","SYN0009","GENE0009","(UniMod:4)PEPTIDE045K",4351567.9,3782129.6,3665565.1,7272275.2,4088950.1,12332940.4,7505417.8,7046728.1,7842003.7,5994504.3,4083585.5,4750638.5,3776172.7,4099491.9,5449651.4,14115961.1,12231641,14890638.8,10540847.7,16387990.1,4578253.8,6904709.3,6991843.9,7188001.8,6247883.3,12189369.2,NA,19980712.9,10971691.9,12296507.5
"Frac1_PEP0046_2","SYN0065","GENE0065","(UniMod:4)PEPTIDE046K",1311624.5,2145782.4,1870202.2,2308716.2,1594110.7,1813256.9,NA,1283841.5,1830043.4,2318570.7,1731332.5,2410036.7,1880522.5,1445115.2,2495128.1,2234408.4,2441655.3,2799575.9,1771594.1,2073687.3,3550914,NA,2682531.5,2280261.3,2531997.1,3396590.6,3538043.7,2250373.6,2165159.7,2958160.9
"Frac1_PEP0047_2","SYN0013","GENE0013","(UniMod:4)PEPTIDE047K",2474394,2653190.3,3521726,1982468,2203384.4,831547.3,818085.8,1172040.5,1489019.6,1136796.4,1738504.9,2168818.3,2035019.6,1882975.7,1319924,2525993.2,3183347.9,2489031.9,1987159.7,2340336.8,3620772.9,5567033.1,4328083,3162636.1,9970515.8,1598830.6,2643647.1,2987619.4,2134959.6,3507301.3
"Frac1_PEP0048_2","SYN0130","GENE0130","(UniMod:4)PEPTIDE048K",28706094.8,27935027.2,30214958.9,28661353.8,28211801.3,17048763.8,27938381.1,19797815.1,24887323.2,28635006.2,21844110.2,37349243.9,19765506.1,23502263.4,20307521.6,56696144.5,25339788.6,18543272.3,32665685.4,35352613,41743938.4,46419062.5,25096537.6,39987527,41518979.5,59004331.7,41884283.7,29433922.9,37537125.5,36002380.8
"Frac1_PEP0049_2","SYN0012","GENE0012","(UniMod:4)PEPTIDE049K",10958752.7,12242617.2,10439851.4,8602906.8,10230754.3,10873682.9,11821349.3,15479378.3,11040903.6,11182699.7,15885787.8,9187063.1,13085044.5,11416621.1,13908956.7,3594234,2101841,2750859.1,2293730,2382238.4,2863579.3,2819498,2361458.9,2425870.2,3142761.5,3448364.9,2646188.3,3319080.5,2408112.5,2930392.3
"Frac1_PEP0050_2","SYN0113","GENE0113","(UniMod:4)PEPTIDE050K",80604,NA,59187.5,77258.4,88228.9,115745.6,NA,122517.7,140352,NA,NA,86389.9,71526.3,127268.4,NA,28967.9,NA,48416.9,35555.9,NA,50918.4,NA,46888.4,62979.9,NA,66354.4,NA,28464.3,38141.4,63257.7
"Frac1_PEP0051_2","SYN0120","GENE0120","(UniMod:4)PEPTIDE051K",NA,95956.3,93751.7,114745,72307,111672,NA,81120.9,NA,NA,58308.6,118067.3,76977.6,95664.1,NA,92515.4,NA,NA,130714.1,NA,119403.7,78647.3,116374.8,86488.4,78809.6,NA,NA,NA,NA,141099.4
"Frac1_PEP0052_2","SYN0015","GENE0015","(UniMod:4)PEPTIDE052K",683336.6,581187.7,578475.8,639762.1,519132.2,584832.9,533318.6,571021.5,650658.5,832409.9,656545.4,595084.5,672250.6,519537,510959.2,1040824.4,1006086.4,872837,992756.4,1329203.4,1111447.3,1447876.4,1330963.8,1054309.6,1216239.9,928942.1,1196803,1178185.5,756560.6,966883.6
"Frac1_PEP0053_2","SYN0111","GENE0111","(UniMod:4)PEPTIDE053K",554478.5,471442.2,643765.9,353465,597195.3,803051.5,478946.6,331061,503625.3,372405.8,NA,364575.5,349046.9,521359.4,346936.2,672146.2,457808.1,382411,379928.7,441792.2,568825.7,473239.7,521605.8,521245.1,604514.6,477164.3,505139.9,634579.5,615892.9,592681.6
"Frac1_PEP0054_2","SYN0129","GENE0129","(UniMod:4)PEPTIDE054K",431709.6,440941.8,359188.8,342562.9,351952.5,NA,483383.8,NA,438970.4,NA,405660.8,367141.4,235908.3,447098.9,320503.7,NA,NA,NA,809153.1,NA,442477.4,695406.2,574626.8,600020.9,394278.1,729301.8,NA,987030.3,NA,579023.2
"Frac1_PEP0055_2","SYN0033","GENE0033","(UniMod:4)PEPTIDE055K",309099,310505.2,288364,237947.7,NA,518754.8,584316.3,511345.1,NA,382768.4,299889.6,357511,231218.7,317909.4,244439.6,231417.3,374950.4,335437.1,411093.4,NA,NA,246866.5,246703.7,NA,NA,404318.7,NA,618058.2,281551.4,NA
"Frac1_PEP0056_2","SYN0114","GENE0114","(UniMod:4)PEPTIDE056K",17790855.1,13217305.6,19768165.7,13324029.7,19815474.5,15859912,19896260.2,16293571.1,16441891.8,10448890.6,19221853.8,15426175.1,10478398.4,14663039.3,10610647.7,40703893.4,46354485,27224820.3,42954935,47577812.6,30199149.9,35901481.2,47997005.8,22582996.6,24681809,32556755.5,29346612.6,30159079.5,33639772.1,32489345.9
"Frac1_PEP0057_2","SYN0049","GENE0049","(UniMod:4)PEPTIDE057K",173311.1,195343,109280.7,99993.7,121127.5,143274.7,263400.7,105831.2,174699.7,126763.7,161158.2,191535.5,120261.2,193532.9,112968.5,151898.3,188859.9,174008.7,181490.4,166034.5,137485.2,118036.8,146523.8,127790.8,90549.2,183451.1,199771.2,186573.7,233359.7,127860.7
"Frac1_PEP0058_2","SYN0005","GENE0005","(UniMod:4)PEPTIDE058K",227684.9,224393.8,234301.8,176336.8,207195.7,155518,181980.8,170635.4,191209.1,118827.6,246780.2,NA,210568.4,121345.9,210414.9,67034.3,87294.4,54671.3,45386.3,74731,73603.9,57019.7,64634.6,53630.7,71105.6,54085.1,79772.8,90878.1,74587.1,65415.4
"Frac1_PEP0059_2","SYN0055","GENE0055","(UniMod:4)PEPTIDE059K",1825838,3057891.9,2169882.5,2718158.4,2063320,2240519,2327990,1664422.6,2897827.9,2796933.2,2114003.3,1469482.7,3081022.6,2362814.4,1984323,2545090.1,2681273.7,2509131.3,3274854.7,2956496,2315094.7,2444195.2,1901049.5,1875338.8,3490935.8,2656627.2,2908646.8,NA,2422121.2,2562396.6
"Frac1_PEP0060_2","SYN0053","GENE0053","(UniMod:4)PEPTIDE060K",NA,2205105.4,1645460.7,1965964.7,2437865.9,2032941.1,1632815.1,2044572.5,1626383.1,2061380.7,1587925.5,1878274.9,1546175.9,1546622.6,2000415.5,1939304.6,1637582,1600478.6,2651127.1,1775440,2029095.3,1801074.7,2489167.7,1751645.6,1640046.1,1486340.4,2736731.2,2212380.2,2532949.9,1606665.6
"Frac1_PEP0061_2","SYN0065","GENE0065","(UniMod:4)PEPTIDE061K",NA,1097959.8,904891.3,531957.9,718992.7,NA,NA,NA,NA,524073,732473.7,696386.6,591442.6,833763.9,915748.3,NA,NA,965184.1,NA,NA,569685.6,668827.3,772382,591134.2,859200.3,676687,613680.2,NA,NA,701208.6
"Frac1_PEP0062_2","SYN0026","GENE0026","(UniMod:4)PEPTIDE062K",2425695.8,2574638.8,3078217.8,4772682.6,1769750.9,NA,NA,NA,NA,NA,4781584.7,2982262.5,3415393.6,2749502.2,2392806.7,2907293.1,5511414.8,3889053.6,NA,NA,2311946.9,3076388.9,2746583.5,3661058.6,3586259,NA,NA,2914672.9,4036940.6,1950722.4
"Frac1_PEP0063_2","SYN0072","GENE0072","(UniMod:4)PEPTIDE063K",1833518.5,2188220.9,2826126.8,1280668.1,1690884.5,1910534.2,2104927.4,NA,1200951.1,2088661,1588131.4,2908942.9,2301682.9,1587374.6,2648186.8,845965.3,688599,1066901.2,866381.7,1050835.8,903073.1,444797.4,917638.3,819484.7,839937.1,1014170.7,579845.1,572034.6,NA,937215.6
"Frac1_PEP0064_2","SYN0047","GENE0047","(UniMod:4)PEPTIDE064K",416272.3,436896.7,446265.1,NA,263858.1,NA,NA,361452.1,NA,NA,263776.1,370102.2,252910.2,362290.8,287037.9,170958.5,107881.6,84941.7,NA,NA,102747.4,106716.3,89941.1,133113.7,102764.9,NA,92084.2,NA,NA,NA
"Frac1_PEP0065_2","SYN0004","GENE0004","(UniMod:4)PEPTIDE065K",913043.1,407567.7,460314.5,495483.7,944517,991023.2,540412.9,516999.2,456430.6,551337.8,437984.4,551063.8,541285.1,359572.6,643324.6,2005827.5,1642645.8,2381372.7,1686977.6,1573960.8,2173118.3,1137016.5,1560424.3,1212329.4,1566917.3,2184532.2,1504900.1,2261112.7,1585034.7,1849075
"Frac1_PEP0066_2","SYN0056","GENE0056","(UniMod:4)PEPTIDE066K",614286.3,516372.7,575501.3,526288.5,698645.3,NA,NA,NA,518262.1,NA,391958.3,478324.3,686146.1,443299.8,537741.2,1820137.2,NA,NA,NA,NA,2403665.8,1723171.7,2375599.9,1638133.9,2063562.4,NA,1999085.5,NA,2102753.1,NA
"Frac1_PEP0067_2","SYN0108","GENE0108","(UniMod:4)PEPTIDE067K",NA,1509683.6,1141628.4,2253250.6,1412223.9,2097843.2,1918582.9,3335820.5,1401754.3,1730073.9,1159051.1,2287443.5,1283289.4,1252086.1,993253.8,1821146.9,2607567.4,1557180.4,1645142.8,1500379.4,1290491,1057896.8,898696.6,1494815.1,1065458.1,1315488.4,1381796.5,1756258,953624.8,1505492.1
"Frac1_PEP0068_2","SYN0131","GENE0131","(UniMod:4)PEPTIDE068K",NA,NA,7006263.7,3939277,4277967.6,4765038.7,2696048.7,2982573,NA,4418199.4,4866660.7,4014866.9,4105506.9,2858723.1,4415206.6,NA,7002160.8,NA,10491318.3,6265518.9,4819249.7,NA,NA,7199370.9,6045082.6,5000644.3,NA,7693589.5,9671104.5,NA
"Frac1_PEP0069_2","SYN0128","GENE0128","(UniMod:4)PEPTIDE069K",4585124.6,3417215.8,3275393.7,3955987.1,NA,851861.8,1098065.4,478038.3,1111349.9,404362,3309873.4,3291014.9,4773474.8,NA,2971865.9,396620.8,583035.2,697605.1,1101595.5,548016.4,3268792.2,2675689.8,2813376.1,3919413.6,2324240.6,944252.2,543729.9,NA,485080.4,482716.5
"Frac1_PEP0070_2","SYN0015","GENE0015","(UniMod:4)PEPTIDE070K",5904794.8,8691305.4,8847011.7,11061950.1,4308284.2,NA,NA,NA,10751732.7,NA,9272415.4,10598873.8,7233006.9,6340071.3,7935010.3,15479525.7,NA,11676852.7,NA,NA,12196221,NA,8241774.5,12112715.7,NA,NA,NA,14315739.8,NA,14608859.6
"Frac1_PEP0071_2","SYN0119","GENE0119","(UniMod:4)PEPTIDE071K",340634.2,285153.5,208983.2,323990.7,224911.3,241555.5,165294.7,233295.1,305552.7,209337.8,213309.1,203925.5,337777.3,261426.2,278787.7,97691.3,90859.1,90396.1,102116.7,94233.6,99599.8,131304.8,74196.5,108688.2,89133.5,96343.8,114300.6,106141.5,68957,93684.6
"Frac1_PEP0072_2","SYN0116","GENE0116","(UniMod:4)PEPTIDE072K",218155,241352.7,213670.1,294662.3,149993.5,NA,NA,NA,NA,174557.6,248794.7,196677.7,270150.7,NA,221166.9,NA,NA,NA,NA,63019.7,76125.5,71459.9,68450.8,62689.7,44975.2,63271.1,NA,NA,NA,NA
"Frac1_PEP0073_2","SYN0001","GENE0001","(UniMod:4)PEPTIDE073K",558941.7,391096.6,541476.8,543102.4,485984.5,NA,NA,703176.7,NA,550458.5,850112.2,826426.7,449243.5,528180.4,484620.2,NA,320093,348602.2,NA,NA,408695.6,453339,261567,NA,299687.4,366230.6,328265.5,NA,252600.2,171175.5
"Frac1_PEP0074_2","SYN0040","GENE0040","(UniMod:4)PEPTIDE074K",751885.8,648826.3,899147.3,NA,532983,995827.3,NA,834203.7,1074512.6,839367.5,NA,NA,NA,NA,842530.2,810294.3,1181516.1,852312.3,NA,NA,1185502.1,1055390.3,1344211.7,1692922.5,1256805.6,NA,1006575.1,880722,NA,1064748
"Frac1_PEP0075_2","SYN0019","GENE0019","(UniMod:4)PEPTIDE075K",NA,2856561.1,2449278,2398641.5,2960211.1,3021503.9,1992781.1,2307300.6,2519995,2318425.4,2733109.3,2913514.5,2169792.9,1788991.4,3057327.4,NA,1343658.5,1997693.8,1622263,1359881.2,1774594.7,1907522.3,1778814,2048264.5,2268834.8,1514023.1,1468394.2,1550204.8,1597104.9,1546786.5
"Frac1_PEP0076_2","SYN0009","GENE0009","(UniMod:4)PEPTIDE076K",323539.8,241640,291711.1,390030.4,315864.6,233237.7,403627.9,300086.7,360958.3,275344.6,406879,275807.7,412437,397963.7,285432.2,176027.1,369812.8,176735.1,138303.3,334151.1,342509.1,312607.6,268681.8,261184.6,247193.1,360920.5,226436.8,306750.2,317459.1,NA
"Frac1_PEP0077_2","SYN0088","GENE0088","(UniMod:4)PEPTIDE077K",262356.6,359526.7,250601.1,275342.4,374006.5,353748.1,241756.6,258919.7,509688.8,328229.7,221587.4,272732.1,348533.4,NA,379356.9,683926.2,361861,863528.2,813559.4,778295.5,512695.6,795809.2,585001.2,1228350.9,726582.7,821534.4,860184.4,845697.4,463054.2,457856.9
"Frac1_PEP0078_2","SYN0006","GENE0006","(UniMod:4)PEPTIDE078K",3683402.6,5439064.5,4260778.7,4714091.4,5924226,3746951.1,5740173.5,4448054.7,5782257.7,6009552,5387788.2,6059234.2,6577375.3,4902222.4,5599398.2,5030792,3799344,2792047.6,3143554.7,5847095.7,NA,2704654.4,5171686.8,4756555.4,NA,5300492.9,3780696.8,4474804,3592463.6,5974763.9
"Frac1_PEP0079_2","SYN0012","GENE0012","(UniMod:4)PEPTIDE079K",1017911,811738.8,NA,NA,898373.8,1530182.1,NA,NA,3832536,NA,701669.8,808150.1,NA,NA,NA,651139.6,1030817.2,1347194,1216325.3,686690.3,168908.4,245806.3,182432.3,209983.1,NA,772380.5,792879.7,936542.4,867853.1,608814.1
"Frac1_PEP0080_2","SYN0130","GENE0130","(UniMod:4)PEPTIDE080K",6437988.5,6285187.9,4885157,4776906.9,6167480.7,5801434.4,NA,NA,NA,4349449.5,6329350.5,4287884.4,3692797,5024218.6,4322260.9,NA,19156752.8,16920585.4,NA,NA,20397844.6,17405160.1,18291319,12428519.9,15093285.3,NA,NA,NA,NA,NA
"Frac1_PEP0081_2","SYN0098","GENE0098","(UniMod:4)PEPTIDE081K",104012,118242.9,146245.2,93562.1,99324.8,140685.4,88064.7,NA,100777.5,NA,104533.6,158709,69321.2,128913.3,84306.9,270312.2,NA,NA,206852.8,255620,205038.2,180102.9,288075.1,192358.7,242173.6,191465.5,248954.8,NA,159697.7,225422.4
"Frac1_PEP0082_2","SYN0048","GENE0048","(UniMod:4)PEPTIDE082K",1043245.3,1225860.2,NA,1276979.4,1010416.2,1127756.8,NA,1230882.3,885116,1080196.6,1454277.6,1034915.5,649880.2,1250721.1,1377449.7,427949.1,477827.8,365654.3,452747.5,346121.1,349422.9,NA,251386.7,248355.6,329759.4,504421.9,263991.5,342147.9,368626.5,299620.1
"Frac1_PEP0083_2","SYN0048","GENE0048","(UniMod:4)PEPTIDE083K",2351941.6,2672940.9,1571469.9,1776719.6,1594857.5,2251979.3,2744674.5,2029944.9,2776407.9,1816243.1,1414733.2,2036382.5,1648117,2857259.4,1833026.8,1293388.6,1548575.5,1092785.1,1146405.2,683983.9,1205883.5,1103872.5,794322.1,1119206.2,1291552.5,684581,837432.4,809596.7,1205570.4,1425110.6
"Frac1_PEP0084_2","SYN0002","GENE0002","(UniMod:4)PEPTIDE084K",8618218.6,8014621.2,10679366.7,NA,9157966.6,8115990.4,NA,7165869.7,NA,8445564.2,NA,4942727.4,4740981.1,14259759.1,4817709.4,14989366.5,NA,8761347.5,19438881.6,13587253.4,10498335.4,9823577,12366164.1,13091103.9,11683185.9,17073436.2,NA,10060542.6,NA,NA
"Frac1_PEP0085_2","SYN0083","GENE0083","(UniMod:4)PEPTIDE085K",573475.4,791997.7,746633.5,923537.7,844428.1,NA,NA,NA,NA,3870672.6,723778.4,635219.6,803402.6,1038062.3,463949.4,NA,NA,3666694,NA,NA,773241.8,929305.9,935491.5,562745.5,758037.3,NA,4522368,NA,NA,NA
"Frac1_PEP0086_2","SYN0054","GENE0054","(UniMod:4)PEPTIDE086K",5313156.9,6154272.5,6176674,6640546.6,5076885.9,6212053,9212025.5,8370617,8195838.9,5878679.9,3790599.7,4401903.7,5173352.3,3611654.8,5504435.3,14360103,7043733,11829723.5,11829394.8,6580434.9,7436857.6,7826954.1,9134713.4,7212246,10305366.1,7802423.4,8049671.7,9717260.8,5770584.7,6837379.3
"Frac1_PEP0087_2","SYN0056","GENE0056","(UniMod:4)PEPTIDE087K",2243691,2260351.6,1455284,1890531.8,1942752.7,671159.5,1044277.7,841612.8,NA,717671.2,NA,1442002.1,1329543.2,2147643.2,2802000.6,1101592.6,870640.9,NA,1104498.4,NA,1296818.6,2488452.8,2310455.4,2984500.2,3952761.8,NA,990304.1,1677927.1,924166.6,1027840.5
"Frac1_PEP0088_2","SYN0099","GENE0099","(UniMod:4)PEPTIDE088K",NA,2904621.9,3679032.1,5455410.6,2710636.1,4159146,5009322.3,2733815.5,3869699.5,3479618.3,NA,3229750.8,4071573.4,4130979.6,5087480.8,7926206.7,7762738.5,6708276.4,NA,6458323.1,6971587.4,5220721.3,5031226.6,7725280.9,5320933.8,8217042.7,8972516.2,4505893.3,4057653.7,4961885.1
"Frac1_PEP0089_2","SYN0044","GENE0044","(UniMod:4)PEPTIDE089K",2363928.9,1986187.2,1991385.2,1727431,1369560.6,853790.7,970652,NA,638001.4,701097.8,2159955.2,1956012.7,1824969.2,NA,2086833.2,589944.6,518948.7,552165,358066.3,674079.7,1201930.2,1678509,NA,NA,NA,NA,523941.1,355551.7,381945.9,NA
"Frac1_PEP0090_2","SYN0024","GENE0024","(UniMod:4)PEPTIDE090K",564482.7,420789.6,331789.5,382382.8,326676.6,438869.3,264766.7,366673.5,237553.2,331037.3,354993.6,349151.5,219934.4,181166.8,377183.5,168789.3,126117.5,145689.6,218065.8,163218.8,131313,119123.8,102529.9,131570.8,122676.9,151505.9,NA,193327.3,206665,118667
"Frac1_PEP0091_2","SYN0018","GENE0018","(UniMod:4)PEPTIDE091K",251550.8,890817.2,378656.7,569487.5,488296,NA,463281.6,NA,556530.9,501535.1,608429.6,551894.2,666348.1,526161.6,412216.3,821893.4,NA,675527.7,NA,871096.4,749735.4,851351.5,786451,NA,1008764.8,958782.8,904902.8,NA,NA,1057489.5
"Frac1_PEP0092_2","SYN0073","GENE0073","(UniMod:4)PEPTIDE092K",8395180.2,5762363.7,6662752.4,5135790.5,6706569,4320504.6,3504542.4,2901097.2,6478305.3,5170606.1,4304946.4,2927351.6,5002387.8,3951934.5,4960718.7,2661765.2,2358619.1,2451485.8,2013318.8,2328643.8,NA,2462350.9,3369019.7,2781322.1,3860271.7,2342912.2,2927613.3,3740709.9,1610259.5,2680424.6
"Frac1_PEP0093_2","SYN0042","GENE0042","(UniMod:4)PEPTIDE093K",250593.7,318524.8,210590,308244.4,269747.6,275131.8,425906.3,387355.8,211412,327644.6,365610.8,203172.4,237434.8,290982.5,368355.4,345575.5,348492.5,563263.3,327120.2,435928.6,448285.1,404777.7,328810.1,390713.6,355427.3,354021.9,188691.1,329240.3,445939.7,339801.5
"Frac1_PEP0094_2","SYN0010","GENE0010","(UniMod:4)PEPTIDE094K",3654244.6,6016729.3,5394388.5,4352681.2,6356421,5611575.5,4558574.5,NA,5046097.1,6611218.6,NA,NA,5308323.2,NA,4187181.2,NA,NA,7223484.1,8181154.3,NA,6346470.4,NA,5666120.5,4013467.9,NA,5009414.3,NA,NA,5721275.5,4875155
"Frac1_PEP0095_2","SYN0018","GENE0018","(UniMod:4)PEPTIDE095K",3987932.1,5068395.2,NA,2780273.4,NA,4090162.4,2566862.9,3643577.3,3502008.5,4937523.2,3526218.2,4005550.5,2809960,4945449.9,3387008.1,4304406.7,3010311.1,3710162.6,4412210.1,3053606.9,2575387.1,3663532.6,3107223.3,3629792.1,3228860.8,3998274.4,NA,4656958.9,3984103.9,3365844.5
"Frac1_PEP0096_2","SYN0065","GENE0065","(UniMod:4)PEPTIDE096K",1422102.6,NA,941204.4,NA,1819228.4,2347993.6,1705747.9,1647483.2,1327110.5,NA,1254214.4,1114589.9,NA,NA,NA,856603.7,1053841.9,870784.4,847035.4,NA,778219.7,1183262.4,1042381,562802.9,NA,1305849.6,584743.3,673022.7,575617.6,NA
"Frac1_PEP0097_2","SYN0021","GENE0021","(UniMod:4)PEPTIDE097K",10073065.6,7918116.5,7823643.2,6308207,6253448.2,8967611.4,11577336.4,13812512,15596308.3,16131481.8,7384870.6,7397159.7,11408299.3,7211653.9,4853210.2,17203889.1,20364948.4,12865525.7,14581486.1,19068566,7757717.1,7562077.5,14905462.3,6553429.2,10685541,24046535.2,27740508.4,NA,13975209.7,15260809.9
"Frac1_PEP0098_2","SYN0046","GENE0046","(UniMod:4)PEPTIDE098K",1006642.8,NA,1957447.1,NA,1615542,1561173.1,895732.4,1508144.3,1435322.2,1451119,1840844.1,NA,1532056.7,1918162.3,767703.6,163834.8,NA,165172.7,167176.4,118176.5,283150.5,172512,178322.5,137907.3,268101.8,163848.8,161927.7,195016.7,86496.8,161992
"Frac1_PEP0099_2","SYN0125","GENE0125","(UniMod:4)PEPTIDE099K",70612.5,74980.4,79805.8,63106,49739.4,101114.5,69476.3,94155.4,94352.5,66995.4,60689.5,68730.7,87392.8,52746,98031.7,50067.3,45639.2,52300.7,49463.7,50705.2,28800.5,37487.1,61980.9,61238,87235.5,62359.4,49776.7,42422.3,40498.6,39303.3
"Frac1_PEP0100_2","SYN0050","GENE0050","(UniMod:4)PEPTIDE100K",78468173.9,114127610,52481326.4,78606184.3,77891718.2,96832014.8,115005941.6,98806988.1,94898449,83842705.7,117325806.1,77275587.5,55384834.2,81556294.7,188779528.5,32754688.6,38232061.7,39949444.5,36853109.4,28059682.2,62177037.9,49297808.6,40195295,41227889.5,25376044.7,39424432.2,28224221.3,39448474.1,50993247.4,NA
"Frac1_PEP0101_2","SYN0079","GENE0079","(UniMod:4)PEPTIDE101K",1057010.1,937564.8,1030686.7,976452,661713.5,462588.1,410667.6,688746.1,635747.2,495359.6,631552.6,723135.6,451168.9,477210.4,420289,1588137.8,2151402.7,2291666.5,2932970.6,3312172.3,1871672.8,2391261.2,2135968.9,1717686.1,2592076.9,1897364.1,NA,2046419.3,2984797.4,2756999.9
"Frac1_PEP0102_2","SYN0104","GENE0104","(UniMod:4)PEPTIDE102K",NA,1520229.4,2141996,1539909.8,1280397.7,1960365.4,NA,NA,NA,2200246.7,2137751.6,NA,2351852.9,1253619.7,NA,NA,NA,NA,NA,2170292.8,NA,2539448.6,2035638.1,2344355.7,1921294.6,NA,2529181,2444947.5,NA,3041304.6
"Frac1_PEP0103_2","SYN0003","GENE0003","(UniMod:4)PEPTIDE103K",200349.1,453310.7,241666.1,258234.3,194200,248249.7,190123,175510.1,NA,263246.5,193244,140437.9,212371.7,176130.9,138343.1,NA,215266.9,NA,116892.5,218167.2,113668,177000,213666.1,172625.3,161113.6,191550.8,NA,169692.2,NA,183372.5
"Frac1_PEP0104_2","SYN0008","GENE0008","(UniMod:4)PEPTIDE104K",231883.5,373716.5,358774.4,158837.5,384699.5,NA,NA,NA,NA,316347.8,182910.7,311640,258364.9,286364.7,329873.1,NA,176724.6,NA,NA,128463.4,118341.1,142032.5,175794.5,155575.3,103167.7,NA,NA,NA,154429.9,142253.4
"Frac1_PEP0105_2","SYN0002","GENE0002","(UniMod:4)PEPTIDE105K",190131.9,NA,192597.1,NA,520651.3,292659,439572.3,307227.2,NA,243521.3,231641,402018.5,NA,245540.5,242548.7,400909.3,492274.7,594300.1,859138.7,662671.2,734912.2,785173.7,651044.7,760718.5,599613.3,530351.8,716233.1,NA,567695.5,673766.3
"Frac1_PEP0106_2","SYN0115","GENE0115","(UniMod:4)PEPTIDE106K",780403.4,926136.6,907049.7,914962.2,NA,1262506.3,592161.6,824110,746174.6,745588.5,NA,789088.7,673066.4,NA,874100.1,890620.4,1011008.3,NA,NA,1195364.8,734136.2,890972.2,961749.7,1169266.3,1226416.1,NA,1057428.7,1071477,1307927.2,NA
"Frac1_PEP0107_2","SYN0064","GENE0064","(UniMod:4)PEPTIDE107K",1360321.1,2543557.9,1275892.5,1786468.8,1780301,1961312.1,1895409.3,3329777.5,2756000.3,2855781.7,1897336.6,2316436.6,1767979.1,2641480.2,2126224.4,1060192.8,931531.1,917328.4,1102394.5,810969.7,785787.2,765723.5,505196.8,1016102.6,631720.2,739834.7,665029.9,665042,721626.5,1171475.4
"Frac1_PEP0108_2","SYN0125","GENE0125","(UniMod:4)PEPTIDE108K",1187516,1849364,1033784.2,1763935.7,1811260.1,1182289.8,2163045.7,2249802.8,1586459.3,1083496.3,2211329.2,1713191.9,NA,2306517.5,1255242.8,6491688.5,4738768.2,7329276.8,8896914.2,9743373.1,6301324.5,8306369,4750158.6,4759010.7,6242673.5,3626008.8,6252973,5318191.2,4279019.6,5838866.7
"Frac1_PEP0109_2","SYN0040","GENE0040","(UniMod:4)PEPTIDE109K",599802.6,503692,492322.2,677470.9,404695.7,NA,507286.7,477846.3,NA,NA,615847.7,433052.8,518130.5,959748.8,642851.9,NA,NA,NA,577931.5,540875.9,641221.4,NA,1216920.6,802594.2,961868.3,NA,NA,856951.2,NA,1260443.6
"Frac1_PEP0110_2","SYN0057","GENE0057","(UniMod:4)PEPTIDE110K",63818.8,124122.3,81845.7,90892.5,96187.7,151896.7,94840.1,103850.2,119616.9,89233.5,69519.1,75170.8,70679.4,106425.2,92943.4,62555.2,137838.4,68089.3,94690.6,118520.7,72435.5,60243.9,57777.4,62505.4,79567.9,97555.5,98373.3,84616.6,76708.9,58066.6
"Frac1_PEP0111_2","SYN0071","GENE0071","(UniMod:4)PEPTIDE111K",940118.1,656892.2,837585,700094.3,656953.3,626912.3,397502.9,497865.1,721704.1,391546.2,578643.4,1169539.4,576593,957887.3,618225.2,425808.1,495364.3,445559.9,612475.3,495061,496783.4,529082.8,695553.4,428214.5,635698.3,292343.2,669200.6,506785.9,507717.9,630615.3
"Frac1_PEP0112_2","SYN0014","GENE0014","(UniMod:4)PEPTIDE112K",51185.5,34799.3,40699.3,30235.7,32875.4,49616,39687.2,55145.3,46920.7,72345.3,36343.4,42333.3,32427.3,45303.7,29743.6,69943.6,71553.9,60955.8,95160.9,67859.4,43259.8,45759.9,33797.6,35314.2,32247.3,62312.4,85479.8,58911.6,47834.9,48752.7
"Frac1_PEP0113_2","SYN0096","GENE0096","(UniMod:4)PEPTIDE113K",2598018.2,2744768.7,2838157.9,1636096.9,2593229,297083.8,232655,412079.5,256866,146854,3440665.1,3411135,2855808.9,3382859.5,2307215.3,395033.3,411704.1,378249.7,255361.7,302891.5,5716887.3,4872230,3191166.3,4054562.4,6487784.1,310577.6,519061.6,450319.4,403836.8,256961.6
"Frac1_PEP0114_2","SYN0010","GENE0010","(UniMod:4)PEPTIDE114K",203385.6,NA,184625.6,250925.3,196368,249456.1,139926.3,270111.5,217893.5,186542,186636.7,185961.2,201279.2,154330.1,215341.5,347400.3,436272.3,312571.9,345828.6,359679.8,431050.1,271588.8,303686.9,412912.8,419629.9,307743.7,514104.6,717356.8,298291.6,421017.3
"Frac1_PEP0115_2","SYN0110","GENE0110","(UniMod:4)PEPTIDE115K",1858108.8,1793143.8,NA,NA,3093026.4,NA,1690010,1544576.5,NA,1506779,2373629,1491907.6,1407844,1923269,1518758.4,NA,2339647.6,1731749.1,NA,1999234.2,2401596.1,2830585.4,NA,2356994.8,NA,1947920,NA,1359810.6,2645473.7,1461348.6
"Frac1_PEP0116_2","SYN0089","GENE0089","(UniMod:4)PEPTIDE116K",NA,2574946.1,2647876.7,1982457.1,1604236.6,NA,NA,2061672.6,1516692.9,1902602.7,NA,NA,1487096.9,2530203.2,2387146.3,NA,2914763,2483960.4,2526356.6,4985206.8,3019327.6,3653001.5,NA,2367487,NA,2166197.3,2169849.1,3398934.4,2707345.1,3241977.9
"Frac1_PEP0117_2","SYN0097","GENE0097","(UniMod:4)PEPTIDE117K",319181.5,418468.6,350504.9,499990,318935.2,246286.8,244024.7,257000.3,262189.1,322673.7,234402.6,395438,332191.9,355532.5,307508.1,219991.4,175703.3,263003.6,118657.2,208648.1,190983.1,142848.6,175234.8,178799.4,104140.8,198889.5,123522.8,272183.4,178631,193776.7
"Frac1_PEP0118_2","SYN0063","GENE0063","(UniMod:4)PEPTIDE118K",1290504.2,1268851.8,1036786.3,1388194.9,1120487.4,1296483,1306592.1,1174674.4,1076321.7,1050354.2,1245912.2,1354056.5,1454925.4,1267810.6,896376.8,1295655.4,2651070.7,1625909.7,1312810.6,1231765.5,1537386.9,2163514.4,1933911.6,2596013.1,2330413.4,1842779.3,3046158.2,1575092.7,1746592.6,1920610.2
"Frac1_PEP0119_2","SYN0006","GENE0006","(UniMod:4)PEPTIDE119K",2688656.1,2770429.8,2494625.1,2553098.1,2322022.6,8836443.2,6765870.9,6388860,6491626.9,7608838.5,1871854.5,2123058.4,2505434.1,3130257.9,2862529.3,5390743.8,9725996.4,9526373,6958576.7,7355931.3,2679250.8,2202712.6,2365906.5,1781399.7,2766148.1,5458399.6,8578015,6454250.6,6926834.3,7896328.6
"Frac1_PEP0120_2","SYN0003","GENE0003","(UniMod:4)PEPTIDE120K",899544.2,769595.6,878152.1,1024702.9,689146.7,620963,627840.9,530705.3,NA,726895.8,595192.8,777310.2,631459.7,706915.3,580628.2,611407.9,646956.6,680891.7,831948.5,647201.8,648030.3,420732.5,725762.7,NA,697533.4,885709.8,891774.3,632186.3,624787.6,598241.9
"Frac1_PEP0121_2","SYN0112","GENE0112","(UniMod:4)PEPTIDE121K",913167.8,1169907.1,1372936.8,1048676.2,954229.5,935296.1,652340.2,1024750,1356475.9,1169483.3,900582.1,935843.3,1093251.6,1753308,967308.3,1305186.5,2177194.4,1387951.6,2337602.4,1492136.7,NA,1921760.6,2722907.3,2513152.9,1744921,3642533.2,1952288,1248918.7,2092816.2,2263756.1
"Frac1_PEP0122_2","SYN0102","GENE0102","(UniMod:4)PEPTIDE122K",12255317.5,NA,8210316.8,14140279.2,13563026.7,NA,NA,NA,10299329.5,NA,9867350.9,6824251.4,9592095.3,10532850.4,10475898.9,NA,19405863.5,17609829.5,NA,23208227,27989955.4,20258728.8,22718572.2,21474903.1,36548812.8,27594032.5,NA,NA,NA,NA
"Frac1_PEP0123_2","SYN0044","GENE0044","(UniMod:4)PEPTIDE123K",1299179.4,1714236.4,1140582,1094500,1070681.1,NA,NA,NA,1235745.2,NA,1427798,1297052.4,1365800.1,1022312.7,1158669.1,NA,1762414.4,NA,1895025.3,NA,2419959.4,2290525.2,2131419,2031184.7,2091739,NA,NA,NA,NA,NA
"Frac1_PEP0124_2","SYN0108","GENE0108","(UniMod:4)PEPTIDE124K",165572.1,169707,214287.8,200488.2,195442.2,NA,NA,105666,NA,171136.5,187887,196520.2,226378.2,160181.3,152928.1,NA,NA,NA,NA,284019.1,347186.5,243746.9,326433.4,305220.5,402167.5,253729.1,340728.2,NA,NA,301950.6
"Frac1_PEP0125_2","SYN0118","GENE0118","(UniMod:4)PEPTIDE125K",3099694.2,2709785.1,3549248.1,2099949.2,3709672,2344295.4,3409727.8,3433199.4,2613663.4,3134280.7,3903495,2961819.6,3198537.4,3276504.5,2688041.8,1909689.9,2020045.7,1556726.4,1579408.7,1751165.2,2359573.8,1917838.6,3362557.4,1815353.7,2525042,1453552.6,1574342.4,2271014.4,2887516,2991135.3
"Frac1_PEP0126_2","SYN0026","GENE0026","(UniMod:4)PEPTIDE126K",486925.3,841556.6,561928.6,768256,640850.5,NA,NA,667637.5,NA,NA,964290.5,1030910.6,589906.8,728225.6,638876.9,NA,979198.3,NA,NA,849136.4,797650.6,684658.7,657276.1,624060.6,807005.6,NA,767328.3,NA,879124.1,NA
"Frac1_PEP0127_2","SYN0096","GENE0096","(UniMod:4)PEPTIDE127K",9631156.1,6792532.2,6321930.8,6800443.1,10104040.9,NA,NA,NA,9087585.1,NA,6833445.4,5640378.6,5341896.8,11181396.4,5744018.7,NA,NA,NA,NA,NA,4695960,10803499.5,5250126.4,7499873,4882618.3,NA,NA,NA,NA,NA
"Frac1_PEP0128_2","SYN0131","GENE0131","(UniMod:4)PEPTIDE128K",37234.9,35119.5,68790.1,26909.8,34624.1,39940.9,25746.9,59964.4,78987.8,30130.3,55508.4,38159.8,36821.4,36433,47909.1,24792.6,27027.7,33032.3,43989.7,37520.9,33346.5,45153.2,32182.3,33733.5,38075.6,23750.3,34114.9,25390.3,34214.2,32792.7
"Frac1_PEP0129_2","SYN0083","GENE0083","(UniMod:4)PEPTIDE129K",1035006.8,972406.6,1020244.8,649533,1607025.9,1365464.5,796470,1302009.5,1115399.1,1355712.6,922887,1247407,1379400.1,1200563.6,951064.4,876386.9,889406.1,1338509.3,NA,491634,450865.8,1001506.9,747870.9,822974.6,1081645.7,922016.2,626340.5,807453.4,1325644,1131974.2
"Frac1_PEP0130_2","SYN0058","GENE0058","(UniMod:4)PEPTIDE130K",1311434.1,1773591.2,1728447.7,1874100,1673141.1,5102549.6,6464598.3,5969137.9,9689528.2,9229031.6,1560128.1,1164148.7,1597997.3,1550134.9,1292745,12002643.4,11448011.2,NA,7437502.8,15079688.7,3129343,2449193.1,3247491.2,2925189.8,2360629,16808708.1,13834199.2,18818353.6,12785372,14758336.2
"Frac1_PEP0131_2","SYN0118","GENE0118","(UniMod:4)PEPTIDE131K",6725095.1,3651851.1,4610215,5811060.3,8069086.2,NA,NA,3745315.3,NA,5812039.8,4611794.9,3268741.8,8087370.5,7215741.9,6661887.6,5351860.2,NA,4409952.7,NA,NA,8180446.2,8321344.4,7719861,6773159.1,9580143.6,4394852.8,7694262.2,NA,5870592.9,5315954.1
"Frac1_PEP0132_2","SYN0020","GENE0020","(UniMod:4)PEPTIDE132K",519403.1,626151.5,544720.1,444867.6,549562.5,621786.9,NA,NA,NA,NA,404900,617696.7,553788.2,457971.7,553240.8,NA,214507.7,103149.2,NA,131926.1,127267.6,82075.2,173251.5,145521.8,167056.3,163767.3,141571.2,NA,NA,NA
"Frac1_PEP0133_2","SYN0019","GENE0019","(UniMod:4)PEPTIDE133K",34732151.5,23486584.5,32830208.3,40511008.6,38718899.1,12415946.8,12299143.8,NA,NA,6619825.6,41982912.8,48061806.5,40628334.9,35633809.8,29070048.2,12691162.7,12670631,12362110.9,17920915.5,12294957.7,38328822.7,58621556.8,NA,59522804.1,52652208.9,10265361.2,16998391.4,NA,11376369.8,12439846
"Frac1_PEP0134_2","SYN0030","GENE0030","(UniMod:4)PEPTIDE134K",10834068.6,3739647.3,NA,NA,8225908.3,NA,NA,NA,6128914.6,NA,6540664.1,10460397.8,7446202.9,5902212.3,NA,8869980.5,NA,NA,NA,NA,13019684.9,10794795,8519186.7,9640990.5,10153009.5,8319181.3,NA,9474866.4,NA,NA
"Frac1_PEP0135_2","SYN0103","GENE0103","(UniMod:4)PEPTIDE135K",259607.8,206254.6,NA,162785.5,370140.9,207211.7,276078.4,158827.8,NA,175702.5,277403.9,174506.2,262963.8,210270.6,252492.4,948103.1,1035659.1,918915.7,481269.3,1133551.6,965477.7,931124.6,864520,911508.6,828404.4,1103406.7,882213.5,686337.9,855849.4,886116.4
"Frac1_PEP0136_2","SYN0128","GENE0128","(UniMod:4)PEPTIDE136K",44391.6,31808.6,34441.3,43884.4,24583,16912.3,25727.7,13658.4,13547.9,9226.3,41736.9,43866.6,38196.6,26620.6,24956.5,7751.1,6885.8,6550.2,10693.3,5911.3,14179.7,15108.9,11151.8,11085.7,13558.5,8918.7,6548.6,9193.8,11651.8,6885
"Frac1_PEP0137_2","SYN0053","GENE0053","(UniMod:4)PEPTIDE137K",1202502.6,1756587.7,2207288.7,2474817.2,1219364.9,NA,2956864.7,2318540.7,NA,1342620.1,1658383.2,NA,2297355.2,NA,NA,2744005.3,2762049.5,2720880.5,NA,3655776.7,2607713.6,NA,2993340.4,4508106.4,4710902.7,3131721.9,NA,NA,4036165.1,3206352.8
"Frac1_PEP0138_2","SYN0050","GENE0050","(UniMod:4)PEPTIDE138K",1343851.6,1704937.3,1125050,1069739.2,1824406.6,1794365.9,1066913.7,NA,NA,1770142.7,1353337.8,1600548.7,999645.3,NA,1610069.7,NA,NA,1248379.4,1461491.6,NA,2348911.5,1717385.3,2858372.3,1443881.6,1208192.7,1933534.8,NA,NA,NA,NA
"Frac1_PEP0139_2","SYN0130","GENE0130","(UniMod:4)PEPTIDE139K",5189145.7,4807840.9,4265438.4,3281180.8,5566254.7,NA,NA,NA,NA,NA,4472480.1,4847353.2,5056176.8,5405489.8,4556347.4,NA,NA,4994510.7,2743563.6,3970203.9,4689255.6,2050996.4,2147347.2,2446484.6,2810422,NA,NA,NA,2985654.6,NA
"Frac1_PEP0140_2","SYN0002","GENE0002","(UniMod:4)PEPTIDE140K",250804.5,115774.7,161278.2,147904,243943.7,159630.9,210936.9,193592.3,130778.9,203742.3,204549.6,247744.7,220636.8,123160.2,160177.4,201479.7,180505.5,174596.4,176772.8,NA,125877,178748.2,215111.4,124001.1,124855.9,141669.3,135477.6,242467.2,175548.2,189898.8
"Frac1_PEP0141_2","SYN0030","GENE0030","(UniMod:4)PEPTIDE141K",2594057.5,2938920.8,2388626.3,4621264.7,2528278.6,NA,3380684.5,3987345.1,NA,NA,2634209.4,2398104.1,2909963,NA,4115559.5,NA,2774844.4,NA,NA,NA,2780701.1,2784230.5,2966284.7,3672830.8,3969327.6,NA,NA,NA,NA,3482304.9
"Frac1_PEP0142_2","SYN0014","GENE0014","(UniMod:4)PEPTIDE142K",1222517,1589491.2,1116145.3,2624044.7,2481840.9,2928014.1,1639031.2,3785749,1837954.4,3150254.6,2230582.5,2506218.7,2350601.1,2243899.3,2026949,2478437.3,2147827.6,3137528.2,1779137.8,1797730.8,2679284.3,1646571.9,3199135,2640916.7,3740450.5,2805356.1,2432496.1,2524071.1,2064698.3,2319182.2
"Frac1_PEP0143_2","SYN0006","GENE0006","(UniMod:4)PEPTIDE143K",1493485.5,1748631.8,NA,1278011.9,1271528.7,NA,1997797.2,1366259.7,1947939.8,NA,1625632,1848197.6,2299627.3,NA,NA,4226424.8,4283268.2,3306810.5,5574282.3,3808349.8,4209069.2,3319744.9,2642602.3,3623929.3,3389978.3,3021876.7,3360179.3,4374003.4,NA,3421652.1
"Frac1_PEP0144_2","SYN0096","GENE0096","(UniMod:4)PEPTIDE144K",398957.1,353037.4,510896,553359.4,423881.1,402696.7,374276.5,387077.8,608906.7,395182.2,470063.2,593917.6,404448.5,457474.5,481984.2,491683.2,899693.9,1240530.3,556323.2,677911.6,658205.9,626477.5,646147.5,394668.4,738942.5,512994,766154.6,703535.8,670010.5,758323.7
"Frac1_PEP0145_2","SYN0123","GENE0123","(UniMod:4)PEPTIDE145K",2546714.5,2738942.1,3593682.1,3325693.5,2618164,1958724.5,4974643.8,2614084.8,3516946.5,2355168.3,3323345.5,3837933,3506130.2,3082140,4248274.8,5730819.2,5112471.7,4031642.7,4810605.5,5700229.5,5399160.1,4730573.8,5338618.9,4570911.9,4081761.6,4337747.3,4458815.4,4850495.6,6742184.4,4607225
"Frac1_PEP0146_2","SYN0094","GENE0094","(UniMod:4)PEPTIDE146K",14671361.2,9208681.4,NA,9468218.9,NA,11778419.6,8210732.8,NA,NA,NA,10280103.5,NA,10538317.4,NA,10567445.4,NA,NA,15259585.6,13589127.9,17888957.8,NA,8341826.4,5998922.5,8841339.8,11695316.9,16229596.7,NA,12911936.5,11320044.3,NA
"Frac1_PEP0147_2","SYN0003","GENE0003","(UniMod:4)PEPTIDE147K",NA,NA,NA,187828.6,287762.1,293015,244033.4,264313.7,151542.5,284513,255610.2,300039.7,207881.4,264314.6,198530.9,411031.6,NA,669608.1,395272.1,429215.2,NA,290179.8,328864,287468.8,513314.7,252947.3,449295.9,391927.1,NA,381153.5
"Frac1_PEP0148_2","SYN0051","GENE0051","(UniMod:4)PEPTIDE148K",1244465,1059384.1,1373538.6,1359158.9,1464023.8,1196546.3,1226489.6,NA,NA,1596589.6,1755830.7,1202314,983926,1977936.5,1187907.6,NA,2338810.6,1378247.2,NA,NA,2127986.7,3010469.6,2353309.7,1738365.9,2608569,NA,NA,NA,1808974.1,NA
"Frac1_PEP0149_2","SYN0032","GENE0032","(UniMod:4)PEPTIDE149K",519365.5,588240.7,474831.6,539153.5,520148.6,544563,637281.9,NA,682893.8,691741.8,421233.3,390253,666396.8,482506.8,468534.2,1299745.7,718962.1,1000723.5,1102262.6,861924.7,1215191.1,1293531,881413.4,978554.8,866864.2,776304.6,797503.4,812199.5,700699.8,760672.6
"Frac1_PEP0150_2","SYN0100","GENE0100","(UniMod:4)PEPTIDE150K",1819298.4,2328698.3,2725761.5,2906456.7,3413689.5,4604139.6,9386023.2,5698809.4,6421614.5,5911490.4,2721899.3,2042608.2,2787462.5,2698608.3,1865988.5,21018385,14718442.9,22104120.4,18504014.3,20370431.2,9540272.8,8010196.6,5219484.2,6130302.4,10411259.8,15113651.4,19543046.9,14634725.6,22219980.3,18492038.7
"Frac1_PEP0151_2","SYN0018","GENE0018","(UniMod:4)PEPTIDE151K",1226719,2363794.3,1765254.6,1695334.1,2144297.6,1107441.6,1943240.6,1422796.5,1288644.1,1429696.5,1226929.1,1401213.5,1913032,1284375.2,1406639.3,972777,752516.2,984326.3,945131,947764.8,1533797.3,1008864.9,1318758.5,811640.5,798611.3,1114777.3,1107921.6,1246662.5,1209154.3,1204139.5
"Frac1_PEP0152_2","SYN0060","GENE0060","(UniMod:4)PEPTIDE152K",12564890.9,21808885.5,NA,23464139,21034357.9,20844478.9,18376472,18388463.5,NA,28800557.7,19945084.6,20143220.8,26815485.9,14596230.8,22850253.4,62815075.6,50457381.7,44149639.1,50296675.4,52144329.2,44167457.9,52127832.3,73031524.9,62813471.9,82382991.4,49917160,63710988.9,34541433.8,70413907.2,40058120.9
"Frac1_PEP0153_2","SYN0120","GENE0120","(UniMod:4)PEPTIDE153K",351120,217366.9,235947.5,192428.5,289108.1,187752,258021.7,255444.1,218901.4,266222.9,265891.2,471398.7,417105.5,231401.7,236823.9,258525.9,368772.4,220259.5,281845.4,175732.3,375782.5,329315.1,272825.4,334918.4,194444.3,203501.5,201734.6,331550.7,165709.8,525020.5
"Frac1_PEP0154_2","SYN0110","GENE0110","(UniMod:4)PEPTIDE154K",1225541,1227551.9,2669842.5,1474654.5,1341930.9,1464882,1310535.1,1537829.4,1414719.4,1722553.8,1621669.4,1309381.1,1385774.4,1744758.3,1690554.7,602237.3,596244.9,535445.3,524354.8,663690.3,838559.1,762086.3,397617.4,545971.8,468038.9,608366.2,750601.2,639292.6,888242.7,897237.9
"Frac1_PEP0155_2","SYN0012","GENE0012","(UniMod:4)PEPTIDE155K",102804.8,104832.5,144408.4,69994.2,91310.2,82530.3,97203.8,142776.2,97349.9,104646.9,103196.6,118012,89229.1,95381.9,113808,129446.6,129259.4,103744.4,133134.8,130587.1,131081.2,129920.4,139100.1,103268,111637.9,139588.2,138986.5,115134.3,90339.2,154862.7
"Frac1_PEP0156_2","SYN0065","GENE0065","(UniMod:4)PEPTIDE156K",4719886.6,3640074.7,4665033.3,5028907.4,5382864.9,4629341.7,5553333.3,3983154.1,3796713.8,5469138.8,7541820.7,3372649.5,6098720.9,4456644.8,5496251.8,3914124.4,4032307.2,4332675.4,2306022.3,3020332,2590369.7,4648020.2,3720922.6,3591955.9,5646315.7,5204872.7,3627720.3,3299817.6,3825923.1,2288911.3
"Frac1_PEP0157_2","SYN0089","GENE0089","(UniMod:4)PEPTIDE157K",4820602.1,NA,5416908.4,6803537.2,2878744.3,4059961.3,3784971.3,5093588.3,4205200.9,3899228.6,3471564.5,3419157.9,4534838.7,3866122.2,4797410.1,2454779.3,NA,2244148.7,2634221.7,3062746.4,3514746,3457988.2,NA,3078500.8,NA,2114171,2183080.7,2353135.3,2525530.7,3138001.8
"Frac1_PEP0158_2","SYN0021","GENE0021","(UniMod:4)PEPTIDE158K",602424.6,772027.6,594233.4,686767.8,494553.4,739611.6,636865.1,424616.6,563794.9,693596.1,590854,509633.2,690499.8,800423.7,785263.1,462310.4,808900.8,974476,791167.1,699417.2,699892.9,808823,468387.4,521647.6,398548.5,697942.4,488261.8,613387.2,515597.5,814323.4
"Frac1_PEP0159_2","SYN0017","GENE0017","(UniMod:4)PEPTIDE159K",2364594.4,3268679.7,2457520.9,2290214.6,1926040.2,2042781.9,3726087,2692122,2287805.7,1768067.6,2237526.8,1854943.9,2606216.2,1957777.4,2428938.3,1856532.2,NA,1568434.9,2181638.5,2358448,3097627.9,1826156.2,2542840.5,2471727.1,2466385.4,1436927.5,1714908,1890550.5,2519094.6,3050043.1
"Frac1_PEP0160_2","SYN0131","GENE0131","(UniMod:4)PEPTIDE160K",11999422,13589833.9,17293024.4,NA,13693024,NA,NA,9201263.4,14087873.6,NA,15548322.5,12496008.6,11135366.1,10963085.3,16153678,NA,32887082.8,NA,19484888.5,NA,NA,27312709.4,15000193.2,23366094.4,25160045.5,NA,NA,28926628.3,NA,NA
"Frac1_PEP0161_2","SYN0067","GENE0067","(UniMod:4)PEPTIDE161K",4731841.6,2786547.9,3528695.7,4675325,4093365.4,2656977,3105435.7,2347828.5,3901057.7,2020523.3,2389640.9,2410454.9,3521729,3118863.5,4367031.7,4756835,3708447,4249671.4,5214556,4103202,6623362.4,6278728.7,8618931.8,5656444.1,5747358.8,5864682.6,6774390.9,5505746,5588891.5,4119292.8
"Frac1_PEP0162_2","SYN0090","GENE0090","(UniMod:4)PEPTIDE162K",265668.2,440634,NA,324964,335458.2,417425.6,NA,NA,291536.6,NA,371274.5,328039.5,433390.9,356799.9,481426.7,350664.8,515213.1,NA,NA,NA,492230.7,275349.2,NA,286599,311299,NA,NA,NA,405463,289296.7
"Frac1_PEP0163_2","SYN0001","GENE0001","(UniMod:4)PEPTIDE163K",2427960.2,1841538,2585645.5,1849245.2,1873641.4,4383726.2,NA,NA,4356466.8,2048950.9,1770494.3,1558404.6,2359861.5,2460424.6,1498105.3,1739690,NA,1625090.4,2124746,NA,932152.6,1049644.8,813862.6,1054187.9,1188636.5,NA,2097525.5,NA,NA,NA
"Frac1_PEP0164_2","SYN0075","GENE0075","(UniMod:4)PEPTIDE164K",576929.1,712170.3,508466.2,531779.9,513000.7,1001635,1837733.2,1302786.1,940396.4,679645.8,471797.6,504061.8,649661.3,574568,840294.9,NA,372755.1,485329.2,317180.8,417317.6,158572.3,153474.1,230932.6,136108.2,119574.5,420327.1,399917.3,405003.8,407751.3,527248.7
"Frac1_PEP0165_2","SYN0016","GENE0016","(UniMod:4)PEPTIDE165K",356409.2,352452.8,244501.3,245134.9,344646.9,504779.3,817818.9,645598.9,472334.8,938345.1,352826.4,317434.7,396746.4,207876.1,362619.7,1915661.2,NA,978758.6,1367634.2,1777412.8,827495.8,942470.4,1346342.2,970665.9,1442795.7,1217543.4,1279890.5,1524264.6,2153372.2,1289777.4
"Frac1_PEP0166_2","SYN0099","GENE0099","(UniMod:4)PEPTIDE166K",1284233.8,1095840.7,998601.5,871333.1,649565.1,NA,NA,NA,NA,791613.2,1219989.4,731028.4,1220471.5,734816.6,925141.9,NA,NA,80638.9,NA,58201.2,67808.6,NA,48551,77021.4,78125.3,NA,NA,NA,79235.2,69313.6
"Frac1_PEP0167_2","SYN0076","GENE0076","(UniMod:4)PEPTIDE167K",250121.9,191079.2,249663,166707.2,226789,752357.7,529787.8,NA,617431.7,740914.5,229750.7,140180.8,NA,134774.3,206816.3,672130.6,653528.8,687792.8,526875.6,585905.9,123988.2,198363.2,172072.6,191164.1,146730.6,593224.1,646895.5,616151.4,777216.4,703923.3
"Frac1_PEP0168_2","SYN0090","GENE0090","(UniMod:4)PEPTIDE168K",3512613.4,3364817.1,2617648.6,3075470.6,3141360.8,3136558.8,2780922.3,2688844.5,3092146.3,2822822.8,2305007.7,3704329,3786360.6,3385817.1,2822002.8,1508162.9,1807200.3,NA,1963483.8,1807955.5,1575188.5,1786231.1,1236372.2,1753383,1420095.1,2078201.8,NA,1996885,1393541.5,2360159.2
"Frac1_PEP0169_2","SYN0074","GENE0074","(UniMod:4)PEPTIDE169K",1141648.1,NA,1377550.1,1460384.2,1211559.6,NA,6504757.3,NA,NA,8053861.3,2880587.8,1842247.8,1756355,1398283.5,1037138.9,NA,NA,NA,14685479.4,16914648.1,2658798.8,2511372.2,3008362,NA,3503889.1,NA,NA,NA,NA,NA
"Frac1_PEP0170_2","SYN0021","GENE0021","(UniMod:4)PEPTIDE170K",4473780.3,2781151.1,2805673.4,2577504.2,2212426.7,4888277.2,NA,4209919.3,NA,NA,4161395.8,2604249,4295826.5,2852258.9,3656729.3,4880335.8,NA,NA,NA,4613065.6,4007189,4972104,4082185.6,4086858.2,6111480.4,NA,NA,NA,NA,3241857.7
"Frac1_PEP0171_2","SYN0004","GENE0004","(UniMod:4)PEPTIDE171K",5202529.3,5481250,3809841.6,4791159.5,3941004.5,5322408.8,NA,4042365.4,NA,3048024.1,3496127,NA,4855587.9,3406077.3,3583341,2143509.5,NA,2947747.6,NA,NA,3361982,2887548.5,1612536.5,3209381.2,2270424.3,NA,NA,NA,NA,NA
"Frac1_PEP0172_2","SYN0026","GENE0026","(UniMod:4)PEPTIDE172K",3380373.9,2159821.3,2510241.4,2607809.4,2163138.1,2136408.4,2484040,2894607.9,2686994.5,2204484.7,3072612.5,3648039.1,3286045.7,2151661.7,3413947,1109688.1,1169396.4,1386609.3,1291866,1279764.1,762790.7,1156241,1832522.8,1997173.1,1532015.1,1223531.8,1015885.4,825445.4,1039513.9,1675166.8
"Frac1_PEP0173_2","SYN0051","GENE0051","(UniMod:4)PEPTIDE173K",2067884.7,NA,NA,1930088.6,2860181.8,NA,2050670.4,2912546.6,NA,2519373.8,NA,2606370.6,3175770.6,1921435.7,2998789,6654797.2,3764118.8,3706715.9,2581841.7,4165071.1,5080029.5,3747463.8,3972971.6,3266651.6,NA,4540055,4988260.5,NA,NA,NA
"Frac1_PEP0174_2","SYN0038","GENE0038","(UniMod:4)PEPTIDE174K",1883886.2,2559988.6,1929221.7,2317892,1441808.6,3396046.2,1850176.5,1637908.8,1803202.4,2070384.9,1813861.4,1571976.4,2833155.8,2049322.7,2924237.2,6074995.8,5464909.9,4766709.9,5343236,4148150.7,4619341.3,4153908.3,5133484,3767589.6,5315143,5014647.4,6083310.2,6519268.5,5304803,5316066.1
"Frac1_PEP0175_2","SYN0069","GENE0069","(UniMod:4)PEPTIDE175K",810127.7,1852059,1339626,NA,866506.4,NA,NA,965436.5,NA,NA,984626.6,1033809.2,1255961.6,1095191.6,568421.1,NA,NA,NA,NA,NA,1960651.4,2071275.6,1065921.4,1535283.3,923262.1,NA,NA,1580358.7,NA,NA
"Frac1_PEP0176_2","SYN0100","GENE0100","(UniMod:4)PEPTIDE176K",1070361.5,958822.5,1059984.4,1349115.4,965596.2,NA,NA,NA,NA,NA,1045610.6,950184.8,920507.3,1574268.8,1118629.7,NA,NA,366780.8,NA,NA,388773.5,629439.5,410725.5,788385.5,480995.9,319502.8,NA,NA,NA,NA
"Frac1_PEP0177_2","SYN0017","GENE0017","(UniMod:4)PEPTIDE177K",2207206.8,2335398.2,2010497.5,2116924.6,3408911.5,1623672.5,NA,NA,NA,2164138.9,2482232.7,2100103.2,1778446.4,1760416.5,2082048.9,NA,NA,NA,1082883.7,NA,610320.3,1230783.9,1261952.3,1157143.9,968352,NA,1443547.5,1078316.7,NA,1219760.7
"Frac1_PEP0178_2","SYN0118","GENE0118","(UniMod:4)PEPTIDE178K",338217.5,166739.7,224609,301514.4,296353.5,226698.4,NA,451848.2,276819,NA,499524.8,384094.7,525645.6,343951,438220.1,NA,NA,573429.6,NA,NA,277024.5,364520.2,354173.3,303183.7,389149.6,NA,NA,NA,508831.4,332490.1
"Frac1_PEP0179_2","SYN0007","GENE0007","(UniMod:4)PEPTIDE179K",1263845.4,1135986.1,1604252.3,854335.8,675986.3,1429574.5,850245.1,1069189.1,1535753.6,1117355.6,917381.5,892457.5,1246229.9,1363691.7,1010347.7,903065.5,545339.9,863908.8,1108727.9,747209.1,972946.5,811539.8,530315.4,600355.1,740505.8,679290.9,471256.3,647467.3,602164.9,NA
"Frac1_PEP0180_2","SYN0125","GENE0125","(UniMod:4)PEPTIDE180K",3865926.5,3013814.7,3289646,2168642.8,5451626.4,3657811.8,3898203.4,4575176.1,3633576.8,5324783.2,3653545.1,3445822.6,2571706.9,3159350.8,3480589.9,2569630.8,1534590.2,1847842.4,1747476.9,2927588.7,NA,2384340.8,1922259.1,2445161,1790025,2326128.7,1244438.1,1259445.5,1700392.3,1947680.3
"Frac1_PEP0181_2","SYN0065","GENE0065","(UniMod:4)PEPTIDE181K",4901828.4,4407494.9,4034177.3,4490277.7,6593935.4,3077759.2,NA,NA,NA,NA,4169175.7,6826131.5,NA,5885886.9,7876284,NA,NA,4859566.8,6619344.2,NA,5136365,3294213.8,3633346.4,7429124.2,6309045.6,NA,7713121.4,NA,NA,NA
"Frac1_PEP0182_2","SYN0118","GENE0118","(UniMod:4)PEPTIDE182K",2213620.2,1784488.6,2383991.5,1893342.1,1637188.2,1674563.1,2504427.6,2772219.6,3517794,2422490.5,1696174.6,2622369.8,3149263.4,1953321.2,1847189.3,1932366.5,1017416.5,1632850.2,2746781,2628848.2,1243647,1139221,1653990.9,1347822.1,1998048.7,2231755.3,1607853.6,2060759.4,1695976.4,1651652.5
"Frac1_PEP0183_2","SYN0026","GENE0026","(UniMod:4)PEPTIDE183K",18604657.3,21376866.8,22711760.6,15135777.2,NA,15965020.9,19117598.2,21641749.9,35684236.9,29518649.2,NA,18547121.9,17425533.8,27266182.3,19229447,29044919.9,18631065.7,25864105.5,NA,10185829.3,20281977.7,31518247.5,31912574,16364453.2,28244032.4,23010462.8,28727849.4,17903577.1,27463640.2,37843140.5
"Frac1_PEP0184_2","SYN0086","GENE0086","(UniMod:4)PEPTIDE184K",494529.5,357377.9,727813,395403.1,598431.9,603531.6,456505.1,563347.4,311603.2,NA,484786.1,293208.7,334764.2,511560.6,476083.3,NA,626941.2,919552.9,NA,NA,747955.6,547580.9,NA,NA,807749.8,NA,NA,NA,NA,NA
"Frac1_PEP0185_2","SYN0099","GENE0099","(UniMod:4)PEPTIDE185K",1231374.3,1390266,1095338.9,1033088.6,937165.4,1256310.5,1875512.5,934010,1148820.3,1210255,818005.7,666510.3,732337,750369.3,1121949.5,1571123.4,747041,1199438.9,1081834.4,889932.4,1139998.8,1274243.1,1486691.2,1109263.4,1662306.5,1160218.8,1807514.4,1834262.3,1789062.9,1265951.6
"Frac1_PEP0186_2","SYN0119","GENE0119","(UniMod:4)PEPTIDE186K",5455651.3,2693674.2,3789354.4,3025786.4,4336779.5,NA,5498248,NA,NA,NA,4703032.6,4367044.3,NA,2718079.5,4282695.9,NA,3168619.3,NA,3368275.1,NA,3769369.3,2007938.1,2522448.4,2249843,2648279.9,NA,2188756,2601999.4,NA,NA
"Frac1_PEP0187_2","SYN0066","GENE0066","(UniMod:4)PEPTIDE187K",203128.3,123323.5,213416.2,150424.9,242321.1,NA,NA,158302.6,NA,NA,132230.3,220903.9,186659.9,246355.9,321839.5,NA,NA,NA,NA,NA,115601.3,186167.5,169925.6,125612.2,138334,NA,142972.6,NA,NA,186108.2
"Frac1_PEP0188_2","SYN0087","GENE0087","(UniMod:4)PEPTIDE188K",68830141.7,65268361.3,73194370,56669350.7,120965111.7,70814918.2,70747669,56973756.6,56677842.9,78168389.5,63256268,85571316.2,39305137.5,80306635.4,83347709.6,26268166.3,18406896.2,19988737.3,27368409.7,34324966.5,24056540.6,24962913,27698009.4,27438770.4,25664881.8,28064485.1,42699626.5,27040128,18651036.3,42228028.2
"Frac1_PEP0189_2","SYN0026","GENE0026","(UniMod:4)PEPTIDE189K",2679584.1,2696851.5,2516770.8,2974816.5,2153888.3,1632932.2,3998318.2,2459882,3540054.9,2733134.8,1574091.7,2295370.2,1862294.8,2395401.9,1848656.7,4366598.1,4152400.5,6452311.2,3862337.3,4105983.4,4423007.3,4900616.7,3563337.6,5332778.7,4842358.8,5411724.2,7254182.4,4739003.5,2791245.8,6340327.8
"Frac1_PEP0190_2","SYN0099","GENE0099","(UniMod:4)PEPTIDE190K",424959.4,494395.2,624509.3,568088.7,395000.5,NA,NA,NA,130485.6,NA,599917.5,440334.1,499385.2,712108.9,556145,NA,NA,546407.7,NA,385794.4,1236867.3,899553.9,1061443.5,861786.2,729249,NA,NA,355702,NA,299450.8
"Frac1_PEP0191_2","SYN0049","GENE0049","(UniMod:4)PEPTIDE191K",1156995.1,1045374.6,712768.5,600503.9,1036159.3,776540.1,805145.4,1129800.8,818627.7,928918.1,915485.9,586710.6,1149347.9,579622.2,567617.4,841309.3,929754.4,1029835.1,848758,859996.9,919648.5,1052297.5,2138744,1215191.5,966332.5,1320798.7,1559481.5,1151756.6,1763192.5,1671193.8
"Frac1_PEP0192_2","SYN0133","GENE0133","(UniMod:4)PEPTIDE192K",9637222.1,6648310,10032686.9,8706828.4,9301763.8,3064745.8,11273440.7,5864354.4,5514203.8,8877988.7,8923255.5,15471974.3,8806299.7,12327701.1,8799564,8174589.1,8568592,7380039,8334155.9,9892862.5,11598275.6,12635452.2,16875912.6,13587798.3,11377706.7,7545028.1,8147213.1,6847584.3,7873351.5,7959033.9
"Frac1_PEP0193_2","SYN0091","GENE0091","(UniMod:4)PEPTIDE193K",1385913.9,2031725.9,NA,2264211.9,1401723.1,1767403.5,1424593.1,2616503.9,1978332.2,1577157.9,1601068.2,1822542.2,1891601.2,1311233.5,2241007.7,2799145.1,1512311.4,2008593.6,2410761.9,2538272.7,1709448.9,2818759.5,2178133.6,2097289.3,2362570.8,4374140.3,2611980.2,2602342.4,NA,2632595.7
"Frac1_PEP0194_2","SYN0014","GENE0014","(UniMod:4)PEPTIDE194K",397073.6,446375.3,338067.3,656820.6,437166.5,361832.9,562359,NA,435505.5,NA,536748.1,449846,547813.3,549530.8,444671,NA,NA,735858.4,358614.2,NA,389337.4,436620.9,441740.4,325195.8,560067.3,NA,NA,642157.4,NA,NA
"Frac1_PEP0195_2","SYN0060","GENE0060","(UniMod:4)PEPTIDE195K",340240.1,333655.7,326647.6,477018.9,395378.6,288723.3,263562.5,309563,227015.1,254891.4,368767.1,245709.3,236489.5,387441,399629.3,278947.2,353625.3,346330.9,352725.8,335453.9,323152.2,279093.1,393036.4,327817.4,NA,343685.4,237474.3,254825.5,354517.9,272301.4
"Frac1_PEP0196_2","SYN0039","GENE0039","(UniMod:4)PEPTIDE196K",3274709.6,3592605,3725543.5,3218787.3,4256715.1,5646940.2,2814061,NA,4280518.4,3003156.1,3877338.1,4289248.1,3873477.3,4276991.9,3453145.7,3150981.9,NA,2570963.3,NA,NA,1831166.2,NA,2192082.7,2422865,2469326.1,NA,NA,2127569.4,NA,NA
"Frac1_PEP0197_2","SYN0070","GENE0070","(UniMod:4)PEPTIDE197K",842684.8,930175.3,604871.3,675941.5,897819.9,583720.5,796682.7,853208.7,800198.1,983821.7,987876.4,906184.6,953756.8,1242884.7,828086.4,1104585.2,926351.2,841082.7,1449471.3,NA,1764720.5,1440430.3,2313874.5,NA,1453318.7,1089383.1,821390.2,1026853.2,1733581.4,1075021.7
"Frac1_PEP0198_2","SYN0043","GENE0043","(UniMod:4)PEPTIDE198K",817448.9,NA,1164749.4,598103.6,1021396.8,NA,986089.9,1134692.1,744665.7,915114.8,NA,662102.3,787984.4,NA,NA,464665,313087.7,444455.6,623805.9,385909.5,405876.8,637183.5,NA,407918.6,419532.7,NA,433257.8,NA,584246.9,NA
"Frac1_PEP0199_2","SYN0037","GENE0037","(UniMod:4)PEPTIDE199K",575038,661589.2,702237.8,655555.1,503967.3,577934.8,703922.8,625354.2,471626.2,510068.1,850823.9,644002.3,487031.2,834428.7,530610.4,1044309.4,998168.7,1505268.8,905367.2,766231.1,926858.6,966804.5,896066.1,1125276.5,1242717.6,1337225.1,871797.7,901408.9,920097.4,1048288.8
"Frac1_PEP0200_2","SYN0095","GENE0095","(UniMod:4)PEPTIDE200K",592387.4,824691.8,717542.3,681955.5,700230,768204.8,793946,985666.3,927988.4,984350,783486.5,606742.9,959607.5,1002216.5,801127.9,2079319.5,1432267.6,1512549.8,1863264.6,2064248.5,2355488,1957873.8,1327143.7,1137231.9,1672667.8,1946690.4,1274406.5,2000093.8,1358669,2048343.4
"Frac1_PEP0201_2","SYN0057","GENE0057","(UniMod:4)PEPTIDE201K",995713.1,774255.6,811602.7,678338.6,1253783.2,745844.7,866264.7,628175.8,734469.8,1347737.9,755645,997954.5,1262835.2,1243804,999179.2,2178554.5,2708115.7,2380587.9,2319729.2,1864202.7,2975815.4,4277597.9,3795749.5,3428821.8,3107204.9,2674733.8,2012866.6,2374054.4,NA,1674040.5
"Frac1_PEP0202_2","SYN0060","GENE0060","(UniMod:4)PEPTIDE202K",78954,89251,178699.3,170036.4,126862.8,182446.9,93052.1,104173.9,138030.2,103581.6,96213.5,121783.3,140756.5,124833.8,159929.7,51110.5,66435.8,NA,79967.5,81887,66857.2,56182.1,72935,104716.3,66666,74262.8,78158.5,43326.2,57676.4,46041.3
"Frac1_PEP0203_2","SYN0069","GENE0069","(UniMod:4)PEPTIDE203K",645570.2,745247.5,NA,422545.5,NA,NA,247992.5,230399.5,NA,NA,553135.5,NA,NA,740462.2,648771.4,54661.7,64031.8,48921.9,60511.1,57217.8,180416.8,NA,NA,159062.6,145354.2,NA,47617.6,65661.7,83263.8,76568.8
"Frac1_PEP0204_2","SYN0022","GENE0022","(UniMod:4)PEPTIDE204K",20344172.8,26473781.8,16483717.8,15884019.4,19563248.5,18697920.8,18245978,NA,19526270.3,21534669.3,15383580.1,11844099.3,11825753.5,29085799.3,26253857.3,23523023,35598337.7,26292068.1,53733413.1,57301759.3,41039644.7,27601274.9,48869790,33855825.7,31894306.3,33362520,24649093.3,27137826.2,41344094.3,23413258.5
"Frac1_PEP0205_2","SYN0027","GENE0027","(UniMod:4)PEPTIDE205K",7226804.4,7141374.2,7786836.1,7956465,6391147.8,5546209.4,NA,5005211.7,10015327,9768225.5,NA,8307877,6449067.7,6685042.9,6480463.2,10312829.1,9425794.6,9283168,9586195,8926493,11245081.1,13960507,10574929.1,10168523.4,8826582.7,7872518.1,11065595,13946321.5,12874308.1,13355220.7
"Frac1_PEP0206_2","SYN0047","GENE0047","(UniMod:4)PEPTIDE206K",320815.4,384274.8,362773.6,240897.9,559518.4,381784.6,269717.2,NA,327456.1,495127.9,NA,NA,400020.3,605778.7,238974.4,398312.6,481133.5,NA,NA,453747.2,889901.5,475943.5,NA,NA,401435.4,NA,333997.2,482939.8,NA,389372.3
"Frac1_PEP0207_2","SYN0133","GENE0133","(UniMod:4)PEPTIDE207K",758743,639470,663258.8,731933.4,708689.3,812581.4,860457.3,NA,NA,1003372.6,762849.9,795796.4,1096183.3,770263.2,630933.1,NA,NA,372505.8,422293.5,NA,414499.5,328521.5,400190.4,355174.7,306027.6,NA,NA,NA,606846.7,NA
"Frac1_PEP0208_2","SYN0124","GENE0124","(UniMod:4)PEPTIDE208K",NA,751235.9,990143.7,950726.1,686418.5,NA,NA,NA,NA,153279.3,662415,741865.5,676275.5,652444.5,639417.4,171144,127712.9,NA,NA,NA,440533.8,397811.5,456762.7,283711.6,NA,82076.9,NA,NA,NA,NA
"Frac1_PEP0209_2","SYN0032","GENE0032","(UniMod:4)PEPTIDE209K",60641.4,23938.3,46359.1,34868.8,40605.1,55140,36837.5,62539.1,28273.6,30949.8,29141.9,27169.5,43371.8,33757.9,29590,35246.3,39289.3,35557,57548.7,37661.5,49936.1,36889.1,36258.6,40222.3,31417.4,37129.8,NA,34780.8,38432.9,24212.3
"Frac1_PEP0210_2","SYN0074","GENE0074","(UniMod:4)PEPTIDE210K",156931.4,225902,180720.8,248670.2,197219.8,263017.9,162877.5,206980.9,164298.2,233694.1,NA,232045.7,246652.8,154043.3,272762.9,1408484,1570518.3,1225498.2,1008781.7,1452585,1267749.3,1362900.3,NA,1397115,1389872.6,1198779.1,1084319.7,1587826,1142149.6,1576259.2
"Frac1_PEP0211_2","SYN0054","GENE0054","(UniMod:4)PEPTIDE211K",6794423.3,7827715.8,4892393.2,5169067.6,5247585.9,5773310.1,10114766,3819574.3,3550060.4,5814000.7,10407545,6237931.3,4974462.3,5018413.7,5523259.2,6492355,5881086.8,4745898.8,5772732.5,5531349.8,5734414.3,9680987.9,5126535.7,5085658,3973351.1,4276612.8,4332982.5,8410404.6,6474501.6,4554528
"Frac1_PEP0212_2","SYN0027","GENE0027","(UniMod:4)PEPTIDE212K",492852.9,573285.5,564494.2,667937.7,1000278.7,449236.6,837574.1,447749.9,638121,679866.3,471727.8,863650.7,609757.5,1072142.4,501353.1,400326.2,457696.9,384038.2,643202.5,333931.3,385856.6,465645.1,755401.3,372607.8,455613.7,341771.4,401441,415535.7,355774.5,396692.1
"Frac1_PEP0213_2","SYN0049","GENE0049","(UniMod:4)PEPTIDE213K",67007.9,180954.4,120235.6,179332.6,185413.3,108706.4,75057.7,112135.8,102605,82642.3,110849.1,91089.3,99757.5,86421,127254.5,242913.9,251397.9,249600.6,149041.9,158234.4,316422.2,244380.2,341141.6,268016.9,273175.4,222886.7,190566.8,176913.7,228359.6,228453.1
"Frac1_PEP0214_2","SYN0023","GENE0023","(UniMod:4)PEPTIDE214K",NA,7532127.5,7030369.2,NA,8648086.6,7497094.1,5879918.3,7734022.8,NA,6923166.6,6603382.4,6886324.6,NA,5666164.5,8442506.5,3114324.3,NA,4072911.4,4721212.4,NA,4292110.4,4997523.2,7182848.3,5328923.3,4697554,NA,8376964.7,5955933.6,NA,NA
"Frac1_PEP0215_2","SYN0086","GENE0086","(UniMod:4)PEPTIDE215K",250081.8,383444,206232.5,289414.2,263172.8,265006.3,173660.3,227639.8,184457.9,128360.7,229803,195487.3,295223.2,184038.9,207858.8,162242,84573.2,169449.2,101459.5,NA,112873.2,181207.6,152486.9,199876.3,191369.2,130289.7,74520.5,188383.3,120443.7,146465.9
"Frac1_PEP0216_2","SYN0035","GENE0035","(UniMod:4)PEPTIDE216K",272952.4,127400.7,219920.1,197120.9,378149.9,276717.9,193555.3,207981.7,NA,209058.9,314311.2,178863.7,289928.4,293188.9,214062.5,NA,232186.1,199517.7,211426,235206.1,198258.4,201727.9,327365.5,NA,NA,207015.8,331257.6,NA,189836.9,146309.9
"Frac1_PEP0217_2","SYN0066","GENE0066","(UniMod:4)PEPTIDE217K",6375669.4,6602697,4692136.1,4925248.6,7762693.6,6500208.6,8979280.5,5163223.8,5150338.6,5215442.7,7364556.1,6578376.5,6519602.8,7127293.1,4700036.7,9492209.6,3940553,3395982.6,4321280,3583684,5364682.6,7072641.9,4792576.1,3795823.2,4740206.9,3881541.9,5693632.5,3686030.3,3602428.6,5322694.8
"Frac1_PEP0218_2","SYN0134","GENE0134","(UniMod:4)PEPTIDE218K",8625481.9,19798285.7,7415343,6049156.4,10759418.5,9063748.4,6732092.7,13283067.4,11120985.4,11728238,11080328.8,10027566.7,7052440.5,12820805,11429143.4,NA,16547398.9,16096557.1,19772920,18359242,17243936.1,21480329.3,NA,13415825.8,14972048.5,16887668.7,22289119.5,10386773.1,18300148.5,19263477
"Frac1_PEP0219_2","SYN0112","GENE0112","(UniMod:4)PEPTIDE219K",1035661.4,862313.4,810501.8,1018374.1,1132266.6,1068541.4,NA,997800.5,621935.5,NA,1139679.5,765811.1,1054856.8,696527.1,1241054,NA,NA,3013950.8,NA,NA,1848162.3,1630090,2842815.9,1296892.1,3581745.8,2511354.9,2297729.7,NA,NA,NA
"Frac1_PEP0220_2","SYN0097","GENE0097","(UniMod:4)PEPTIDE220K",679858.4,403690,539635.5,668933.2,520096.6,549274.9,832685.9,789411.1,988697.6,506423,581798.5,NA,743550.6,472212.6,866396.8,NA,1676420.3,1641104,1417638.8,1299242.2,948422.3,NA,1289322.3,1365167.8,NA,1561822.8,1772716.1,1507275.9,2160080.6,1769999
"Frac1_PEP0221_2","SYN0100","GENE0100","(UniMod:4)PEPTIDE221K",615467.3,844186.5,595197.8,611484.6,596367.1,725098.1,627965.2,574181.7,710087.6,653294.5,648047.5,425067.3,593077.3,536329.6,399329.3,1050276.9,1718843.7,591731.3,1298409.8,1138678.8,1108783.4,970326.6,NA,1121393,1307778.3,874594.2,701653.3,1269006.9,1055313.3,829541
"Frac1_PEP0222_2","SYN0088","GENE0088","(UniMod:4)PEPTIDE222K",5358640,5340712.2,9189964.2,10034082.9,9842598.4,5775525.2,6355335.5,7670285.6,6722646,7305164.3,6840386.4,4659666.2,8223500.5,9790447,6260807.5,6622718.1,3726814.8,8998150.8,6970206.2,5676908.4,6471153.6,9566006.1,7614903.1,7238488.2,7709050,8485190.1,3870278.5,7793485.1,7750891.5,10552239.6
"Frac1_PEP0223_2","SYN0096","GENE0096","(UniMod:4)PEPTIDE223K",452370.9,723849.8,748676.5,825058.4,508772.8,644041.6,NA,NA,582991.8,NA,566833.9,513107.6,NA,699238.8,566336.7,NA,NA,NA,NA,NA,146296.4,207613.6,243733.3,149601.2,255069.9,331228.8,NA,195284.9,NA,NA
"Frac1_PEP0224_2","SYN0109","GENE0109","(UniMod:4)PEPTIDE224K",2808873.8,4943991.9,3152128.4,NA,5061026.6,6383778.6,3856844.5,8393284.4,4786314.7,4766032.3,NA,3349442.7,NA,NA,4332268.9,NA,NA,4141361.2,4440780.3,NA,6712902.4,NA,3757552.5,3274818,3827967,NA,4990616.6,5141265.2,3339284.9,NA
"Frac1_PEP0225_2","SYN0131","GENE0131","(UniMod:4)PEPTIDE225K",1373013.4,1024726.5,1881898.4,2007078.1,1007673.2,1386705.7,1376774.3,1010476.7,1116230.8,2043470.9,1427073.1,1221896.2,1305458.6,1376509.2,1523304.9,606218.7,956099,608412.4,534002,487891.3,NA,704360.5,421928.8,446464.7,970950,793926.1,631294.8,477394.6,564254.8,600787.8
"Frac1_PEP0226_2","SYN0056","GENE0056","(UniMod:4)PEPTIDE226K",807874.1,922300,645831.5,611964.6,584344.5,1247297.6,879333.8,890390.6,656239.7,546706.5,494581.4,1241470.8,677643,975288.7,1003519.7,502623.1,629287,598314.6,577167,436133,403362.3,411035.6,422185.1,NA,569443,520095.9,364608.7,563766.8,460581.6,446858.4
"Frac1_PEP0227_2","SYN0126","GENE0126","(UniMod:4)PEPTIDE227K",2026684.9,1927019.2,2571034.3,2311669.8,1887857.1,762798.9,729706.1,439202.2,839827.3,665875.3,NA,2531627.1,2011958.5,1790241.8,2974742.1,1964465.1,1570969.6,1357936.1,1115678.9,NA,3700444.6,3959103.2,4094101.8,4318355.5,3168501.1,1992874.4,1062901.3,1447633.4,2341283.4,1375258.6
"Frac1_PEP0228_2","SYN0002","GENE0002","(UniMod:4)PEPTIDE228K",153156.3,133803.5,93545.7,133265.7,181259.3,131406.1,147678.8,115768.5,119126,143021.6,119977.5,160538.6,134019,129923.1,123641.8,NA,141864.9,211516.2,241404.3,NA,128747.3,243263.9,136601.9,271915.5,175807.5,NA,170956.6,208241.9,249092.8,153850.1
"Frac1_PEP0229_2","SYN0090","GENE0090","(UniMod:4)PEPTIDE229K",331590.3,198424.7,226424,186744.9,199142.9,198708.2,227711.5,166606.6,176392.9,213894.1,256462.9,494166.1,150419.6,243561.5,222702.6,116939.7,88271.4,158336,216428,207886.8,187525.8,239798.6,NA,195415.9,143365,141026.2,211678.7,127781,122246.2,116253.3
"Frac1_PEP0230_2","SYN0036","GENE0036","(UniMod:4)PEPTIDE230K",470492.3,412414.4,583364.4,246329.2,600718.5,NA,753897.6,436359.5,508093,335494.4,530213,505795.5,352496.1,341604.9,370601.2,NA,264942.6,NA,NA,NA,327253.7,344740.8,366226.5,271098.4,328683.6,NA,NA,NA,492725.8,377376.2
"Frac1_PEP0231_2","SYN0134","GENE0134","(UniMod:4)PEPTIDE231K",6297877,6478429.6,5999232,7805987.4,9215537,6143135.2,4781566,5533311.4,6480711.5,3166765.1,7320994.3,5716558.9,5916583.7,4897281.4,4847207.5,8646205.5,7868573.3,10055386.6,8673012.2,10144529,9130715.2,NA,8873139.9,8951681.9,8895735.9,12411804,4938150.8,9190564.2,11298927.1,10150094
"Frac1_PEP0232_2","SYN0013","GENE0013","(UniMod:4)PEPTIDE232K",5289363.7,NA,3973725.8,3636977,8310317.2,NA,NA,NA,NA,NA,4449836.4,3380871.5,3030231.5,5293161.6,8282864.5,4774833.5,NA,NA,4690134.6,4967886.3,5763922.1,5748638.5,4183326.4,4961592.7,6342606.7,NA,NA,NA,7187805.3,5113236.1
"Frac1_PEP0233_2","SYN0008","GENE0008","(UniMod:4)PEPTIDE233K",NA,2365470.7,1566722.5,1909591.2,2084443.5,NA,2162710.6,1386794.8,1079397.1,2201302.6,3163723.5,NA,3501537.7,1469048.8,1548277.4,1642084.7,2307770.8,1376093.3,2402763.2,1234476.7,2497606.6,1185847.7,NA,1109846.7,NA,2001420.6,2425862.2,1619688.7,2320309.5,2270551.5
"Frac1_PEP0234_2","SYN0040","GENE0040","(UniMod:4)PEPTIDE234K",168169,199858.2,235581.2,275774.6,NA,182033.6,NA,NA,186981.2,NA,NA,201867.8,284596.5,161902.5,270524.1,487945.7,301817,355179.7,519297.9,464701.1,394759.4,718796.9,NA,401649.1,305514.3,539753.3,NA,457944.6,525697.1,373979.7
"Frac1_PEP0235_2","SYN0085","GENE0085","(UniMod:4)PEPTIDE235K",169240.6,211914.1,203435.5,199793.6,126443.7,135248.3,150625.1,NA,94177.4,112754.1,196996.1,132558.8,146546.6,122797.9,219833,148061.2,160069.6,131712.3,128316.8,142293.6,200009.6,129748,168314.4,168803.3,174301.3,136139.2,206125.6,232618.3,78301.5,147147.8
"Frac1_PEP0236_2","SYN0110","GENE0110","(UniMod:4)PEPTIDE236K",3898965.2,NA,2486318.2,3146351.6,4366170.4,NA,3096720.1,NA,NA,3674522.1,NA,NA,2907623.9,2493333.4,2835749.3,2024947.5,2587867,2089932,NA,NA,NA,2403283.3,1780797.7,2355573.1,2161083.3,1513580.3,1904360.8,NA,2359542.3,NA
"Frac1_PEP0237_2","SYN0100","GENE0100","(UniMod:4)PEPTIDE237K",5723145.3,3571959.3,3670402.5,4414895.7,2845928.9,3818427.2,4140112.8,5171417.2,5579171.6,4390376.8,4908268.8,4195809.6,3837618.9,4537303.1,4034390.5,4902994,4748732.8,6004630,3248800,7159843.1,3471373.7,5162572.1,5459972.4,3181042.5,5880571.4,6481078.8,8127120.4,1973814.3,3836072.2,4625235.4
"Frac1_PEP0238_2","SYN0075","GENE0075","(UniMod:4)PEPTIDE238K",4949585.4,4999995.2,5388859.4,5844020.8,6466241.6,6946949,5716462.5,11102827.6,10297114.2,7258357,5387168.5,6123668.1,7373439,9086136.6,11414859.7,2414873.1,2291564.3,1733068.8,1391627.8,1943759.7,3724941.8,2204663.3,1466024.7,2723513.9,1139788.2,1948652.1,2443702.6,1817357.6,2056552.4,2822366.3
"Frac1_PEP0239_2","SYN0133","GENE0133","(UniMod:4)PEPTIDE239K",NA,13473315.3,9405346.8,10160564.7,13806754.8,33793482.1,34584865.3,34937320.7,34215391.7,NA,14706266.9,8694477.1,13476994,NA,NA,27434702.2,NA,NA,25041603.6,NA,16425720.8,8510503.1,8164930.4,9780511.9,10911350.7,NA,NA,39529018.5,NA,37741560.9
"Frac1_PEP0240_2","SYN0033","GENE0033","(UniMod:4)PEPTIDE240K",7859296.3,6017352.2,8227054.4,NA,8380188.7,5208889.9,5440433.6,7045468.3,3979924.1,7101185.6,6202444.8,4751962.5,8686121.5,5550667.4,7513050.5,14942544.6,12824973.8,9880545.6,10404966.4,10321037.6,10335502.6,9060518.8,13779339.3,8653479.2,12648583.3,8343195,8591747.3,8415175.7,7017635.7,10227609
"Frac1_PEP0241_2","SYN0095","GENE0095","(UniMod:4)PEPTIDE241K",918580.3,1129212.7,886814.7,NA,1002651.4,NA,2002334.2,1772168,1634613.1,NA,1162266.4,1710628.3,NA,1218397.2,1826499.2,1729334.9,1220230,1469800.8,1130726.1,NA,769753.6,1478146.6,1105251.6,1366150,1626215.9,NA,NA,1073150.3,NA,1521321.2
"Frac1_PEP0242_2","SYN0121","GENE0121","(UniMod:4)PEPTIDE242K",58885.2,85685.7,71524.6,53547.8,57633.2,64368.1,59833.3,83333.4,56217,53868.3,65434.1,49906.6,99048.3,62146.2,49547.7,17083.3,36356.1,22998,24389.9,28519.3,23562,34220.9,17449.5,33457.1,43891.3,37544,36001.5,35246.8,31073.9,22016.3
"Frac1_PEP0243_2","SYN0070","GENE0070","(UniMod:4)PEPTIDE243K",455414.8,300371.4,642632.5,384336.1,NA,513741.6,552555.3,424002,507708.9,388952.6,458714.5,453082.8,422316.4,534114.7,484700.2,231115.4,236618.7,433348.9,371057.4,363131.2,387510.8,403577.4,506507.2,321910.4,404516.9,537199.8,533224.9,386076.5,446299.6,363064.6
"Frac1_PEP0244_2","SYN0117","GENE0117","(UniMod:4)PEPTIDE244K",295118.5,262055.7,320012.7,282603.6,147105.9,213610.2,471333.1,324633.6,390667.8,446166.5,350575.2,323280.8,175478.3,317445.9,212263.6,435987.4,360902.3,352598.1,321464.1,352029.5,300374.4,200882.8,133414.3,255455.5,198219,239082.8,370903.4,403192.2,252031,341994.1
"Frac1_PEP0245_2","SYN0069","GENE0069","(UniMod:4)PEPTIDE245K",4895849.6,5811142.3,5016523,4448073.8,4804353,NA,6219518.2,5354859.9,3465481.5,5789869.4,7184223.5,NA,8343476.3,NA,6949777.7,12276942.4,11226231.4,NA,11911671.5,9672129.7,10812899.9,NA,13334707.7,15685647.2,12436717.2,11416589.9,9705516.5,NA,11335314.9,16546902.8
"Frac1_PEP0246_2","SYN0068","GENE0068","(UniMod:4)PEPTIDE246K",2550953.9,NA,NA,2746782.5,1758652.3,3560626.3,NA,2272472.8,NA,NA,2974522.3,2966406.1,2424343.2,3406367.3,2154475.4,2897851.8,NA,NA,5054805.9,2789380.4,2373519.8,2646947.6,2680130.6,1771939.8,2481367.3,NA,2364237.6,2220836.6,NA,2203334.6
"Frac1_PEP0247_2","SYN0011","GENE0011","(UniMod:4)PEPTIDE247K",5126771.4,3826993.5,NA,4976836.7,4848347.5,NA,4022586.4,NA,5928833.4,9489368.2,NA,NA,3975642.5,4443553.6,3849130.5,11048238.7,9760430.7,9590425.1,11501087.6,11803475.1,6036110.9,8404052.4,8969561.5,NA,5399410.1,13009266.9,7120016.7,7594674.2,10736817.6,10371625.5
"Frac1_PEP0248_2","SYN0095","GENE0095","(UniMod:4)PEPTIDE248K",NA,497957,810031.6,759817.3,459432.6,849360.8,953859.6,618454,471329.5,483167,568960.5,612714.6,NA,509817.5,441735.5,656495.5,698362.3,683062.9,823959.4,685550.9,813015.5,759863.5,849354.5,NA,818967.7,972385.8,1209101.4,1089231.5,1047150.3,870152.1
"Frac1_PEP0249_2","SYN0082","GENE0082","(UniMod:4)PEPTIDE249K",10625960.2,12926792.6,8748932.9,13485944.7,19491691.8,16858220.6,9741982.7,10713976,7764771.4,14202037.7,11043686.8,10762278.6,10146670.7,9298132.8,8124163.3,39658292.1,37055716,24642880.2,41845045.5,39871263.5,34621002.8,27093147.6,31652766.6,36316853.5,34124704.6,32823830.3,31910755.9,39347110.1,52681353,39306261.7
"Frac1_PEP0250_2","SYN0018","GENE0018","(UniMod:4)PEPTIDE250K",994678.6,811466.4,1377163.3,1999520.5,1375971.6,1636219.9,1215339.9,2114222.2,1384567.3,846907.8,1316962.9,1023942.2,1534747.2,1132290.8,1806823,3151565.2,5803960.9,4847464.8,2586955.2,3597652.2,3826811.3,3381813.1,4553813.2,6177422.9,4716497.6,2986270.9,6770027.4,4247915.3,NA,2667567.5
"Frac1_PEP0251_2","SYN0123","GENE0123","(UniMod:4)PEPTIDE251K",772595.2,534556.1,421071.1,931071.5,556646.8,630811.2,440232.8,460232.5,580851.6,830959,733737.7,660289.3,540039.3,731633.5,NA,1265907.8,1065704.9,1187763.6,1244587.9,745610.6,933648.6,886503,1122813.4,904520.5,972055.4,1154561.4,983596.9,1046159.7,719786.6,1041124
"Frac1_PEP0252_2","SYN0067","GENE0067","(UniMod:4)PEPTIDE252K",1622449.9,1737422.7,1851335.9,1426890.3,1839124,NA,NA,NA,NA,NA,1730051.6,1780772.5,1450751.1,1284725.2,1678168.9,NA,NA,773189.8,716872.5,1132889.5,1132078.7,562221.9,1265736.6,1281644.6,592140.2,NA,NA,835749.8,936462.3,NA
"Frac1_PEP0253_2","SYN0038","GENE0038","(UniMod:4)PEPTIDE253K",797460.7,727215.1,693844,745161.4,512186.7,NA,449802.7,436235.6,714820.3,690755.9,839330.9,617077.3,474020.3,517980.5,645245.4,332106.6,190318,219594.8,294190.7,276446.7,NA,449569.1,351693.9,224519.9,238852.6,302455.4,608318.3,384191.2,308733.2,311931.1
"Frac1_PEP0254_2","SYN0046","GENE0046","(UniMod:4)PEPTIDE254K",3369425.6,2496254.7,3163748.1,2831690,3358948.2,NA,NA,4804319.6,NA,NA,2618061.5,2619824.2,2514941.2,3304035.1,3424801.3,5257293.3,NA,NA,2797118.2,4742227.1,4004961.4,8608231.3,5780212.7,4395675.8,4327345,NA,NA,NA,3799696,4239426.1
"Frac1_PEP0255_2","SYN0046","GENE0046","(UniMod:4)PEPTIDE255K",1087183.9,1181184.5,761162.1,1289038.8,1172221.2,1651847.3,1217972,1592024.2,706856.2,1446498.3,1306975.6,1148327.9,843615.2,1543076.4,991105.9,1151474.7,1502319.3,1336861.9,1332766.7,1385347.3,1443990.4,1762848.6,1451787.6,1177859.4,1721462.3,1661673.1,1734617.9,1153424.6,1497679.1,1545071.2
"Frac1_PEP0256_2","SYN0076","GENE0076","(UniMod:4)PEPTIDE256K",268425.4,222265.3,452609,231592.4,551665.7,NA,NA,NA,NA,NA,446770.3,344739.8,197935.2,295781.2,256519.6,348510.4,431762.5,NA,NA,NA,448327.5,312119.3,512500.4,452696,450965.5,NA,NA,380897.6,NA,315062.5
"Frac1_PEP0257_2","SYN0024","GENE0024","(UniMod:4)PEPTIDE257K",1339171.1,1944876.2,1910465.5,NA,1766931.6,2376636.6,1701591.6,1835836.4,NA,1309929.5,1183029.8,2124477.4,NA,1466680.7,1626458.7,1350158.4,NA,NA,1679145.4,1444043.2,1080727.3,979781.9,996033.1,1050376.9,1195498.4,NA,NA,1466115.3,NA,828034.7
"Frac1_PEP0258_2","SYN0017","GENE0017","(UniMod:4)PEPTIDE258K",576086.9,672102.2,663432.8,429942.8,390447.4,NA,755878.8,761999.2,405828.5,334446.5,434855.1,613743.2,551630.6,526931.9,511976.7,494335.5,432394,598238,402640.5,NA,545774.4,355897.3,385147.9,287460.4,388616.9,781262.9,421196.5,434935,321389.9,516876
"Frac1_PEP0259_2","SYN0127","GENE0127","(UniMod:4)PEPTIDE259K",2647225.3,3822973.3,3628892.8,NA,1990459,2903536.7,NA,3554206,2847781.7,6156489.1,2349942.1,NA,3152561.2,NA,2672673.3,4945012,3211766.9,4912256.8,NA,9057204.7,6643237.1,4679645.4,12798235.6,NA,8997359.2,6010814.3,NA,3818821.4,4913153.2,3298430.3
"Frac1_PEP0260_2","SYN0048","GENE0048","(UniMod:4)PEPTIDE260K",53997,59030.4,65588.9,83121.8,49520.3,36697.3,48732.3,75494.2,98951.2,NA,NA,90395.7,51514.6,41476.2,52151,237053.5,178303,136619.9,149235.9,198030.8,182011.1,227905.3,207405.6,233131.3,237897,239821.2,205550.3,224633.4,206338.4,NA
"Frac1_PEP0261_2","SYN0060","GENE0060","(UniMod:4)PEPTIDE261K",330115.3,483763.7,320217.3,253982.3,296765.5,262524,323912.4,351705.5,402671.6,NA,308444.9,359921.1,376260.6,402433,326109.3,948680.6,1088734.6,603590.7,600631.5,877408.9,606138.4,987979.8,845993,989756.7,1088906.6,682229.4,815388.2,461817.6,850345.5,1139330.9
"Frac1_PEP0262_2","SYN0130","GENE0130","(UniMod:4)PEPTIDE262K",1070657.8,1695605.9,1823466,1651430,1316665,1687147.8,1557081.9,1484722.1,1763880.4,1264825.6,2179699.2,1258226.4,1732665.6,2534376.9,1301573.2,916087.6,790959.3,956976.6,1107205.5,872134,813371.5,966527.4,1360925.9,NA,789114.7,1006070.2,931596.8,1250824.1,1652271.2,1200864.1
"Frac1_PEP0263_2","SYN0067","GENE0067","(UniMod:4)PEPTIDE263K",3475408.5,3057207,2751724.8,4778685.6,2283331.3,3885626.7,3314629.8,4086208.6,5491987,4233641.9,2709989,2610806,3200895.6,3956401.7,4653257.2,4566718.8,3121429.3,4351116.6,2591556.1,2708416.7,2741299.2,2976056.6,3604509.9,3251607.4,3118162,3300157.8,5103626.3,4205191.3,2625955.6,2698571.2
"Frac1_PEP0264_2","SYN0123","GENE0123","(UniMod:4)PEPTIDE264K",378634.9,576196,606549.4,467809.7,477486.8,364360.6,359052.1,473950.5,418545.5,540394.6,304250.4,461828.1,439604.5,336738.7,495581.5,454580.3,500763.7,361899.7,490922.9,359162.2,404854.9,484424.6,345266.9,574129.2,298565.2,483695,361858.1,425559.1,396251.2,300082.9
"Frac1_PEP0265_2","SYN0008","GENE0008","(UniMod:4)PEPTIDE265K",2652039.3,1425661.8,NA,1653905.4,2285830.9,2048280.7,2177318.3,2360385.5,1677736,1627663.3,1689780.7,2542235.9,2525839.4,1970510.7,2478253.4,1538870.9,839643.3,851249.8,1435324.5,1074766.5,1198013,1148875.2,1351561.5,1579071.2,864211.6,1723832.7,1566445,1546146.5,866611.2,1398121.8
"Frac1_PEP0266_2","SYN0079","GENE0079","(UniMod:4)PEPTIDE266K",2231518.4,2997753.5,2676451.2,2574325.7,4579702.7,2269902.1,2470056.6,2908746.8,2870579.4,2489210.5,2408676.5,2968348.9,3193129.2,2290119.9,5005313.5,6244936.4,5289193,4560528.3,3635855.2,3144112.8,5326822.3,4750618.4,6409595.3,5273733.3,6244696.7,5896814.4,4952288.8,4013270.3,6936263.6,3806977.5
"Frac1_PEP0267_2","SYN0049","GENE0049","(UniMod:4)PEPTIDE267K",157012.2,316625.1,181541.2,129403.1,171098,179469.3,142236.9,209631.5,124162.9,219325.5,144587.8,163935.1,161170.4,173644.4,263731.7,215435.4,246319.8,226778.8,273137.9,272744.2,239603.8,299541.9,274247,287121.7,206254.1,299205.5,291479.8,386536.8,228589.5,219699.7
"Frac1_PEP0268_2","SYN0002","GENE0002","(UniMod:4)PEPTIDE268K",317570.4,378777.7,235286.5,156786.1,316921.2,342189.3,211665,423786,409288,330850.7,235335.4,311825.4,273695.1,294399.8,269669.1,195668.1,200296.9,259097.4,353901.9,217629.8,169519.8,206637.8,253654.4,144008.6,296066,291580.8,220026.4,266685.5,226629.5,250272.5
"Frac1_PEP0269_2","SYN0032","GENE0032","(UniMod:4)PEPTIDE269K",1567247,3370535,2457129.7,2198301.3,1474863.1,NA,3469141.3,2216274.2,2842688.8,2670003,NA,2054718.8,2819871.6,3492642.2,2701458.9,643605.8,638362.4,NA,574018.1,876175.6,NA,567152.4,661574.8,603294.1,559382.6,NA,824040,501835,NA,1016658.3
"Frac1_PEP0270_2","SYN0090","GENE0090","(UniMod:4)PEPTIDE270K",NA,698046.8,871994.9,646943.7,999708.6,NA,8841700,NA,NA,NA,927010.1,1112307.9,1489300.8,858659.8,748947.3,NA,4463661,4069142.9,NA,NA,672751.8,857646.1,441860.8,961075.2,486802.5,6761215.3,NA,NA,NA,NA
"Frac1_PEP0271_2","SYN0111","GENE0111","(UniMod:4)PEPTIDE271K",2041809,1646910.4,1389440.7,2024208.3,1413375.8,2180699.6,2437341,2641626.6,1301483.8,1963439.6,1618308.3,1906251,2117088.6,1225824.4,1039606.3,8204344,9713100.8,10425517.1,6736199.8,10681481.3,11448446.7,8271460.9,11843620.8,12356447.5,8336337.3,14706098.9,18712625.1,13198080.8,9884068.8,9847336.9
"Frac1_PEP0272_2","SYN0076","GENE0076","(UniMod:4)PEPTIDE272K",3822620.7,5663424.2,NA,4335485.6,5468170,NA,NA,NA,NA,NA,6011837.6,5045669.2,4301481.7,NA,6412720.6,3357193.9,NA,NA,3609730.5,NA,3985885.9,3972081.3,5050689.3,3218756.1,6959179.8,NA,6412079.7,4766981.5,3216230.3,NA
"Frac1_PEP0273_2","SYN0103","GENE0103","(UniMod:4)PEPTIDE273K",NA,175228.3,186931.7,118650.8,152069.7,180763.4,242390,286360.2,237559.4,179388.7,92716.2,213565.4,151475.3,115492.6,110833.9,234544.2,163497.4,138354.9,141699.6,179922.4,88638.1,87395,137171.1,84837,120214.1,173890.5,208248,339297.6,148577.6,152092.7
"Frac1_PEP0274_2","SYN0014","GENE0014","(UniMod:4)PEPTIDE274K",7509561.4,3999541.2,4898321.2,5106331.1,6482168,NA,6010480.4,8480494.9,NA,NA,5180253.3,5439499.7,5178361.2,6364066,5464696.3,NA,5240205.8,6717941.2,3963377.8,4489879.3,4365918,5134638.4,7243975.7,6394207.2,4188393.7,4613411,6579022,NA,9269453.6,NA
"Frac1_PEP0275_2","SYN0064","GENE0064","(UniMod:4)PEPTIDE275K",NA,NA,4553085.4,3503969.6,3957237.1,3472055.3,3849536.8,2638905.6,3877609,3752103.6,2966278.4,2979829.3,3834307.8,4071361.5,NA,2859701,2970805.1,1827087.2,NA,NA,3373892.3,2088329,2150424.8,3188067.8,2267909.4,NA,NA,3538623.6,3538629.3,2199390.2
"Frac1_PEP0276_2","SYN0123","GENE0123","(UniMod:4)PEPTIDE276K",3458405.6,2465042.1,2715218.3,2561793.5,2816672.6,NA,9632935.5,NA,NA,6284957.7,2364073.4,2359887,1926401,5453027.4,3557625.7,6325107.4,NA,NA,10619277.6,NA,1959958.2,1504457.6,2069118.1,2238903.4,2212498.3,8196205.7,NA,7044791,NA,NA
"Frac1_PEP0277_2","SYN0122","GENE0122","(UniMod:4)PEPTIDE277K",4073574.4,5979088.7,3756469.7,3455910.5,3838051.7,5763500.7,2770049,3330631.4,5760550.7,5121987.3,5610782.2,4220522.2,4595917,6362073.7,3192650.2,18988696.1,19304734.4,10667556.1,8824531.2,11074773.9,9437706.3,9748983.5,12841941.3,18298939.1,14062631.2,13233588.2,18058881.7,15741598,13841105.1,18040872.9
"Frac1_PEP0278_2","SYN0080","GENE0080","(UniMod:4)PEPTIDE278K",129338.2,141230.7,159123.9,132813,137590.2,NA,NA,NA,167718.5,156042.6,185951.3,120904.6,162278.4,138243.9,174718.9,NA,NA,NA,NA,424056.3,397606.4,477688.1,248451.1,269901.1,329630.9,NA,NA,386225.6,NA,NA
"Frac1_PEP0279_2","SYN0057","GENE0057","(UniMod:4)PEPTIDE279K",4246413.9,4517812,6372426.4,3821940.2,4617065.1,4142717.6,NA,NA,NA,NA,3717282,4070589.2,4736583.2,2565374.6,2993252.5,13897312.8,14396864.3,20673107.5,9941243.6,NA,15422473.7,NA,10781693.6,19580710,12723448.8,24269579.5,14731898.4,13277069.9,24027255.8,NA
"Frac1_PEP0280_2","SYN0070","GENE0070","(UniMod:4)PEPTIDE280K",651935.7,657116.6,592490.9,525990.9,492939.5,695957.1,588879.8,764393.6,836567.5,503597.3,964505.8,865000.2,532879,1066454.5,953373.4,NA,1502412.6,1577154.9,1734400.3,1777359.7,2173826.4,1772504.3,2311974.4,1195538.8,1779308.5,1341435.1,2169456.3,1314910.6,1919272.6,1324232.1
"Frac1_PEP0281_2","SYN0097","GENE0097","(UniMod:4)PEPTIDE281K",3105795.1,3059409.3,3363754.7,2939642.7,3472544.3,NA,NA,2340377.8,2463048,NA,3370779.1,3550961.6,4753795,NA,4687799.2,17481265,NA,NA,NA,NA,9556192.3,16313043.9,14448306.9,17905833.3,14288227.4,11354588.7,NA,NA,10529314.6,NA
"Frac1_PEP0282_2","SYN0043","GENE0043","(UniMod:4)PEPTIDE282K",1896735.8,NA,NA,1474085,2314414.5,1483068.4,1648114.6,NA,2425231.6,1403726.3,1763365.3,2167910.5,1569604,1792908.1,1783227.9,1013053.7,NA,916766.2,755619.3,894565.8,818009.5,736779.8,737335.5,784069,837170.5,NA,1069130.7,825251.1,1479628.6,NA
"Frac1_PEP0283_2","SYN0122","GENE0122","(UniMod:4)PEPTIDE283K",12884719.9,17679270.4,16957161.2,19099595,25666110.2,11722793.8,15949834.2,21197540.1,12088179,15218951.4,15577742.2,22379387.8,13677902,21133838.5,14408625.8,44786967.8,51812747.3,43796850.6,37563253.9,45900425.6,41510950,44456992.6,31663244.9,60591368.3,25908237.8,30343246.3,26227634.7,49477724.8,37470390.8,47946603.7
"Frac1_PEP0284_2","SYN0103","GENE0103","(UniMod:4)PEPTIDE284K",512341.6,561624.5,448262.6,558417.1,328726.4,499204,393142.3,442038.6,482676.7,461919.7,326755.1,NA,616643.2,448841.4,629682.9,184953.4,110758.5,157932.7,228615.6,165995.6,204338.6,205552.7,168404.7,135046.9,223416.5,163635.1,285861.4,224615.3,187520.4,137747.7
"Frac1_PEP0285_2","SYN0086","GENE0086","(UniMod:4)PEPTIDE285K",4252697.5,3622713.6,1790837.8,2414958.9,3175301.4,1199680.2,2045412.6,3673778,2668938.2,1137795.6,2398134,1811301.5,2442955.7,2556755.5,2279029,5222238.8,3163519.9,2714395.5,3092725.9,3758424.8,4152627.8,2795109,4534558.7,6250979.8,3191406.4,4070280.4,4954524.8,4694488.2,4192514.7,1720216.1
"Frac1_PEP0286_2","SYN0108","GENE0108","(UniMod:4)PEPTIDE286K",279557.6,128196.7,193470.7,162491.1,175284.8,NA,NA,208715.1,NA,NA,200773.2,160645.8,191832.9,226946.5,149676.7,227428.5,NA,NA,NA,250735.9,296082.9,253153.1,329233.1,177629.2,244843.9,NA,NA,NA,300241.4,NA
"Frac1_PEP0287_2","SYN0040","GENE0040","(UniMod:4)PEPTIDE287K",271191.9,411838.6,302173.1,250239.5,274621.5,368877.1,NA,NA,444847.5,284902.5,414155.3,506629.6,335822.3,421319.4,251253.7,NA,NA,167160.5,NA,313290.2,179348.5,292763.6,237124,214181,NA,NA,NA,NA,NA,217731.1
"Frac1_PEP0288_2","SYN0036","GENE0036","(UniMod:4)PEPTIDE288K",3652727.5,3507698,2771026.8,1908849.5,3201106.2,3075581.5,1556086.1,2355429.1,2754845.8,2462658.2,NA,2220967.3,2817913.5,2706929.7,1433154.1,8588120.5,9468831.4,5452593.6,NA,6079193.9,6308441.6,5787794.4,5513013,3917337.5,7240123.8,2901789.9,11186750.1,7365670.6,8987555.6,8838585
"Frac1_PEP0289_2","SYN0066","GENE0066","(UniMod:4)PEPTIDE289K",1150385.4,767382.6,796742.1,810819.2,653593,899488.3,739285.8,837731.2,868768.6,623836.6,912278,475600.4,667119.4,961536.2,1258865.1,589419.6,277408.6,560684.7,331169.7,570124.6,346957.3,597131.9,302964.5,436104.8,327062.5,NA,353386.7,711247.9,419459.8,437785.2
"Frac1_PEP0290_2","SYN0100","GENE0100","(UniMod:4)PEPTIDE290K",858192.1,1895126.1,817538.7,1087554.2,838552.6,687428.2,947293.1,916390.9,820392.5,967909.6,767578.6,1342324.6,923120.8,1364230.8,836583,776350.9,367810.6,749741.6,594238.1,780309.8,717605.3,693432.8,734783.9,803663.5,735245.4,432816.7,882684.5,860314.9,563947.8,946663.4
"Frac1_PEP0291_2","SYN0078","GENE0078","(UniMod:4)PEPTIDE291K",4918523.5,4058443,3982934.6,2489772.3,3518721.1,1935745.4,2973352.5,3102764.5,3133016.2,3670155.2,4305202.9,3606067.2,3363921.1,2146811.5,2582310.9,2195273.3,3055806.2,3058211,2833045.6,3578244.2,4179934.8,3373436.2,2765157.6,3441945.3,2689898.1,4578711.6,2937234.3,3015220.5,1855191.3,4021405.7
"Frac1_PEP0292_2","SYN0102","GENE0102","(UniMod:4)PEPTIDE292K",NA,9764999.7,9588629,7177353.6,6856736.3,26890410.6,44527223.7,33462448.4,43177368.4,32692424.7,NA,9858223.6,5785294.5,7715440.3,10379325.3,51923707.5,63883061,51634380.4,82939928.1,30721749,9536266.7,9455334.8,16225451,15055427.1,7600224.8,49530805.1,50721561.2,49882187.6,60343874.9,62641615.6
"Frac1_PEP0293_2","SYN0018","GENE0018","(UniMod:4)PEPTIDE293K",221212.2,NA,200067.7,433338.4,256587.8,307053.4,293958.1,431544.6,237245.1,302130.7,280503.6,NA,292709.2,455247.2,457091.5,861734.8,331908.5,487931.6,470480.6,495816.5,443901.2,610423,570951.4,268327.7,333255,408010,390191.3,610618.5,552784.2,483683.2
"Frac1_PEP0294_2","SYN0005","GENE0005","(UniMod:4)PEPTIDE294K",7068451.1,5474254.5,5595189.8,5861422.7,9347045.7,4621771.3,3856960.5,NA,6110284.3,3409366.5,3872301.5,6484443,7395724.2,5865462,3610124.3,4589444,3169227.4,3353564.4,4696938,6109806.2,3884690,2806721.3,4623129,4464919.4,4731462.8,6898565.6,3800741.3,2994666.5,4022899.5,4551716.2
"Frac1_PEP0295_2","SYN0028","GENE0028","(UniMod:4)PEPTIDE295K",3730909.3,2864725.5,2251758.8,3852895.9,3936890.7,6370625.7,13234791.2,10544487,7722255.9,9780416.6,3714059.8,2252651,1991016.5,3607688.4,3196258.7,9492657.8,9216339.6,11830351.9,11084760.7,5986314.8,3821795.6,2617435.2,1740749.8,3114789.3,2588984.4,10620394.8,6222408.7,7469077.8,7735605.4,12509967.4
"Frac1_PEP0296_2","SYN0069","GENE0069","(UniMod:4)PEPTIDE296K",94892.7,101241.1,73938.1,141735.9,124425.9,119957.3,101516,95251.7,92767.2,99855.2,145392.7,115310.9,NA,152779.1,130551.7,160163.3,147636.8,154709.2,168294.1,228595.7,85544.9,117438.1,203375.6,161488.8,169212.8,136120.9,222390.3,171059,196347.2,160357.9
"Frac1_PEP0297_2","SYN0015","GENE0015","(UniMod:4)PEPTIDE297K",1909838.9,2057155.8,1912295.4,1066436.3,1963598.4,2236364.3,NA,NA,NA,NA,1584717.7,1599577,1726458.7,1563076,2246548.4,NA,2668720.2,NA,NA,NA,3700375.3,3405046.7,3816013.1,3832591.7,2657803.3,NA,NA,NA,3360515.5,NA
"Frac1_PEP0298_2","SYN0075","GENE0075","(UniMod:4)PEPTIDE298K",103078.6,134212,120108.9,NA,109500.1,101564.2,NA,166302.3,NA,NA,NA,151644.7,177450.9,165380.7,113100.4,117746.6,NA,117999.2,170266.7,114095,101965.6,NA,99780.7,NA,103659.7,79877.6,150604.9,89383,252340.3,125880.1
"Frac1_PEP0299_2","SYN0129","GENE0129","(UniMod:4)PEPTIDE299K",5131745.6,5171402.6,7214082.7,5072312.6,3820032,NA,1170599,775866,NA,NA,4777490.5,5312341.9,NA,5096376.5,4916253.1,NA,NA,NA,1497262.2,NA,6993169.2,9253517.6,9352027.6,11068425.4,NA,NA,NA,NA,NA,2209280
"Frac1_PEP0300_2","SYN0044","GENE0044","(UniMod:4)PEPTIDE300K",567449.6,682460.3,1298633.5,875404,917356.5,NA,221060.4,NA,NA,NA,1395931.5,700654.2,841683.6,1351668.7,1107730.5,NA,NA,NA,NA,NA,2162130.4,1567645.9,1547761.3,1859165.1,2104187.3,NA,NA,NA,NA,NA
"Frac1_PEP0301_2","SYN0002","GENE0002","(UniMod:4)PEPTIDE301K",1866992.2,1574447.6,1104463.1,1070823.4,796776,985114.5,938770.1,967203.6,764435.5,1140072.3,1193356.8,1247271,1094096.5,1023503.6,1345911,2179669.6,2257603.3,2947627.5,4910725.5,2217111.2,3101585.7,2536733.3,2614055.2,3411963.2,2674748.2,2308235.7,3715820,2393170.8,2476437.4,2698584.1
"Frac1_PEP0302_2","SYN0124","GENE0124","(UniMod:4)PEPTIDE302K",1161769.2,1152252.2,1118567.2,1199538.7,1045460.3,842530.3,633232.1,1132903.3,811531.7,761291,598124,1021521.9,769752.5,1221601.1,858926.9,3962274.6,2993153.7,2895085.5,2592433.5,3098878.5,3889790.2,3314772.5,2168726.9,2363906.6,3231075,2594083.7,3201407.1,1786991.1,2966936,3035968.6
"Frac1_PEP0303_2","SYN0067","GENE0067","(UniMod:4)PEPTIDE303K",877261,1207801.7,1144914,1737091.6,1856091.3,908640.5,1184638.6,1216499.4,1119417.4,1099929.9,988928.9,1632954.2,1033621.1,1135835.4,1113095.4,760536.1,534759.1,506535.9,479643.4,557999.2,762262.8,943754.4,1056026.2,375204.7,808406.2,581444.9,NA,490885.8,821925.1,690602.9
"Frac1_PEP0304_2","SYN0072","GENE0072","(UniMod:4)PEPTIDE304K",979048.6,1261678.4,610096.4,1320117.6,NA,1139598.8,796320.3,1196724.2,NA,882012.6,854130.2,861553.5,NA,848908.8,999469.5,1835927.8,2123195.3,1092930.7,NA,NA,1798056.5,NA,NA,1788596.3,1555360.2,1271657.4,2444214.7,2149021,1832798.4,NA
"Frac1_PEP0305_2","SYN0040","GENE0040","(UniMod:4)PEPTIDE305K",4383625,3587320.8,NA,4085291.1,3441752.4,4001202,3468535.3,2856778.7,3449871.6,4144787.6,2907783,2901448.7,2924831.4,2863732.3,NA,7374202.2,3996796.3,4822668.4,6821193.1,5232036.4,4874095,4981703.5,5805715.3,5820273.9,NA,4240851.7,2980422.4,4258032.7,3375663.3,2881721.6
"Frac1_PEP0306_2","SYN0066","GENE0066","(UniMod:4)PEPTIDE306K",46511.4,43155.7,49601.5,52795.1,60782.9,123648.3,83753,84893.1,122934.6,93888.2,48197.6,49328.1,96731.2,63398.1,59731,142248.8,166680.4,97676.8,102607.8,92348.9,57846.1,48618.4,47803.2,NA,49375.8,79053.7,96079,104988.5,76901,104040.7
"Frac1_PEP0307_2","SYN0078","GENE0078","(UniMod:4)PEPTIDE307K",1655179.4,2156882,1288666.6,1535005.9,1368144,1942959.3,2023479.1,1791798,1647754.4,1423169.8,2202139.2,1420619.8,1426646.6,NA,1841544.8,2106369.9,2450098.4,2636100.5,2002067.1,1995096.6,3074631.8,1421941.6,1842993.2,1916962.8,2104868.2,3144131.5,1749519.1,1716292.2,3169063.3,1801554.1
"Frac1_PEP0308_2","SYN0122","GENE0122","(UniMod:4)PEPTIDE308K",1156032.1,1732843,1078350.7,1345992.4,1706158.1,2645927.3,1312948.5,1641094.6,1619321.1,1202114.6,1999006.9,1603786.8,1048509.6,2056598.5,1450915.4,1009828.2,1096166.6,1053163.4,1426140,1061328.9,1133060.4,773462.8,1317629.4,1217131.7,959910.4,1185829.1,1018160.6,976030.8,1161947.3,1033091.3
"Frac1_PEP0309_2","SYN0130","GENE0130","(UniMod:4)PEPTIDE309K",766995,802255.5,664184.9,616457.8,468424.8,491874.8,NA,599827.6,NA,NA,858338.2,547176.7,487028.1,442690.7,614522.6,NA,NA,NA,305948.6,NA,290770.2,412048.7,268934.6,315432.5,394644.5,448998.3,343358,336376.1,371099.4,NA
"Frac1_PEP0310_2","SYN0012","GENE0012","(UniMod:4)PEPTIDE310K",2138450.9,2238563.9,2363973.9,3260257.7,2646958.8,NA,3217283,NA,2351710.8,NA,2623727.9,3571039,2350355.6,3033555.1,2586804.3,NA,NA,5435160.5,4162541.8,NA,6883351.8,5163974.5,6046791,7013918.7,4245726.9,NA,NA,NA,6305112.8,NA
"Frac1_PEP0311_2","SYN0030","GENE0030","(UniMod:4)PEPTIDE311K",7040637.8,3816815.3,3102718.6,5126419.9,NA,5016315.8,3451038.5,2979370.9,5532894.4,3673120.9,3268833.5,5376507.9,2686402.5,4009335.6,2892884.5,5588842.7,3303192.9,3251082.6,2564070.7,4712347,2470093.2,2406267.5,3379355.5,4289140.4,4184789.9,2913220.8,2940236.4,5008276.7,3245130.1,2234408.5
"Frac1_PEP0312_2","SYN0016","GENE0016","(UniMod:4)PEPTIDE312K",NA,1903194.6,1060407.9,1506943.8,1776030.3,1423977.4,1545940.3,1258098.3,1465375.4,921404.7,1073116.3,1373886.5,1140805.9,1247320.7,997248.7,1447637.1,1495032.1,1389172.7,890458.7,1183247.6,1214318.2,1320422.4,1431575.4,1614027,1772272.7,2048592.7,1441289.9,1402418.1,1607754.1,1371520.5
"Frac1_PEP0313_2","SYN0100","GENE0100","(UniMod:4)PEPTIDE313K",652556.3,NA,NA,NA,568316.6,NA,484823.5,676835.1,NA,312064.4,600213.7,258738.3,498197.5,NA,412658.2,NA,1148136.9,1542337.1,1145452.5,1073810.6,1091450.2,NA,1328267.3,684021.7,1371497.7,1340892.2,1402751.6,1015863.4,NA,1099219.5
"Frac1_PEP0314_2","SYN0018","GENE0018","(UniMod:4)PEPTIDE314K",379479.3,436784.4,514126,189233,360551.2,NA,NA,NA,598760.5,410045.8,349460.3,315142.8,313963.6,322113.8,585186.9,NA,NA,260196.9,NA,NA,352407.3,309903.6,219921.8,251265,404278.3,326739.5,391039.8,NA,NA,420021.9
"Frac1_PEP0315_2","SYN0062","GENE0062","(UniMod:4)PEPTIDE315K",2352348.8,1361732.6,1475533.6,1786340,2284612.8,2035491.8,NA,2396152.2,1200095.8,1906447.7,1757514.1,1799142.1,1349215.5,2018646,2354541,NA,NA,NA,NA,967452,689836.2,699617.1,799715.2,520780.5,542381.4,NA,NA,NA,NA,458309.5
"Frac1_PEP0316_2","SYN0031","GENE0031","(UniMod:4)PEPTIDE316K",5897945.4,8929000.5,10080716.8,7946768.7,9290125.3,NA,NA,2155566.1,1620004.5,NA,8809513.5,10176866.5,7688165,9041968.3,8006959.2,NA,NA,NA,5546513.9,NA,26257447.7,26869380.6,19553088,24550688.7,21896656,NA,NA,5515686,7128615,NA
"Frac1_PEP0317_2","SYN0004","GENE0004","(UniMod:4)PEPTIDE317K",153765.5,128156.4,179386.1,149303.3,224002.2,106708.9,121100.2,NA,NA,102963.9,152542.3,231246.2,146640.8,180410.5,101848.6,77435.4,71925.7,95493,56011.6,70260.2,87081.5,155945.4,109566.9,182419.1,107446.3,87098.3,63048.9,103160.8,111913.3,80277.2
"Frac1_PEP0318_2","SYN0120","GENE0120","(UniMod:4)PEPTIDE318K",237930.4,299620.7,240261.7,268440.1,315240.5,288053.3,207523.1,331487,256275.6,399756.5,238654.6,280809.2,235716.4,198592.5,NA,173421.1,92837.6,160453.9,249917.6,143248.4,178861.3,172799.3,171449.4,166353.3,171286.6,155114.6,251142.9,193718.7,209697.7,158864.2
"Frac1_PEP0319_2","SYN0084","GENE0084","(UniMod:4)PEPTIDE319K",990818.8,1273620.2,1376171.8,938468,1279525.5,3892998.8,4167174.3,NA,5456376.4,2476217.7,1632131.1,1158577.7,1606110.8,2505155.2,936642.9,5594969.9,4089852.4,4862573.2,6423128.5,5815041.6,953663.3,2112844.7,1272035.9,2141401.7,2141788.1,3895488,5878548.7,3938175.6,4173690.6,6727000.2
"Frac1_PEP0320_2","SYN0129","GENE0129","(UniMod:4)PEPTIDE320K",770467.1,860837,527865.7,622260,817206.9,NA,NA,NA,890809.7,NA,513084,899805,NA,707602.7,870989.8,338886.5,526632.8,NA,NA,NA,341839.9,378126.8,324757,NA,495727.9,NA,NA,NA,421595.5,NA
"Frac1_PEP0321_2","SYN0071","GENE0071","(UniMod:4)PEPTIDE321K",1407327.9,2531148.6,2039769.4,1218737.7,2186442.8,2090497.2,2850527.3,1252726.8,2225395,2099763.5,2479373.2,1635963.3,3149387,2122278.6,1813942.8,1363569.1,1386477.9,1441717.6,1472851.4,1570306.5,1596382.8,1490283.7,1562129.2,1522487.1,2118732.3,1636325.6,2226735,1139014.7,1900172.7,2649842.2
"Frac1_PEP0322_2","SYN0041","GENE0041","(UniMod:4)PEPTIDE322K",2008118.2,1456374.9,2263222.5,2541693,1703698.3,2608916.4,2642511,2318892.6,3434750.4,1644174.6,1981987.9,2042364.6,2908808.6,2292016.4,2053941.3,NA,690730.9,697224.8,1060401.6,NA,627493.5,1446019,713696.3,829190.3,687598.4,565311.5,668582.9,978114.3,864886.7,1027028.3
"Frac1_PEP0323_2","SYN0043","GENE0043","(UniMod:4)PEPTIDE323K",NA,NA,351525.2,NA,507854.4,433519.3,NA,520910.4,476019.4,657073.2,468721.8,NA,NA,NA,461912.5,NA,542831.1,739056.7,815041.1,NA,875271.1,804501.8,743931.4,NA,603536.6,896310.6,NA,NA,1018130.6,533861
"Frac1_PEP0324_2","SYN0125","GENE0125","(UniMod:4)PEPTIDE324K",223732.1,325291.8,221419,140099.7,192971.9,236766.7,303098.4,189547.1,222991.1,338469.1,219710.8,135553.6,182227.8,NA,NA,176246.1,246158.6,200031.8,NA,210283,190652.5,NA,221687.8,213507.2,258646.7,130812.8,142680.6,200688.3,157326.2,265568.5
"Frac1_PEP0325_2","SYN0097","GENE0097","(UniMod:4)PEPTIDE325K",11445179.6,8870222.9,7940728.6,9756700,6071764,8478799.3,10341487,10767523.4,7032333.4,10571521.8,7049207.4,4795151.6,8435545.6,8238255.4,10447210.4,7183600.5,10322078.5,9316174.9,8777753.7,6978455.8,4382998.1,4347935.2,8349128.6,5344697.4,7304404.7,8969201.3,9150061,10292810,8809201.4,6856020.9
"Frac1_PEP0326_2","SYN0108","GENE0108","(UniMod:4)PEPTIDE326K",1504392.4,1248780.5,2590386.6,1425533.7,1571727.8,NA,NA,1635356,NA,1203847.9,2058063,1526510.6,1800975,1138197.9,1261829.4,NA,NA,NA,1561520.1,NA,1336113.3,1477511.8,900911,1176294.3,1204957.9,NA,966178.3,1650457.4,NA,NA
"Frac1_PEP0327_2","SYN0049","GENE0049","(UniMod:4)PEPTIDE327K",693665.8,389645.2,817629.3,NA,501277.9,396517.7,NA,678247.9,454713.7,NA,505976.6,244556.1,326959.3,NA,355787.1,523628.8,616046.8,NA,780647.5,NA,601515,678277.1,525971.1,694300.1,943759.6,473851.6,NA,NA,857980.5,NA
"Frac1_PEP0328_2","SYN0022","GENE0022","(UniMod:4)PEPTIDE328K",1755421.8,2225298.1,1488516.2,2410037.8,2555817.3,1330420.6,1005029.6,2279119.2,1152451.2,1895143.8,1791522.5,2098460.6,2136088.3,1723760.8,1820462.5,6999554.3,4868263.9,8596448.1,4638243.1,NA,7212042,7251994.2,4787563.4,8938878.1,10058737.6,6662630.5,NA,4826899.4,7146812.5,4843997.6
"Frac1_PEP0329_2","SYN0122","GENE0122","(UniMod:4)PEPTIDE329K",2620590.4,3152924.6,1823236,4755650.2,3486076.1,998644.8,919958.1,1019116.5,1253840.3,926539,3231767.3,2934962.4,1686335.8,1831028.8,3035525.4,810139.3,976996.1,580288.5,986934.7,1066307.6,4530825,4016141.8,2513823.1,2998035.7,3481052.8,772988,882080.8,669765.6,1172655.5,737394.7
"Frac1_PEP0330_2","SYN0039","GENE0039","(UniMod:4)PEPTIDE330K",20216458.6,27602419.7,16956771.9,19913576.5,23904566,17713654.3,25122056.7,16507577.9,11965686.8,15560048.2,28020888.9,20086200.8,19905495.7,26156620.8,19041305.2,18904598,22254865.7,16819716,14001115.4,17822986.9,17151224.6,13264703.4,13996224.3,19443311,12860216.4,13972506.8,14964189.2,24093012.2,17368514.3,18470903.2
"Frac1_PEP0331_2","SYN0130","GENE0130","(UniMod:4)PEPTIDE331K",1667052.3,819480.2,953740.5,1429254.4,1014967,NA,1305381.6,1787586.9,1037557.6,NA,1059893.9,969957.5,1421965.1,897198.4,1188525.5,NA,NA,906494.7,NA,1032959,842373,705034,590882.9,741380.2,880825,598691.2,648676.4,1183925.6,1075863.1,NA
"Frac1_PEP0332_2","SYN0091","GENE0091","(UniMod:4)PEPTIDE332K",248393.6,NA,411063.8,339869.2,219474.8,266436.4,317482.3,211544.3,337380.6,266311.4,467208.7,257956.9,291805,226417,413600.3,580866.6,NA,630233.6,543233.3,793633.6,780476.2,673152.7,689632.7,457507.6,557724.1,796761,794511.2,563872.8,751724.8,610540.9
"Frac1_PEP0333_2","SYN0129","GENE0129","(UniMod:4)PEPTIDE333K",231515.2,222147.9,286782.1,206424.3,283093.9,316871,229782.4,NA,454202.4,266798,262466.1,171346.3,230312.7,344485.9,320627.6,189315.9,204584.8,199997.1,276892.5,159325.8,NA,158035,186333.2,167551.9,262428.9,197157.9,231700.4,156179.6,223665.8,198402.2
"Frac1_PEP0334_2","SYN0067","GENE0067","(UniMod:4)PEPTIDE334K",2851901.5,3447170.2,3715081.5,4247672.1,2667321.1,2954029.2,3502112.3,3246639.9,2740358.7,NA,3661683.9,2960201.7,4960820.5,3651458.4,4113109.7,1455436,NA,1119049,1248476.9,1111611,1422009.9,1689790.9,1728671.5,1808556.8,1319076.1,1312914.6,1179307.7,975262.7,1411520.7,1176389.2
"Frac1_PEP0335_2","SYN0038","GENE0038","(UniMod:4)PEPTIDE335K",NA,2054150.9,1690837.7,NA,2448151.8,NA,1610290,NA,1794576.8,NA,2719725.5,1971074.7,1903621.1,2560596.9,1723890.8,NA,NA,NA,NA,NA,2738437.5,2835817.6,2419223,2039275.5,2257671.3,1363075.1,NA,1554566.3,NA,NA
"Frac1_PEP0336_2","SYN0133","GENE0133","(UniMod:4)PEPTIDE336K",123613.6,105895.1,243848.4,119419.7,NA,NA,NA,NA,NA,NA,102010.6,NA,141447.6,117430.3,NA,170170.1,106233,87575.3,107486.9,175295.7,120742,121511.3,77867.9,182888.2,133761.1,174570.6,103825.7,74083.1,131434.8,NA
"Frac1_PEP0337_2","SYN0006","GENE0006","(UniMod:4)PEPTIDE337K",445635.5,394404.5,448211.8,467888.5,417882.6,938359.1,1265179.3,1085267.1,728015.9,959994.2,NA,437316.8,330561.4,433996.8,338725.7,435967.7,763396.4,469890.5,518371.1,563651.3,266691.4,309796.4,244527.6,254767.8,258574.9,846232.2,798075.4,460978.5,622991.1,423533.9
"Frac1_PEP0338_2","SYN0099","GENE0099","(UniMod:4)PEPTIDE338K",810503.1,717472,880015.6,1088662.8,646491.1,1564669.4,1279872.4,999656.8,1324097.3,1182955.7,705840.7,848356.1,884069.4,891974.4,624409.4,806068,1178869.7,1217108.5,729738.9,927772.4,380815.8,721492.9,432030.3,442006.1,663282.4,963048.4,874858.5,902031.3,775797.2,771396.4
"Frac1_PEP0339_2","SYN0017","GENE0017","(UniMod:4)PEPTIDE339K",3579669.4,NA,5547516,NA,4591386.7,NA,2111210.5,NA,5327025.8,3500897.7,3108015.3,NA,4147498.2,3105612.2,NA,5893074.4,NA,3268256.3,NA,3828718.7,NA,4495459.1,3809915.3,NA,NA,NA,NA,4247585.3,4266494.6,3832406.3
"Frac1_PEP0340_2","SYN0099","GENE0099","(UniMod:4)PEPTIDE340K",132832.3,165534.7,243285.8,184351,213647.7,224997.3,274471.7,155190.1,242936.3,265770.9,166049.2,207013.5,204001.6,186019.8,164087.4,373508,408266.2,437591.7,345553.4,357471.5,484159.3,349058.4,426333.4,479356.6,531916.3,634770.8,486405.3,299216.4,652269.1,392800.7
"Frac1_PEP0341_2","SYN0108","GENE0108","(UniMod:4)PEPTIDE341K",426889.9,287270.1,225297,308614.5,284152.2,315294.2,410787.3,408488.5,438599.7,NA,384427.9,378699.7,519594.6,342619.2,313742.8,NA,319280.4,231482.2,NA,401277.4,474313.5,383383.4,NA,506255.1,NA,359641,294961.6,547153.8,NA,582006.3
"Frac1_PEP0342_2","SYN0018","GENE0018","(UniMod:4)PEPTIDE342K",1653106.7,2118314.9,1115905.3,1067149.1,2230235.7,NA,NA,NA,1603880.7,1148786.3,1365524.2,1379864.5,1227569.1,1571350.5,1604696.6,NA,3257036.6,NA,NA,NA,NA,2712238.6,1756534.7,1537802.3,1293619.7,NA,1515646,NA,NA,NA
"Frac1_PEP0343_2","SYN0100","GENE0100","(UniMod:4)PEPTIDE343K",NA,166773,158754.9,169945.4,NA,163167.1,102272.4,154488.2,139046.4,156651.7,182487.9,213207.2,123270.1,118466.4,158296.1,103133.9,60765.4,72197.2,104934.5,69137.1,53513.6,66387.8,91840.8,63609.9,103095.9,102425.6,111430.3,46922,109865.8,100426.6
"Frac1_PEP0344_2","SYN0043","GENE0043","(UniMod:4)PEPTIDE344K",299569.6,461184.7,608346.8,491447.5,600760.3,NA,571151.5,NA,790899.3,NA,435198.1,523566.8,470300.2,555514.9,378230.7,1278222.4,NA,NA,NA,NA,859703.3,1116187.2,997831.2,1661291.9,773579.7,NA,1870546,NA,NA,NA
"Frac1_PEP0345_2","SYN0030","GENE0030","(UniMod:4)PEPTIDE345K",955069.9,693011.4,758892.2,NA,1092789.8,1193878.5,1180076.3,1045201.8,1196685.6,964966.1,610338.5,1107484.6,870427.9,832995.8,1002269.1,929040.3,830182.9,675905,1068733.4,632428.6,760611,1022532.4,771579.1,879498.7,923805.8,879812.3,NA,715298.2,866775.6,1018484.6
"Frac1_PEP0346_2","SYN0065","GENE0065","(UniMod:4)PEPTIDE346K",1817993.3,1388137.2,2213674.7,1636790.7,1299714.7,1836680.5,1312351.6,1488116.3,3051982.9,1784404.5,2734954.6,3187063.7,1840901.1,2028602.5,1811495.9,3082737.7,5531501.3,4431148,4051186.4,2907088.3,3993620.1,2787073.4,1809539.2,5402293.6,4709002.3,4908580,3040516,4033886.3,3381189.5,4692213.4
"Frac1_PEP0347_2","SYN0127","GENE0127","(UniMod:4)PEPTIDE347K",NA,28504.9,NA,NA,40024.3,NA,33817.4,40509.2,26668,32839,41603.4,36681,NA,33577.8,55658.6,33330.9,25590,30964.8,NA,29366,28207.8,29465.4,22619.9,NA,NA,38186,NA,18236.8,28706.9,34308.4
"Frac1_PEP0348_2","SYN0066","GENE0066","(UniMod:4)PEPTIDE348K",1495457.4,1300184,2103535.3,1656413.4,1794744,2340764,2061709.4,3265895.1,2395964.6,3387973.3,2389119.2,2033427.6,2087361.2,1852876.8,1410046.6,3840923.2,3207728,4424258.8,4445247.2,3803306.4,2377844.5,3142286.7,2621125.4,3824215.1,2479390.2,3368619.2,3030246,6845386,2524059.3,2701911.1
"Frac1_PEP0349_2","SYN0062","GENE0062","(UniMod:4)PEPTIDE349K",226232,241823.7,461356.5,291438.5,376419,374026.3,300211,387970.2,327699.6,339743.4,404440.4,287517,175881.3,390860.7,479486.1,95075.4,249657.7,116625.6,187077,138315.4,128869.9,220694.8,182761.4,133735.4,163166.8,162274.6,140788.9,124760,309755.9,145333.4
"Frac1_PEP0350_2","SYN0124","GENE0124","(UniMod:4)PEPTIDE350K",NA,2547591.2,NA,2987802.7,2796673,2882539.4,3784085.6,2477000.5,NA,3099713.9,NA,4506184.4,5549034.9,NA,3866593.4,6245330,NA,NA,NA,7516138.6,5798824.7,NA,15714172.5,3361381.1,5153782.9,NA,5410630.4,NA,7825389.7,6750466.2
"Frac1_PEP0351_2","SYN0119","GENE0119","(UniMod:4)PEPTIDE351K",1545851.6,3045999.1,2048173.3,NA,1827027,NA,NA,828324.7,NA,NA,1812201.8,1889530,1721784,NA,1339281.7,NA,768784.4,NA,NA,759092,1730706.9,1542581.2,1664265.4,1268611,1786688,NA,NA,NA,459423.2,NA
"Frac1_PEP0352_2","SYN0074","GENE0074","(UniMod:4)PEPTIDE352K",123942.7,112571.3,157009.8,169632.1,111252.8,144655.7,178413.4,NA,NA,150813.5,157533.7,153298.2,159619.8,162206.4,169460.1,247609.6,NA,260692.9,187890.5,NA,224575.9,190209.3,NA,147208.7,210141.6,NA,NA,236708.8,NA,NA
"Frac1_PEP0353_2","SYN0009","GENE0009","(UniMod:4)PEPTIDE353K",660757.1,510822.5,492798.1,514014.3,553447.4,390695,564452.6,684542.7,534984.8,372186.6,337376.6,NA,552791.1,718187.2,512621,930233,963822.7,662003.1,1178445.3,841228.7,874630.8,861843.6,1182739.4,1071375,771662.8,1009065,619258.1,802949.2,730598.6,512586.6
"Frac1_PEP0354_2","SYN0122","GENE0122","(UniMod:4)PEPTIDE354K",1146565.1,773771.3,1408321.2,767996,NA,1045024.5,1072802.9,743095.6,1458563,849714,855526.9,830600.6,597730.1,662541.1,851668.6,584376.1,894504.4,890105.3,869125.8,1050434.1,1154005,668025.3,728404.1,1005173.5,800813.2,1010589.1,1295683.7,620930.3,743263.6,666781.2
"Frac1_PEP0355_2","SYN0126","GENE0126","(UniMod:4)PEPTIDE355K",4198977.7,4578245.3,5137674.7,2711225.5,5825745.7,4312656.3,5896587.8,6082250.5,3257269.4,7039177.2,5862511.4,5656676,6292244.6,4093019.4,5833857.7,4926478,6283043.8,7597317.1,9265508.7,7171417.5,9709957.2,9041219.6,7984327.4,11882452.6,4406313.8,14134848.7,11475780.8,11467299.9,NA,11798162.6
"Frac1_PEP0356_2","SYN0020","GENE0020","(UniMod:4)PEPTIDE356K",128962.2,159782.6,383776.3,365881.8,244750.3,NA,NA,NA,NA,NA,292863.9,NA,196555.6,348123.1,171558,NA,189820.3,NA,NA,400457,212034.2,136452.1,161227.9,262237.4,109418.5,275081,NA,232939.5,195077.6,NA
"Frac1_PEP0357_2","SYN0096","GENE0096","(UniMod:4)PEPTIDE357K",12775233.2,22942648.3,15846266.6,15064485.8,18325169.2,12415068.6,23098677.1,15781433.5,15423598.5,15167367.8,18140183.2,20713008.6,18809867.4,15859872.3,14513568.5,10780431.8,17788327.5,10346466.8,15376668.4,12617422,20196221,12907495.8,19470771.9,12714855.5,12999059.5,13143846,11394891.3,16063412.9,21640062.8,12006090.3
"Frac1_PEP0358_2","SYN0110","GENE0110","(UniMod:4)PEPTIDE358K",552050.2,474233.9,333793.2,NA,387493.8,431732.6,605679.1,460243.7,287273.6,309633.1,448663.4,303253.4,414234.4,399392.6,NA,333987.9,255353.4,160503.3,367382.4,246299.9,296003,236906.9,239167.7,203967.6,260222.4,206561.6,227779.6,219006,376058.3,292382.4
"Frac1_PEP0359_2","SYN0051","GENE0051","(UniMod:4)PEPTIDE359K",401020.7,330999.7,392860.9,483363.6,475617.3,NA,NA,409773.5,NA,308511,420580.8,372053.7,362283.5,476824,588381.8,177868.1,NA,NA,242901.2,NA,173008.8,216068.4,177765.6,NA,348752.7,192295.5,NA,NA,NA,163813.8
"Frac1_PEP0360_2","SYN0058","GENE0058","(UniMod:4)PEPTIDE360K",1771947.4,2160726.7,2460221.3,2441513.6,1973187.6,2233591,1951712,1729008.2,2067583.9,2491762.7,NA,2540775.6,3288803.7,2927703.8,2452176.8,1381861.4,953842.3,789704.2,1126641.8,1488342.2,588747.7,826878.8,1533213.6,938287.9,NA,929630.4,844446.4,802997.9,831530.1,917751.2
"Frac1_PEP0361_2","SYN0129","GENE0129","(UniMod:4)PEPTIDE361K",1253735.1,1155830.8,835860.6,1009395,1555452.3,NA,NA,NA,NA,NA,1394344.4,1371089.2,1527294.9,1722681.4,1288407,NA,NA,NA,NA,NA,NA,2093692,2705505.9,1658319.6,2023489.4,NA,1798132.8,NA,1784893.2,2123178.5
"Frac1_PEP0362_2","SYN0007","GENE0007","(UniMod:4)PEPTIDE362K",989346,683152,973043.5,560359.9,654770.7,793790.7,NA,NA,650330.8,NA,791787.6,807087.1,762907.8,880381.7,1348245.2,703095.3,NA,NA,NA,822746.5,556736.5,528108.2,836379.4,276323.4,882419.3,NA,680049.6,NA,NA,NA
"Frac1_PEP0363_2","SYN0130","GENE0130","(UniMod:4)PEPTIDE363K",1542840.8,1955605,1481109.8,1404056.8,1671523.7,2237543,2422957.4,3175664.4,2198495.9,1954479.1,1214736.4,1822340.5,2239947.5,1515247.4,1243667.2,2355145.4,3596107.4,2990042.9,3132807.9,3108271,4675564.2,3872411.9,4753156.5,3435359.6,3394590.6,3868183.9,3492666.4,4473932.6,4389814.3,5029543.4
"Frac1_PEP0364_2","SYN0008","GENE0008","(UniMod:4)PEPTIDE364K",2131287.3,2305875.8,2259903.6,1289415.8,2424838.8,2869108,2083420.7,1469609.6,1348068.2,2163930.6,1559726.8,1134193.7,2040511.6,1984388.5,2280594.6,660812.5,1040795.6,1009533.4,862510.8,1159798,1169478.1,1510010.8,1327838.1,883618.5,NA,941349.8,963024.8,1335778,955332.9,1378803.3
"Frac1_PEP0365_2","SYN0008","GENE0008","(UniMod:4)PEPTIDE365K",1185857.6,883639.6,1082248.6,945500.7,777246.5,628165.6,579739.3,909615,1037388,940108.7,656618.6,1267132.9,1070333,976136.3,686906.1,1351430,1488159.7,1479578.3,1492527.8,1601734.1,2343079.3,1881427.5,1334370.5,1515700.2,1999270.1,1276318,1441672.2,1368481.8,1889705.6,1847691.5
"Frac1_PEP0366_2","SYN0001","GENE0001","(UniMod:4)PEPTIDE366K",19024.6,NA,25522.9,24368.4,20145.5,12073.8,28710.7,20024.9,19671.2,18953.6,17035.1,NA,25457.7,37066.5,23684.6,18809.6,23695.1,15437.4,25607.5,23086.5,15062.3,27879.8,19476.8,18413.8,32164.6,15686.2,21730.8,29239.9,20439.7,16039.9
"Frac1_PEP0367_2","SYN0112","GENE0112","(UniMod:4)PEPTIDE367K",446546.9,511859.8,622614.9,NA,517237.8,492531.6,401209.1,320981.5,547005,NA,533603.3,811157.6,532428.2,472488.4,412192.7,342992.3,587875.5,NA,258423.3,326247.9,356612,494193,320631.5,352675.5,427470.5,587164.4,286467.7,338912.5,380872.2,252103.5
"Frac1_PEP0368_2","SYN0123","GENE0123","(UniMod:4)PEPTIDE368K",NA,386441.6,345026.2,509812.4,NA,348304.3,NA,NA,544677.7,468360.7,324186.3,435859.1,NA,466849.3,408046.7,182740.5,NA,255887.5,NA,157828.5,219530.7,210757.2,NA,110691.8,149813.4,239771.1,187506.5,128742,298150.5,204621.6
"Frac1_PEP0369_2","SYN0081","GENE0081","(UniMod:4)PEPTIDE369K",1758703.2,2050404.9,1934882.8,1854207.2,1951777.8,1882516.6,3001682.9,2354099,2034356.5,1340939,2259101.9,2265749.2,2970528.1,2517648.4,1861331.9,1122253.3,951176.2,1021850.5,1382912,1441212.9,1160105.2,1534961.1,1115123.7,1734324.1,1247814.5,1690656.8,1419445,2208886.2,1048244.3,1383047.3
"Frac1_PEP0370_2","SYN0078","GENE0078","(UniMod:4)PEPTIDE370K",1249901.3,1252384.1,1250856.4,1158415.2,1297731.4,359867.7,438221.6,439644.9,628038.9,313770.6,1209355.3,1379454.6,1025282.9,1369791.6,1327930.7,NA,222743.7,NA,173545.1,NA,403558.2,300394.1,312403.3,364927,483445.7,NA,NA,NA,NA,NA
"Frac1_PEP0371_2","SYN0062","GENE0062","(UniMod:4)PEPTIDE371K",450152.8,NA,283163.2,306472.4,328819.4,323629.8,455134.1,315162.2,463766.8,NA,238906.6,NA,274089,401256.1,321847.8,690321.5,321036,241200.1,262796.5,303239.3,188737,NA,276250.1,254786.6,242315,NA,203987.2,300822.8,430386.3,NA
"Frac1_PEP0372_2","SYN0115","GENE0115","(UniMod:4)PEPTIDE372K",12327086.4,11000674.9,11770178.1,14272099.6,14876032.8,NA,NA,17716893.5,8308637.2,13835288.1,18615435.4,NA,12828583.4,16650625.7,NA,NA,13827575.5,9773805.9,11212457.3,14092594.6,12391371.4,13504681.2,13009403.4,NA,16555442.2,8378119.1,NA,NA,NA,NA
"Frac1_PEP0373_2","SYN0101","GENE0101","(UniMod:4)PEPTIDE373K",10399194.9,11268401.1,9257864.6,10039752.6,13349019.7,8637630.1,7447349,12683872.1,10164272.2,11208549.5,11966428.6,10982991.2,9073382.3,11404487.3,8617380.2,3755703,3137385.2,3630041.6,4267788.9,2780820.1,4015412.7,3718401.5,3596445.4,NA,1882948.1,4898171.2,4376501.1,4568152.8,2674198.4,3462320.7
"Frac1_PEP0374_2","SYN0054","GENE0054","(UniMod:4)PEPTIDE374K",525511.1,458109.2,409125.5,355196.8,420627.4,NA,338259,NA,528256,647134.2,390838.3,271304.8,NA,506098.7,NA,461567.6,NA,NA,NA,486933.6,530265.2,328038.1,630635.3,463894.1,519453.4,NA,NA,NA,NA,674810.4
"Frac1_PEP0375_2","SYN0101","GENE0101","(UniMod:4)PEPTIDE375K",2005613.9,NA,NA,NA,NA,1813114.5,925788.9,NA,1020480.8,1317127.3,1420323.3,1097583.4,NA,2278081.2,1266731.1,1949815.7,1613956.1,NA,1254983.6,2316775.9,2900427.4,2945509.7,1798053.2,1419080.5,3374796.3,NA,1371777.6,1593078.3,1362495.5,1195012.7
"Frac1_PEP0376_2","SYN0053","GENE0053","(UniMod:4)PEPTIDE376K",1311498,1100926.2,1386869.7,1982939.6,1311709.5,1960101.3,1875997.5,1148986.7,1316002.4,2887653.5,1980163.1,990581.2,1932700.1,1176173.2,1967162.2,1437855.6,1482635.2,1303183.6,1358989.4,1655792.6,1193321.9,1013143,1409600.1,1732668.9,1399817,1196732.8,1887789,1965240.3,1686089.9,1458852.3
"Frac1_PEP0377_2","SYN0051","GENE0051","(UniMod:4)PEPTIDE377K",303884.2,530733.7,NA,284936.2,403263.7,506594,321181.4,329114.8,486264.8,365662.1,484137.3,322426.1,463698.3,339757.9,246682.4,303731.3,266812.1,420194.2,325940.9,350870.9,457994.1,410069.9,301516.5,341085.8,NA,370524.6,296382.8,213427.9,309543.5,284788.1
"Frac1_PEP0378_2","SYN0100","GENE0100","(UniMod:4)PEPTIDE378K",1490693.4,1620941.9,1517143.4,NA,841709,1251973.2,967563.9,1489438.2,1148182.7,1514618.4,1206531.9,NA,1391704.5,764895.5,941443.1,3052628.6,2816069.3,3466125.4,4224309.8,4370040.8,2100804,3074108.2,3006201.8,1808997.8,2966548.5,3714739.4,3535443.2,2017701.2,2275763.1,2929874.6
"Frac1_PEP0379_2","SYN0034","GENE0034","(UniMod:4)PEPTIDE379K",878499.4,923914.2,686926.1,640397.4,1190310.3,1364142.1,1802289.4,931702.9,1300069.6,1621268.7,604524.9,1151702.7,508308.9,638719.2,510744,2357578.4,2282769.1,3167051,2249924.5,2754593.2,1774269.8,1620051.8,1915698.6,1315353.3,1211240.9,2431969.5,2439636.4,NA,1952738.2,1936031.8
"Frac1_PEP0380_2","SYN0079","GENE0079","(UniMod:4)PEPTIDE380K",24136043,12346093,21607784.5,16058220.5,28685058.9,16008622.7,13969314.6,14350409.7,17495535.6,11003527.4,14631053.5,19098108,16097366.3,19489293.6,18393792.5,46813206.9,38975540.4,46907945.6,44633004.1,54034718.4,39928906.5,39906900.5,35564498,43457124.9,31470620.7,37394166.1,27731731.3,43395291.8,51501329,31739558.2
"Frac1_PEP0381_2","SYN0112","GENE0112","(UniMod:4)PEPTIDE381K",1289468.1,NA,2321731.7,1105061.5,1366361,559378.4,530218.5,582159.4,825219.5,427694.9,1436271.9,2214813.9,1297588.2,1262135.2,1206311.4,305597.9,438833.5,312733.5,381404.5,269950,762276.9,634027.9,805634.5,854355.1,1091974.3,366448.8,436760.5,552195.4,377812.4,447503.6
"Frac1_PEP0382_2","SYN0070","GENE0070","(UniMod:4)PEPTIDE382K",NA,149094.3,87541.7,71542.4,106178.3,71757.2,NA,NA,NA,NA,144771.3,100289.8,71939.7,73760.9,83346.5,NA,NA,NA,NA,NA,62239.1,36304.5,49452,34105.6,38132.9,65227.6,32905.7,NA,25187.4,NA
"Frac1_PEP0383_2","SYN0030","GENE0030","(UniMod:4)PEPTIDE383K",725436.2,588016.1,813995.9,392860.8,691123.7,640301.6,683643.7,NA,802125.5,855395.6,453805.5,819979.5,643569.2,469843.3,644629.6,588469.2,730694.8,581512.1,597390.9,494359,394409.7,551923.7,509498.6,397106.2,594740.3,865379.5,454893,434282.6,502037.9,577688.2
"Frac1_PEP0384_2","SYN0027","GENE0027","(UniMod:4)PEPTIDE384K",287510.6,262205.4,273611,176244.2,199954.8,55068.7,82831.2,57741,117264.2,58493.8,157612.3,261128.2,146873.1,231543.6,193121.7,107994,101229.1,89721.1,138800.3,NA,188021.8,178859.7,148683,287694.5,259337.9,76013.7,117162.9,124625.7,98900.2,78215.2
"Frac1_PEP0385_2","SYN0012","GENE0012","(UniMod:4)PEPTIDE385K",126315.2,68338.2,NA,129949.8,NA,81452.1,118073.9,80394.8,NA,NA,139205.3,102291.3,99688.3,NA,NA,NA,NA,NA,53397.3,48466.2,44250.3,54290.3,82702.6,NA,103275.6,64542.4,45097.4,NA,NA,73932.1
"Frac1_PEP0386_2","SYN0121","GENE0121","(UniMod:4)PEPTIDE386K",3680038.4,4682515.3,5562276.4,5689600,NA,3910341.1,3856076,4713346.8,NA,4860683,5572188,7122771.5,5490869,5060045.6,4095031.2,1962368,2507540.3,2841888.2,2996961.1,3510721.3,3293488.7,1439953.3,2074738.5,2611634.8,2655984.3,2117112.5,2271391.4,3471463.4,3015071.2,2524597.6
"Frac1_PEP0387_2","SYN0082","GENE0082","(UniMod:4)PEPTIDE387K",3720567.3,3959675.8,NA,4176653.3,2997833.6,NA,NA,4190842.3,NA,4368922.5,3524204.1,4275475.3,2825331.7,3912266,4552930.5,1576865,NA,1695960.7,NA,NA,1870449.7,2246796.4,NA,2314255.1,1960365.7,1949608.9,NA,NA,1864418.8,1631113
"Frac1_PEP0388_2","SYN0096","GENE0096","(UniMod:4)PEPTIDE388K",7909284.8,9120668.7,9026495.9,15238689.6,9810283.5,11486290.3,14810761.6,14770293.1,9068838.5,9097376.6,12085177.4,NA,17560550.5,13420431.3,10731378.4,7749682.6,5415808,6986608.9,7024053.8,6838617.9,6812908.9,8755083.9,9693779.7,14352224.8,5513539.7,6784804.1,5402294.3,5361239,5533427.7,7068498.1
"Frac1_PEP0389_2","SYN0021","GENE0021","(UniMod:4)PEPTIDE389K",939154.7,1397409.7,888708.4,1446870.4,1470495.3,1169166.6,1089045.7,793563.8,569708.3,1008671.7,1030290.4,992349.1,1307898.8,874940.1,1739216.7,333626.6,273047.3,270150.7,362298.5,364247.8,454449.7,596689.1,692307.6,661930.1,688462.7,425247.8,645474.3,293287.3,NA,469442.8
"Frac1_PEP0390_2","SYN0084","GENE0084","(UniMod:4)PEPTIDE390K",319260.3,390822.4,386178.8,317249.5,423771.6,266797.8,212698.2,220521.3,259480.9,305412.8,455025.3,NA,295843.4,364569.5,285505.5,131707.5,169126.1,227526.1,251092.5,261169.4,487865.3,345562.8,281251.7,404278.9,254626.7,160802.3,215341.5,291855.2,220142.2,255181.9
"Frac1_PEP0391_2","SYN0122","GENE0122","(UniMod:4)PEPTIDE391K",1548976.9,1399086.3,1668052.4,1579410.9,1466453.6,1334095.7,1344385.6,1433975.7,2004185.3,1544134.4,2273004.1,2196434.6,2078438,1278925.1,2137347.5,1991940.5,1690779.9,2794855.7,2332483.4,2053237.4,2295883.2,1555897.1,2566095.4,NA,1611715.9,2562447.6,3245211.2,2984307.4,2594085.8,3005510.2
"Frac1_PEP0392_2","SYN0033","GENE0033","(UniMod:4)PEPTIDE392K",142717.1,190849.8,181176.2,204221.7,238231,NA,NA,NA,NA,NA,197754.6,162568.8,142889.1,217875.3,160406.3,313881.2,NA,NA,554917.2,NA,371618,440411.2,440995.2,346551.2,414705.5,444707.1,NA,310230.1,NA,NA
"Frac1_PEP0393_2","SYN0008","GENE0008","(UniMod:4)PEPTIDE393K",88164.2,130762,179565.5,88155.9,114617.1,122831,112601.9,76181.6,108521.3,120620.7,122100,83042.8,127921.5,94966.9,102181.4,54652.4,54886,56276.4,65005.4,69413.3,67775.4,64492.5,81247.8,64014.1,48269.8,55113.6,78515.1,72289.6,52653.8,47061.3
"Frac1_PEP0394_2","SYN0094","GENE0094","(UniMod:4)PEPTIDE394K",6756255.1,5129058.9,NA,7913223.5,5786248.6,9702023,9016002.5,5972991.5,9153157.1,5639257.3,5559816.3,NA,12634068.4,10453556.3,12930913.1,8024484.6,10094698.4,5120844.5,6534766.6,5155217.7,4404534.5,6139389,5065606.6,6454336.3,5689173.3,5791505.6,6610598,4242887.3,6831525.4,6168648.9
"Frac1_PEP0395_2","SYN0046","GENE0046","(UniMod:4)PEPTIDE395K",2080206.8,2006595.6,2427621.8,3081566.5,3051188.6,1843593.5,2030679.9,NA,NA,NA,3379508.4,1790264.4,NA,3198136.9,1913275.7,2491091.7,1701149.2,1355391.8,NA,1345775.5,1449154.1,1640251.1,1884406.2,2307483.9,2159569.2,NA,1447139.9,1951608.7,NA,1337923.2
"Frac1_PEP0396_2","SYN0033","GENE0033","(UniMod:4)PEPTIDE396K",3272174.7,2221296.2,NA,3908819.6,2975285.1,NA,NA,NA,NA,NA,3736062,3925599.9,3385894.4,2859077.8,5354297.2,NA,NA,NA,6100841,4712416.6,9391441.5,6498565.2,7824273.7,6212532.2,4484272.6,NA,NA,NA,5912138.4,NA
"Frac1_PEP0397_2","SYN0078","GENE0078","(UniMod:4)PEPTIDE397K",2644708.8,6412091.5,3964463.1,4717592.1,4246124.8,5488243.5,2782991.7,3906530.9,3097471.8,4039830.4,2869666.7,4088738.7,3171303.4,4749376.6,4228860.1,4653630.7,2779437.4,3955050,5061330.2,5835345.6,3557505.4,3313015,4904690.7,6575400.2,5383058.6,3027665.2,5437504.6,4114330,4628666.7,4284464.6
"Frac1_PEP0398_2","SYN0116","GENE0116","(UniMod:4)PEPTIDE398K",508687.6,653617.9,626379.7,536906.7,472063.9,3130105.3,3273039.2,2650857.9,1874246.3,2158097.7,763713.7,683236.8,771857.9,434810.4,749007.3,3749936.8,3291315.1,5476616.7,4727328.2,5550389.8,1104688.4,1020703,1537332.3,1361785.3,1678401.4,5300099.2,4466871.3,5447128.9,5306218.6,3871358.2
"Frac1_PEP0399_2","SYN0018","GENE0018","(UniMod:4)PEPTIDE399K",196639.8,252314.3,187060,261329.4,198295.4,423902.4,293816.4,428999.5,206660.3,172684.2,231630.4,225568,NA,170117.9,NA,385083.7,540668.2,NA,440426.8,NA,NA,214644.9,144682.7,237044.7,196583.7,NA,510547.2,NA,323763.4,NA
"Frac1_PEP0400_2","SYN0073","GENE0073","(UniMod:4)PEPTIDE400K",791446.8,1061542.8,819932.2,845493.8,621624.3,747749.9,696704.7,1062580.8,1110561.7,843109.4,NA,805785.7,1066212.5,699659.2,786915.5,1086480.3,891386.5,1195552.8,922214.7,1419203.1,1608262.5,1347574,850478.1,1106105,1227792.5,1669946.2,1940119.7,943579.3,1969279.5,1928761.1
