"Precursor.Id","Protein.Group","Genes","Proteotypic","S01","S02","S03","S04","S05","S06","S07","S08","S09","S10","S11","S12","S13","S14","S15","S16","S17","S18","S19","S20","S21","S22","S23","S24","S25","S26","S27","S28","S29","S30"
"Frac2_PEP0001_2","SYN0100","GENE0100",1,2289965.2,2661760.2,1040562.5,1296848,1738707.2,1795654.5,NA,1593577.9,3234880.8,2273410.3,1918613.9,2028132.8,1502253.4,1552391.7,3105468,1714103.9,1875827.3,2928250.5,2815435.4,3000158.9,2766836.7,2293569.7,3348242.9,2571956.5,2348106.3,1916790.5,3301675.9,2694063.1,4467638.4,2907584.5
"Frac2_PEP0002_2","SYN0104","GENE0104",1,243151,348372.1,235897.8,493620.2,377356.5,NA,NA,919545.6,NA,NA,252917.9,241613.5,308258.3,394530.1,236182.3,NA,482610.2,635089.4,NA,NA,151067.8,84615.2,160532.7,203094.4,261312.8,NA,377854.8,521686.3,410797.7,NA
"Frac2_PEP0003_2","SYN0051","GENE0051",0,1154777.5,1207512.7,1319693.5,1567317.4,1695801,NA,NA,1289594.1,1011262,1591662.5,1191904.1,1563675.8,849879.1,1098513.5,1189524.6,8251324.4,11041825.2,NA,NA,NA,7262405.5,11602696.7,8919242.4,12270182.8,6425835.5,NA,NA,5798278.6,NA,NA
"Frac2_PEP0004_2","SYN0073","GENE0073",0,17676642,11797509.3,9513306.8,13232832.6,11634624.5,18580218.3,10984435.3,11204168.3,10303607.7,10531336.1,17327778.1,15484432.2,17590768,10889743.6,7480429.4,9725142.5,8147631.3,11517712.2,5254481.2,4020995.7,6447854.5,6342149.2,7391843.6,6185487.5,4316573,9460500.4,7049256.5,5818774.1,5336933,7778379.1
"Frac2_PEP0005_2","SYN0024","GENE0024",0,357057.5,415271,368398.3,350707.6,494771.5,343462.6,337552.4,403792.2,615330.5,411102.8,415672.5,479891.9,300961.2,354014.9,308149.2,448103.8,577397.9,466538.1,428934,468787,343063.4,363594.2,372250.1,NA,777257.5,523573.5,562655.2,455145,240064.7,694970.6
"Frac2_PEP0006_2","SYN0023","GENE0023",0,330870.2,125571.3,201911.9,220394,227494.2,242025,224574.4,183931.3,NA,133572.4,272139.8,244808.4,317938.6,190648.7,176424.9,459844.3,482776.1,334077.9,406884.5,298549.4,529845,545007.7,566656.3,569392,411955.8,371294.6,595970.4,449346,544201.1,352254.7
"Frac2_PEP0007_2","SYN0084","GENE0084",0,203635.6,NA,186432.9,189982.2,175108.6,230007.8,170488.4,83799.8,128987.6,137504.6,156256.7,314325.2,NA,146086.2,239428.3,NA,NA,358522.8,291902.6,NA,421174,298242.3,357069.4,NA,347997.3,440749.5,318345.6,NA,389718.5,NA
"Frac2_PEP0008_2","SYN0060","GENE0060",1,3092640.2,3684112.7,4600658.3,3902948,2929958.1,NA,NA,NA,3226559.3,NA,2898121.5,3131615.6,2577879.8,4984411.1,3266141.2,2576571.4,NA,NA,NA,NA,1873699.5,1292394.8,2106719.8,2946712.9,2652267.2,NA,2544570,NA,NA,NA
"Frac2_PEP0009_2","SYN0081","GENE0081",0,275387.1,426896.8,266248.2,341439.9,323153.6,253251.5,309529.8,327982.2,299211,214368.7,220196,188633.5,462881.6,341542.2,180969,339389.7,419464.2,375715.1,363879.9,520685.8,373596.7,274473,287028.3,330878.1,382754.4,579626,555111.4,NA,360513.7,497001.6
"Frac2_PEP0010_2","SYN0100","GENE0100",1,32681889.4,27366660.8,23807660.6,30767010.2,30746605.8,21149929.8,22332206.1,34116532.1,26989434.3,36955232.7,27913832.4,24379561.9,37410281.3,32727089.5,19671400.9,42217942.3,30107358.9,37874159.2,34258609,31101739.9,24112151.2,41311635.9,43335316.3,43626335.6,42039759.5,32420328.8,44502927.7,33727871.2,31102891.8,36513862.1
"Frac2_PEP0011_2","SYN0075","GENE0075",0,1008116.2,1076791.9,884187.8,1242397.2,1384323.2,NA,NA,NA,1084795,1298532.8,1124746.6,945061.9,937521.5,1937532.9,767605.6,NA,NA,2069069.7,NA,2235771.9,1598109.4,2861083.3,1794099.2,1977822.6,1469367.7,NA,NA,NA,2081753.5,NA
"Frac2_PEP0012_2","SYN0088","GENE0088",0,1091411.9,783328,990674.2,1478919.8,743429.5,1310333.2,996744.3,984208.5,926544.9,989728.3,823074.8,888159.1,687375.3,1041642.3,765236.3,2054226.7,1804349.1,2990376,2474313.6,1776375.3,1409184.5,2680442.4,NA,2383488.8,2209728.3,3019854.8,2371768,2085618,2892978.6,2450147.6
"Frac2_PEP0013_2","SYN0001","GENE0001",0,884283.4,NA,723577.8,985836.1,NA,NA,653753.4,331046.9,NA,361652.2,593764.8,544642.8,710478.3,855032.2,547800.2,251410.3,392050.7,219281.7,343254,NA,NA,NA,450633.7,459466,552628.7,NA,382326.7,240125.3,NA,251751.5
"Frac2_PEP0014_2","SYN0034","GENE0034",1,262312.8,236378.7,308129.6,216506.8,315328.9,NA,NA,NA,NA,NA,284001.5,200212.5,168736,319593.4,NA,NA,102416.5,NA,119181.8,NA,153919,207843.2,200679.4,203569.3,132420,NA,NA,NA,NA,NA
"Frac2_PEP0015_2","SYN0022","GENE0022",0,NA,467213.3,NA,764076.3,534165.2,NA,NA,NA,NA,NA,395173.9,895642.2,812557.3,620373.4,639402.1,NA,674834.9,614726.7,NA,NA,NA,503750.8,507175.5,464030.3,689121.4,NA,NA,801621.9,555138.3,NA
"Frac2_PEP0016_2","SYN0025","GENE0025",0,2626179.4,NA,2286834.2,NA,2604482.5,1620279.4,3056152.2,2833321,2711305.1,NA,2823596,1781577.8,1772435.5,1894742.1,1914016.5,NA,1952095.2,NA,2078945.3,1617790.3,1438394.2,1070414.2,944876.6,1794750.5,1783883.8,1842726.3,NA,2080915.4,1575815.7,2012641.1
"Frac2_PEP0017_2","SYN0002","GENE0002",1,NA,1297485.4,882065.7,NA,530173.7,776763.8,917912.4,1048444.8,778151.4,803043.3,623381.7,760881.9,617372.3,NA,NA,1024295.4,704318.5,1277222.1,NA,NA,1109268.8,1126999.7,896194,NA,1029513.6,913398.4,1074646.7,920857.3,NA,1188246.3
"Frac2_PEP0018_2","SYN0066","GENE0066",0,1353270.7,1467918.5,1010628,894666.9,579786.6,706659.2,1026389.2,NA,NA,NA,900677.1,711637.1,1102524,816836.8,1332662.6,NA,NA,1475374.2,NA,NA,2559355.3,2342537.3,1018247.5,1385260.1,2077280.1,1979128.8,NA,NA,NA,1926547.4
"Frac2_PEP0019_2","SYN0091","GENE0091",1,617267.9,NA,497716.6,NA,748742.6,666751.9,304740.8,372999.6,589389.4,NA,NA,678569.6,382568.2,NA,609399.2,1074735.5,683870,707485.1,909864.9,1155237,819666.4,948983,829245.9,860582.6,NA,760485.5,1152604,952668.5,1057330.9,984082.6
"Frac2_PEP0020_2","SYN0079","GENE0079",0,4857365,4445823.7,5170524.6,3599546.7,5632994.1,8343082.2,3624489,3495249,3855227.6,8561804.8,3835422.7,3130979.5,3457110,4747631.5,4939890.8,2054805.3,3618495.4,2237827.6,1806283.5,2778347.3,1468857.6,3025279.2,2086982.7,2210757.2,1864181.6,2222982,2366226,2133431.5,2055310.8,2140799
"Frac2_PEP0021_2","SYN0047","GENE0047",0,NA,506266.5,365217.2,237793,328155.4,292606,319407.8,NA,323759.8,265442.7,362481.3,320551.2,488702.4,248717.9,371713.9,290904.4,310976.2,259723.7,NA,309556.1,241576.6,NA,392108.1,371160.1,NA,207638.1,212272.6,314842,455279.8,NA
"Frac2_PEP0022_2","SYN0133","GENE0133",1,1257658.8,896795.3,801784.2,1399496.1,1336698.9,1115541.3,1212408,1193674.6,NA,1252551,927542.1,1241396.8,870576.2,NA,1021286.1,889406.6,609357.2,903288.1,447644.5,740717.6,NA,696371.7,812823,644884.1,805392.4,436552.3,NA,804308.4,750866.2,753329.7
"Frac2_PEP0023_2","SYN0019","GENE0019",0,213197.3,211439.5,183142.3,265232.1,271028.4,253681.1,256376.4,167287.6,219269.9,292982.4,167010.1,208146.5,231816.8,201844.5,252207.3,408130.3,329239.7,538409.8,397101.8,206115,404267.9,326123,561543.3,408085,279436.8,301064.7,400113.8,532268.4,492626.2,607137.6
"Frac2_PEP0024_2","SYN0003","GENE0003",1,1657800.5,2068790,1470204.4,1473494.9,1558668.2,2332740.5,1492812.7,NA,1872238.5,NA,1465954.1,1725565.2,1718934.2,2293070,NA,NA,2828948.4,NA,NA,NA,NA,2553892.5,2289207.5,3707894.4,4869010.9,NA,NA,NA,2684002.3,2044330.9
"Frac2_PEP0025_2","SYN0032","GENE0032",0,1569956.7,2206187.5,3407435.5,3333209.6,2363650.4,1797129.7,2562045.7,2121665,2363003.1,2442694.1,3221289.1,3639265,1838120.9,2863335.5,2274830.3,486073.9,551654.3,736900.5,1206066.3,868459.1,739678.8,863463,698985.5,887822.9,NA,720185.4,1117652.1,824490.5,773137.9,874677.1
"Frac2_PEP0026_2","SYN0128","GENE0128",1,1136771.1,467191.3,495053.6,457656.6,605625.2,NA,NA,NA,701796.6,NA,534586,743584.9,433177,476116.7,668937.5,999880,NA,578372.6,NA,709880.2,793204.1,435187.1,1114991.3,803709.4,824122.1,703342.2,NA,982446.4,NA,1334345.9
"Frac2_PEP0027_2","SYN0024","GENE0024",0,4181586.4,8634588.3,6686212.8,8751553.3,6683984.8,6937046.8,9404127.6,5703297.3,5974716.6,7306506.7,NA,7185477.5,12273040,8957194.4,5910772.9,5949604.1,5805693.2,6108639.6,NA,7934580.1,6802012.7,3196775.5,7090393.5,4774590.4,7357239.6,3291966.1,NA,6912533.9,6660015.3,10985966.9
"Frac2_PEP0028_2","SYN0084","GENE0084",0,11291691,14212270.7,8033474.4,8906100,9209687.1,31306489.5,24143532.5,NA,NA,NA,13121784.4,14594385.2,8316770.6,7997091.8,8934648.5,NA,NA,NA,25429118,NA,6434631.2,7556236.6,9108392.2,6080821.8,7369311.7,17902905.3,23980396.3,NA,NA,NA
"Frac2_PEP0029_2","SYN0031","GENE0031",0,NA,597413.7,1121971.7,1068537.2,885266.6,716507.8,1034005.6,NA,938846.6,934373.2,901358.1,1261071.5,862528.6,946887.8,1022189.4,NA,NA,1263374.4,868798.6,1242100.2,846320.9,916093.1,1083606.4,1067095.6,1486531.4,886797.3,NA,990821.7,NA,822371
"Frac2_PEP0030_2","SYN0025","GENE0025",0,910232.6,NA,1357523.9,912319,1130733.2,NA,3621549.3,3735820.2,4059703.6,NA,1045580.8,858367.9,1232354.2,1291379.8,1181300.3,NA,3738279.3,NA,NA,NA,1073950.5,1068247,1170894.5,806977.1,714943.8,NA,NA,3047704.4,NA,NA
"Frac2_PEP0031_2","SYN0088","GENE0088",0,247334,162098.2,248445.1,238450.7,288132.6,183626.8,117972.5,142976.9,127231.6,190701.5,226790.9,319669.6,226063.5,361671.7,330346.4,56260.3,69430.5,59604.8,71380,NA,156909.7,241359.9,186291.8,94151.6,126693.1,66093.5,52590.7,56396.1,68205.2,64867.8
"Frac2_PEP0032_2","SYN0102","GENE0102",0,3963965.2,4303425.9,6429501.3,3501961.4,5049809.3,2832766.5,3501274.6,5976481.6,5563310.5,2794831.6,2025325.8,4197028.4,2744300,3805695.4,NA,3888366.2,2994875.9,8291691.5,4418319.5,4662990.7,2749904.6,4400829,4901272.9,3624187.4,NA,4780651.4,4275659.5,3243596.1,4586497.4,4092328.7
"Frac2_PEP0033_2","SYN0081","GENE0081",1,428459.4,520283.9,467825.8,NA,493722.4,523051.7,243553.9,293217.2,421512.3,398700,544261.6,461203.7,414719,473469.7,576659.2,206202.5,133980.9,170793.8,339487.4,133228.9,163227.6,112470.1,202423.4,223553.5,NA,105578.9,213062.4,188413.7,130646.6,118674.6
"Frac2_PEP0034_2","SYN0024","GENE0024",0,771750.7,961505.8,1422904.1,1006376.5,1395402.3,1256782.8,1771486.3,849353.1,792985.1,1216656.2,1165297.2,1646827.4,NA,1334730.3,900070.7,517412,609781.7,1106318,598367.1,733449.2,596968.9,422392.2,426047.1,518305.7,778376.4,731553.9,545158.3,663180.2,674531.1,748369.1
"Frac2_PEP0035_2","SYN0042","GENE0042",1,515354.6,440445.3,448009.6,546851.4,712851,NA,86526.7,128848.6,NA,NA,573045.4,733304.4,600006.8,739888.2,699988.9,356303.5,NA,NA,NA,460424.8,1331405.9,1306776,2019444.7,2002509.7,1584411.5,816300.4,NA,NA,NA,383547
"Frac2_PEP0036_2","SYN0014","GENE0014",1,1620415.4,1483664.1,1571342.6,1633042.4,2063817.1,2810253.8,NA,2538955.6,NA,1571707.2,1707875.4,1527789.4,1965686.6,1992517.3,2459051.8,1259828,1305280.5,NA,NA,NA,1897421.2,985922.6,1506221.4,1586026.4,1946359.4,1559498.9,1983326.4,NA,NA,1712241.6
"Frac2_PEP0037_2","SYN0007","GENE0007",0,4859799.9,3421839.5,4679056.5,5156997.9,5011631.7,4547871.1,5074698.8,4623892.9,5158897.5,5903675.6,4958689.6,NA,3942100.2,6713312.9,4500424.2,10436485.8,7476386.6,11400255.4,6577135.5,6292524.6,4704811.5,4298317.3,9008575.9,10119459,7013009.3,7517662.3,8351961.1,10119373.6,7764876.2,9042799.6
"Frac2_PEP0038_2","SYN0119","GENE0119",1,2485124.1,1735968.3,1694059.7,1386441.9,1230602.4,1282500.9,2353020.3,1669850.8,1407105.3,2686102.8,1479740.2,2285851.5,2141287.9,2472587.1,1469103.6,1711867.7,1821779.7,957605,2192356.2,1497773.4,2298744.6,1286937.6,1264835.1,1445505,1544416.1,1308604.6,1270063.8,1453680.1,1443988.7,1366139.6
"Frac2_PEP0039_2","SYN0092","GENE0092",1,588576.4,381121.7,883340.1,706605.3,642602.9,535284,418794.8,525668.4,485541.4,460954.4,492564.2,571189.9,426002.1,393066.4,536308.7,98505.1,248083.2,152491.7,131573.5,232839.9,152252.1,227585.1,171891.9,298181.8,158087.1,158811.7,90022.2,145083.2,188190.1,207727.6
"Frac2_PEP0040_2","SYN0059","GENE0059",1,2471051.4,4277826.7,4200399.4,3167745.3,2764024.6,NA,NA,NA,2731267.3,3607091.4,3509576.1,3847179.1,4269016.3,NA,3103267.9,1280719.3,1093140.2,NA,1093857.6,1635161.2,1709848.7,969057.4,1130569.5,864319.5,1061176.9,1156722.6,1167018.4,NA,1482803.3,NA
"Frac2_PEP0041_2","SYN0099","GENE0099",0,3574942.5,3866173.8,5427043.6,6222022.5,5645781.6,5776518.7,5012337.1,4797888.1,4246281.4,3633354.7,4696979.7,4648022.3,6415931.4,4815079,4687683.6,3891654.2,5463055.6,3900929.1,3055974.7,4032051.8,8239589.9,6142587.2,6967765.3,4665052.3,NA,4798542.4,5174403.5,3811988.4,3880538.3,4789812.8
"Frac2_PEP0042_2","SYN0025","GENE0025",0,161069.3,151022.7,NA,162988.3,183427.4,187147.6,155927.5,216898.4,155841.1,163429.6,158217.3,204193.2,182098.1,200055.4,306082.8,475429.8,372806.1,414169.3,340115.4,441706.9,389533.9,494855.4,NA,360096.5,276804.2,517861.6,NA,392159.3,448529.8,373672.5
"Frac2_PEP0043_2","SYN0131","GENE0131",0,147579,167707.8,254472,169493.5,256000.1,249316.7,202869,189478.4,231592,186767,204410.1,163016.1,223548.3,140512.4,282994,219701.3,176136.6,195478.2,182809.7,126692.9,168852.4,120103,154876.8,123915,180100,197354.2,126491.5,136946.8,NA,167406.1
"Frac2_PEP0044_2","SYN0043","GENE0043",0,5095917.7,5753530.4,6301582,6651910.2,NA,5944964.5,7487929,10298502.7,6560290.7,6801526.4,6158056.4,6253662.5,8730112.2,6175699.6,6317618.6,4258776.2,4272404.3,4602860.5,5078147.7,2352229.1,2874911.2,3160548.2,3431026.4,3399949.1,3219466.8,NA,3081768.2,5420314.7,3388680.5,3978244.7
"Frac2_PEP0045_2","SYN0124","GENE0124",1,4406137.3,4362583.1,4664986.7,2829912.9,3726582.7,1764601.3,2237843.1,NA,2095778.9,2558274.9,3382069.4,4820583,4128856.5,3989310.9,3182840.6,5010631.6,6164307.7,4017834.5,6948483.6,5016099.3,8187285.6,9890119.8,10234145.6,9271730.9,6666504.9,4022840.1,5372755.4,3895845.3,3700738.6,5229290.8
"Frac2_PEP0046_2","SYN0119","GENE0119",1,5291777.5,6234073.3,4592049.6,3922137.8,7098405.8,4959684.9,6318158.7,4255227.2,5089121.7,4260643.6,6203728.4,5128374.1,4006437.3,4577139.1,3948847.7,14701931.7,13560184.8,8530575.5,12454892,11174211.4,9587224.1,NA,9986344.4,10805137.1,11287718.8,12695720.3,14669228.4,14723496.3,12031757.7,11056358.5
"Frac2_PEP0047_2","SYN0126","GENE0126",0,592542.7,NA,NA,662508.5,387185.1,427184.8,432313.4,310707.9,674246.3,562264.2,494200.9,551577.1,NA,NA,554172.8,292914.3,390236.3,245192.2,NA,237271.1,365300.1,406036.7,NA,408111.8,395113.5,NA,393667.1,343297.1,302565.4,338355.9
"Frac2_PEP0048_2","SYN0048","GENE0048",1,144978,196583,178706.9,128792.1,192073.3,NA,NA,75063.8,NA,NA,147063.2,108380.6,120884.5,217346.5,140113.7,NA,135802.1,NA,NA,117595.3,229890.8,191013.7,291112.5,225114.1,174952.3,NA,NA,105579.6,NA,NA
"Frac2_PEP0049_2","SYN0106","GENE0106",1,372738.3,470951.1,442518.5,265454,414882.7,312635.3,NA,NA,226801.8,NA,288275.4,659276.3,NA,473490.5,489397.4,NA,688030.7,432286.4,NA,NA,876391.5,945564.2,404665.2,519379.2,1313129.8,NA,NA,419209,NA,487911.2
"Frac2_PEP0050_2","SYN0009","GENE0009",0,1926486.1,2266283.9,3007186,2779824.1,2764994.6,1937189.6,2854976.2,2245062.4,2426791.4,2619452.9,2082045.3,3363906.1,2184473.5,2253055.3,3257547.7,5274109,4396819.8,4057353.1,5104295.7,5119256.8,3543712.2,6554081,5181072.6,3687966.8,2604161.9,4952509.1,4868089.5,4513305.9,5015537.6,3241781.9
"Frac2_PEP0051_2","SYN0062","GENE0062",0,2161234.5,1867545.9,2199336.6,1618550.8,1712821.4,559921.7,543265.4,868670.6,407365.3,1047781.2,2422695.4,2714303.3,3030912.3,2792282.5,2620896.6,459987.1,522990.5,680820.9,564961.4,483711.2,3225317.3,2024639.6,1891672,1797457,2578451.8,401086.3,698597.1,654565.3,432747.3,404425
"Frac2_PEP0052_2","SYN0106","GENE0106",0,5944981.7,6448532.8,NA,3483193.5,5470864.3,4382175.5,NA,NA,NA,NA,4374539.8,4374434.3,3685836.2,5284165.8,4746701,NA,NA,NA,NA,6017650.1,7694370.7,6018201.5,8009716.1,7118441.1,5047018.9,NA,3995222.6,NA,10548498.9,5104781.6
"Frac2_PEP0053_2","SYN0100","GENE0100",1,2865109.7,1879212,3346355.3,2413358.9,3725733.7,2746547.2,2730873.4,3380610,2167105.3,2462951.4,3057560.6,3264263.8,3167758.6,2953129.7,3135498.4,1868857.1,2162601.7,1062151.8,2433600.9,1610457.2,1935969.6,1763357.2,2435220.8,1872574.1,3540543.8,1975877,2541383.4,1448582.6,2387562.7,1969933.8
"Frac2_PEP0054_2","SYN0102","GENE0102",1,NA,NA,6178095.4,9779613,5584365.2,NA,NA,NA,7166911.8,5365067.8,5049176.3,4162206.9,6486218.9,8763366.3,5738723.9,NA,NA,7486073.1,NA,NA,22338355.5,11169312.3,16374209.6,13807166,11396740.3,14689445.9,NA,NA,NA,NA
"Frac2_PEP0055_2","SYN0030","GENE0030",1,613384.4,335450.4,281645.5,352045.1,366041,260624.8,324701.3,249081,195437.6,268198.6,382567.6,365343,315475.6,498044.7,371696,NA,208372.8,142059.3,147427.3,169755.9,279059.7,401769.5,300916.2,421294,347784.2,145271.9,NA,298174.2,183965.8,110970.2
"Frac2_PEP0056_2","SYN0108","GENE0108",0,500762.2,295041.2,391043.3,428737,445295.9,614798.6,NA,405100.5,NA,263610.4,366688.6,358315.4,361542.3,470861.3,315463.8,NA,NA,NA,NA,89237.7,80732.2,73233.3,77569.3,66794,109206.8,70578.4,NA,NA,95491.5,NA
"Frac2_PEP0057_2","SYN0128","GENE0128",0,102586.6,127771.1,114426.9,187579.8,155859.9,118026.6,NA,NA,NA,NA,142296.2,177426.3,211068.6,131494.4,103175.3,NA,61577,47083.2,56088.3,NA,47845.5,30646.8,64542.9,40536.8,33437.6,NA,NA,NA,NA,NA
"Frac2_PEP0058_2","SYN0120","GENE0120",0,2325462.2,2998351.6,4091779.8,3394431.3,3821823,2335325.8,2811320.7,3555568.9,2797911.4,NA,2596773.1,2582457.8,3694189.7,2234959.9,NA,1626312.4,2419733.5,2361396.3,2648257.9,2984902.8,2583443,2006849.7,3126503.4,2156733,1947483.8,2785344.5,2656100.6,2415132.2,2949322.6,2941505.4
"Frac2_PEP0059_2","SYN0119","GENE0119",1,410560.8,581137.8,359460.5,582207,390882.1,510105.1,325567.9,600515.3,519911.5,706341.9,471504.6,474990.3,774986.1,369248.5,334866.5,1279816.5,1779323.6,1664651.2,949493.9,1831937.2,1046214.6,889806.9,987417,1093659.6,1062378.8,1734692,1101512.9,1064813.3,983286.1,1478503.6
"Frac2_PEP0060_2","SYN0105","GENE0105",1,69922.3,65984.9,52228.5,62509.3,68603,77783.4,71083.5,49462.2,45278.9,99078.9,72744.4,80644.6,80591.7,73825,53745.6,36205.9,46092.2,44249.3,32229.5,59804.2,36820.5,58693.9,58284.7,61740.8,60740.3,45852.6,82225.9,44432,62769.8,38816.3
"Frac2_PEP0061_2","SYN0123","GENE0123",0,12769534.8,6578072.8,13127948.3,11458451.2,17978532,7938883.2,6232440,14597844.1,8308337.1,9661265.2,8099373.5,9317728.3,9161610.2,10391856.9,10877421.9,11757575.9,15754225,12169886,12619608.4,13116756.9,15091053.7,14842731.3,16134401.5,12797727.2,18121961.3,10735602.3,14133126.6,15029117.8,11866923.1,10085155.1
"Frac2_PEP0062_2","SYN0031","GENE0031",1,1027295.5,1447483.6,905654.9,968324,611612,NA,897877.8,NA,785565.4,NA,691319.3,1008847.7,555076.1,662626,NA,NA,684119.8,NA,421601.4,403022.5,426252.9,462376.1,372455.9,441668.8,326097.1,588664.9,NA,NA,NA,NA
"Frac2_PEP0063_2","SYN0080","GENE0080",1,7959827.3,7123554.2,6534141.5,6874541.7,7660516.5,8819565.3,5089769.4,6370299.5,11433640.5,8466624.4,7665076.9,5610512,7134465.4,6999094.8,8593733.2,3658617.6,NA,3990762.5,3849053.4,4389152.3,2327676.1,4754963.9,3783309.8,3879251.6,3339761.5,3402027.2,5111477.8,3483293.7,NA,3713817.6
"Frac2_PEP0064_2","SYN0107","GENE0107",0,100768.2,145195,151432.8,142819.8,180700.6,332276.2,314824.4,396806.8,367326.3,260966.5,176315.7,219550.6,187935.7,119018.6,120628.6,801230.4,600286.7,421901.1,584469.8,521922.5,287471.1,227465.9,287170,248360.6,NA,502922.9,544095.3,550573.3,636500.3,327248.4
"Frac2_PEP0065_2","SYN0073","GENE0073",1,189563,162987.7,293789.8,247209.6,354745.5,NA,NA,233093.1,NA,NA,NA,305831.5,200935.4,326052.7,182995.9,NA,368209,NA,NA,NA,269059.8,487066.2,343746,268580.1,392212.5,420975.9,NA,NA,281427.1,209794.1
"Frac2_PEP0066_2","SYN0068","GENE0068",0,6272703,4342558.8,5028512.1,NA,NA,6343197.1,5891107,8417244.1,8019228.6,3871618.1,6999744.2,6095503.3,NA,7481496.1,6270724.2,5327463,NA,5250514.5,3163044.9,5801291.9,6001097.5,4468301.6,5072798.9,5065406.8,4575338.8,3220621.9,NA,3603244.8,7759933.7,4414223.9
"Frac2_PEP0067_2","SYN0003","GENE0003",1,436696,642350.3,574199.3,638330.1,355011.6,547276.8,472826.1,412110.5,436068.3,514848.2,368403.1,470932.2,422160.7,345882.2,NA,393776.8,234364.8,349820.6,229018.5,200064,323268.4,227571,330167.5,307825.6,218142.5,146969.2,261473.2,215550.5,303658.5,189783.8
"Frac2_PEP0068_2","SYN0104","GENE0104",1,428956.5,305551.9,571181.3,413193.6,684705.1,61285.7,103877.8,78413.8,82874.4,138174.2,596318.3,527092.8,512376.1,377740,504401.3,68405.1,70600.1,44877.9,62827.1,100369.7,345211.8,457215.9,308130.9,299270.7,403061.9,68095.5,81080.4,50012.7,99619.5,81024.5
"Frac2_PEP0069_2","SYN0121","GENE0121",1,1846141.9,1592979,NA,2483246.2,NA,NA,1652116.6,2828844.7,2047794.1,1506275.1,2406179,1820831.2,1819076.4,1815803.3,2468157.3,NA,2696812.3,3417221.4,2049319.4,NA,2865908.3,NA,NA,NA,NA,1678534.7,2062145.5,1915824.8,3639615.1,2784274.9
"Frac2_PEP0070_2","SYN0004","GENE0004",1,646591.3,857504.8,796684,471519.2,922998.9,803756.1,848878.6,963036.9,713626,784120.2,929557,765029.7,639020.6,569937.9,1098190.5,576648.6,846793.2,1055282.4,1088249.7,1033647.4,794212.4,957924.4,974233.6,952198.4,1149594.6,887977.6,754053.5,827661.4,817494.2,1148776.1
"Frac2_PEP0071_2","SYN0022","GENE0022",0,2375887.3,2563290.4,3013200.6,2454050.4,3066403.6,3513816.4,3624241.1,4911199.9,5846122.6,7165901.6,2397335.5,3861382.3,2208322.4,1745747.7,2529059.8,3145238.2,2691737.6,3832739,2620509.8,1842926.2,1560445.8,1683637.9,1430646.2,1251616.8,1820760,3371718.9,3165115.5,3157129.7,2150986.7,2701589.1
"Frac2_PEP0072_2","SYN0044","GENE0044",1,3896538.3,2752313,2594850.2,3816474.3,5021111.2,3889061.8,2908814.1,3856487.1,3950117.1,6018006.7,1708225.5,3318573.5,2910721.7,3214829.6,3665210.9,787851.4,1211091.1,1145313.1,1319999.7,804720.2,1169588.7,852914.8,1875140,1219161.2,1174990.9,1348256.5,973563,1237867.2,1542397,699928.7
"Frac2_PEP0073_2","SYN0018","GENE0018",0,NA,258264.2,432973.4,316261.3,331067,366298.7,429690.9,354389.9,357777.6,291335.4,NA,380924.7,336602.8,NA,246712.7,473197.8,465055.8,455475.4,580265.1,331829.6,452549.4,347303.7,438873,559628.5,368048.4,657150.1,612736.7,354621.6,528855.1,534339.9
"Frac2_PEP0074_2","SYN0071","GENE0071",0,624289.8,806464.3,1021339.7,1013311,994405.5,826549.6,NA,NA,NA,NA,989000.6,754820.9,547973,1748965.9,697794.7,1411362.4,1805797,2484210.6,NA,NA,1480222.1,1384465.4,2113440.8,1848615.9,1882328,1069143.2,NA,NA,NA,1537631.9
"Frac2_PEP0075_2","SYN0054","GENE0054",0,1573338.8,955961.7,1287089.2,2398011.8,2260042,2080660.8,1638383.5,2372291.3,NA,1159208.4,NA,2229282.3,1581847.9,1564192.4,NA,NA,2979363.6,NA,4531514.9,NA,3926382.8,NA,3526286,NA,2491737.8,2584310.9,3026812.1,3474839.7,2453122.3,2562450.7
"Frac2_PEP0076_2","SYN0012","GENE0012",0,341010.1,322940.8,222891.2,236334.5,296218.8,170748.1,201696.5,220605.1,238493.1,323828,302824.3,254426.8,444501.5,451162.1,NA,565028.5,272283.3,449206,396013.7,604443.8,273092.8,431604.2,418093.2,434956.2,433321.7,258148.2,451823.1,331156.3,445218.2,484171.8
"Frac2_PEP0077_2","SYN0078","GENE0078",0,528403.9,343185.9,559495.6,393445.9,340131.9,788534.4,375460.5,583145.2,496594.6,479210.8,433616.9,367342.2,364007.6,454991.2,501785.1,144353.3,133623.8,169063.8,147621.8,129600.4,250883.2,207885.8,183233.4,189793.6,197298.1,287042.1,149101.6,167449.8,273724.2,227281
"Frac2_PEP0078_2","SYN0034","GENE0034",1,1585722.3,933016.4,1314243.8,1556083.4,1476655.1,1280734.3,1684611,1570552.1,1816097.5,1500853,1228306.1,1208139.5,1043308.5,1837109.1,1155416.6,2598114.8,2188885.7,1833704.4,NA,1712998.2,1854582,2257637.5,2878332.2,1766597.3,2068022.3,1641111.5,1933491.2,2041017.4,2634042,1537391.7
"Frac2_PEP0079_2","SYN0017","GENE0017",0,9417724.6,7603885.6,10550124.3,12721883.6,8040327.9,9722144.7,9470811.6,7639979,11175480.9,17009794.6,11879629.1,10378179.2,9957247.2,7872037.3,7902834.2,7669086.9,NA,6821950.6,9453231.5,5864994.1,5888342.4,6036967,7900748.8,8490321.3,7918124.7,9996347.8,5429603.8,12681858.9,8429575,9468402.9
"Frac2_PEP0080_2","SYN0115","GENE0115",1,12544670.4,10409331.9,10516780.1,NA,10204273,11327599.2,NA,5493778.4,NA,8703292,8948116.3,10025650.3,5611926.8,9150818.7,8573769.2,NA,NA,NA,NA,NA,9725974.4,7521459.2,12137018.5,10168073.7,10365881.4,NA,NA,NA,7088610.7,NA
"Frac2_PEP0081_2","SYN0067","GENE0067",1,1203356.3,NA,2024100.6,1968815.9,1268468.7,2047478,1359446.2,1102853,1290278.8,1266583.4,1193184,1456082.6,1012565,1393162.3,1731629.1,667870.9,522002.7,808604.2,571080.4,794544.8,688842.2,449878,562568.1,522747.9,480801.5,459760.1,553505.7,948200.8,541686.2,435478.9
"Frac2_PEP0082_2","SYN0062","GENE0062",0,368376.6,NA,309316.3,260441.4,314112.9,243440.4,194049.5,469145.7,382865.7,284886.2,346437.3,NA,191961.4,263906.9,444699.6,218272.6,NA,166357.1,275753.4,300911.6,NA,NA,247591.3,186331,308872.3,NA,375277.5,NA,NA,239218.3
"Frac2_PEP0083_2","SYN0078","GENE0078",1,453743,356145.7,447721,631765.7,402159.9,633434.6,449207.6,558601.8,379980.6,430753.7,687821.2,374042.7,419757.4,471076.6,313759.6,626539.8,505099.2,615814,523169.4,718572.8,685433.9,750265.7,588592.8,1191287.8,579328.5,607997.6,781359.8,502277,391811.6,475246.6
"Frac2_PEP0084_2","SYN0009","GENE0009",0,394755.6,332118.2,305603.3,415864.2,336357,NA,371324.2,397724.3,NA,NA,347172.1,319777,356754.9,357729.8,229481.6,NA,NA,265642.6,215593.8,NA,332069.4,226256.8,293518.6,277244,247853.6,169478.2,224727.4,NA,NA,176683.9
"Frac2_PEP0085_2","SYN0032","GENE0032",0,2834143.1,3316067.9,2968482.1,1854764.2,4641662.9,2421569.8,2733698.8,3517283.8,2539088.8,4563602.2,2718013.2,3754352.8,2494073.1,3058905.4,4470853.8,2106382.9,3601253.1,2405337.6,3989903.8,2919383.1,3039759.7,2033946.1,1911873.5,3632857.4,2044758.3,3071226.7,4529523.4,3339701.2,2527935,NA
"Frac2_PEP0086_2","SYN0115","GENE0115",0,1043924.1,1306024,1792624.5,760452.9,1616064.7,820308.4,1180153.7,2032143.1,1758245.8,968962.8,797039.3,1483895,1174567.6,820496.2,1949963,1605964,2170161.9,980189.3,2150071.6,1907358.8,1927071.5,2641770.4,2487626.4,1437032.6,1953308,2320465.9,1824768.5,2547112.7,2173299.2,1834111.8
"Frac2_PEP0087_2","SYN0007","GENE0007",1,115057.7,154721.1,112772.7,147818.1,185577.9,83520.4,140859.8,108334.3,119732.7,137406.3,125434,144218.4,220693.2,150187.5,NA,99349,106101,147144.8,129349.7,144432.4,NA,221080.7,135222.2,111712.8,175875.3,124001.3,223975.8,202139.9,151576.7,181692.6
"Frac2_PEP0088_2","SYN0052","GENE0052",0,37258926.8,56687950.1,38336446.9,42228418.1,36315453.6,NA,NA,NA,79886792.2,NA,50279095.3,48156268.7,39393117.5,33231711.5,40912407.4,NA,NA,NA,435285708.4,NA,124374211.5,144572444.6,115488050.8,118790205.8,149497083.1,NA,365164040.9,NA,NA,NA
"Frac2_PEP0089_2","SYN0081","GENE0081",0,NA,1717342.9,1476754.7,NA,1542423.5,NA,2720496.5,NA,NA,NA,1856754.9,2279087.4,1945095.3,2474980.4,1657126.4,NA,NA,NA,NA,NA,1039377.9,1519670.9,983645.3,1263077.8,NA,NA,NA,NA,NA,NA
"Frac2_PEP0090_2","SYN0019","GENE0019",1,1089174.6,1533678.8,1118272.6,1406714.7,1353305.9,1722413.5,1311196.6,1880684.5,1175383.2,1657844,1267566.2,1138710.2,1293429.1,1234067.7,2162038.9,530834.5,549804.3,432864.5,471625.8,439930.4,363019,466591.6,289199.2,357500,374411.7,419803.4,NA,285273.2,285558.9,456425.9
"Frac2_PEP0091_2","SYN0110","GENE0110",0,3533853.2,2579332.1,4439896,2025491.2,2656829.4,NA,NA,NA,NA,NA,2036494.1,1745382.4,2741349.2,3023153.7,2842364,2737588.4,NA,3668412.8,NA,3633751.2,2133372.9,2710370.1,4278219.1,2393849.5,2335154.4,3257966.7,NA,NA,2106730.8,NA
"Frac2_PEP0092_2","SYN0078","GENE0078",1,1228224.9,628888.5,1142864,915489.4,826088.1,789896.1,793946,939131.8,909262.1,982682.6,1268178,1268196.7,926984.5,1129741.4,NA,1749947.6,713462.8,989523,1051868.1,1533449,1412510.1,1327793.4,1425478.6,789536.4,1248728.3,860689,729222.3,1122917,NA,883305.5
"Frac2_PEP0093_2","SYN0042","GENE0042",1,5559916.6,8030558.1,6415753.2,6747867.3,5550257.3,6136565,8071819.2,8203558.2,8383941.6,3931244.5,9591160.3,8543172.6,6174124.2,9473221.2,6962708.7,11048344.6,6457958.4,10379218.8,10044660.4,7392816.8,10334545.2,6802791.9,9577960.3,7386811.4,10316899.5,6174573,6506895.2,6765466.6,7057650.9,8975361.8
"Frac2_PEP0094_2","SYN0018","GENE0018",0,259328.4,134887.3,NA,166520.7,153750.7,NA,NA,NA,NA,157565.1,181980.7,249545.8,290392.6,226615.3,245097.4,NA,47518.5,NA,NA,60849.2,70148.1,44061,68893,56969.5,48079.6,NA,62365,65117.9,NA,96381.8
"Frac2_PEP0095_2","SYN0128","GENE0128",1,1127004,659973.3,1141591.6,1355622.9,947746.3,781183.5,766547.7,673924.4,917537.7,990963.7,982108,1409129.5,723926.5,1089362.5,626378,1107636.3,1184987.1,1212625.9,1201364,1010304.2,1498299.4,926429.3,1106139.9,972470.4,782642.9,802481.1,1124129.2,909086,768560.4,635100.7
"Frac2_PEP0096_2","SYN0126","GENE0126",1,13035809.9,11826581.8,NA,12943381.3,11846869.5,23852908.9,16785777.8,25542193.4,26275148.1,11297382.4,14792993.4,8354522,13640926.1,NA,12894454.1,39651197.3,NA,49818104.8,NA,NA,23171446.3,27457919.4,30310097.5,17460846.3,19742092.8,46752937.6,54511799.6,30752562.3,NA,33310615
"Frac2_PEP0097_2","SYN0086","GENE0086",1,605455.1,1012972.3,772890.1,642662.9,706248.8,639951.8,666201.1,632671,614728.3,959770.7,511578.7,716075.3,454267.9,570312.9,549156.8,1016291.1,1183805.7,836046.2,618384.8,871447,1416309,515271.7,591895.1,1115590.7,592032.2,1074824.3,828323,1185566.4,796019,1173375.3
"Frac2_PEP0098_2","SYN0129","GENE0129",0,3045555.9,3931914.3,4182527.5,4064206.6,3128095.4,3006990.7,3355932.3,3049345.8,NA,3169250.9,2949998,4329058.9,4640591.4,4210446.7,4091195,4894749,5637091.5,4891982.5,4243146.9,7334949.2,3740764,4036418.9,6203571.1,3945596.5,3436171.5,4341952.5,3176029.4,5010768.9,NA,5498158.5
"Frac2_PEP0099_2","SYN0057","GENE0057",1,4150290.7,2998829.1,5057810.4,3355217.7,4818032.9,NA,NA,6220695.8,4163717.6,NA,3625126.4,4210143.1,3219361.9,5348325.4,5491638.6,NA,NA,4944859.2,NA,NA,4944020.3,4313714.7,7040595.5,6927778.8,9697362.5,NA,5512308.7,3721719,3285408,NA
"Frac2_PEP0100_2","SYN0026","GENE0026",0,298703.7,216040.9,293977.8,293601.3,519027.8,369595.5,354123.6,307196.2,326203.2,191553.9,356938.3,237519.3,339990.5,369511.2,267372.9,554414.1,540502.3,460994.3,289906.2,462669.1,508784.8,391767.9,578998.1,512646.6,469249.8,593253.6,466048.9,423571,442060.3,460798.5
"Frac2_PEP0101_2","SYN0018","GENE0018",0,1258460,1106214.3,568203.5,1088882.7,1454783.8,1086796,NA,NA,962165.9,NA,1459229.5,1152292,1168240.3,889236.9,1317868.1,NA,896612.7,NA,NA,875760.7,735161.3,1065291.7,1075175.2,920813.1,570964.9,596627.3,NA,NA,786302.1,NA
"Frac2_PEP0102_2","SYN0035","GENE0035",1,275791.5,351033,210807.9,274770.2,269044.9,256363.9,243764.1,230316.2,321892.7,370372,262857.1,159670.1,182864.9,306348.3,157622.4,NA,95924.1,132105.5,90410.5,101735.7,90993.5,NA,85551.2,44724.8,123708.5,89002.2,99036.1,71664.4,61672.4,83849
"Frac2_PEP0103_2","SYN0080","GENE0080",0,1267957.8,1441187.9,1840844.5,984568,1309426.2,1302961.5,1221635.3,2982438.2,1557370,1743927.2,2728437.5,1481953.7,1480580.6,2715117.8,1737909.9,1075300.8,1030514.3,1791601.8,889801.8,1327191.2,1174172.2,1162048.5,1075140.1,1362178.2,1111624.7,1321268.5,991443.6,975704.1,702076.1,1016302.8
"Frac2_PEP0104_2","SYN0074","GENE0074",1,731296.4,572041.2,NA,544189.9,712284.5,639849.6,346086.9,381227,450541.5,783352.3,545064.3,765923.1,357564.4,721631.7,484970.3,915441.3,833976.8,860746.1,1154256.5,1076810.4,1012250.3,801489.8,1077329.7,1238708.8,1084777.6,864021.6,1064537.2,NA,1060078.9,1401577.8
"Frac2_PEP0105_2","SYN0064","GENE0064",0,998077.1,NA,581602.4,538435.7,737368.5,NA,NA,NA,NA,603331.4,484350.1,NA,721066.7,608890.3,664574.5,357612.3,NA,NA,496316.7,NA,481293,346592.7,464046.6,334558.4,NA,375092.2,NA,NA,621912,650401.8
"Frac2_PEP0106_2","SYN0036","GENE0036",0,2598634.6,1978496.7,2184151.6,1394645.7,2596716,2421404.3,2233654.7,2280195.1,2463828.3,2637145.5,1850616.4,3043266.6,3089131.7,2582083.6,2666205.7,844580.5,989672.5,1441636,1260040.6,1096403.1,907671.6,978535.7,1078864.6,1044501,1085422,NA,1167757.2,1430403.3,975018.7,NA
"Frac2_PEP0107_2","SYN0104","GENE0104",1,159428.8,125627.7,90478.9,185761,125807.9,83235.6,65781.8,84016.9,43555.3,68713.1,190357.8,153858.6,152192.2,160665.6,NA,159189.2,157534,146201.9,207471.6,222020.8,226452.3,392102.4,393157.1,383231.5,374973.1,206995.2,144213.4,131943.2,312940.8,203582.1
"Frac2_PEP0108_2","SYN0013","GENE0013",0,2382795.6,2522189.1,2795090.2,2255440.7,2478591.8,2788601.3,1841011.4,1974684.4,2639761.4,2212338.4,2418752.5,NA,2112138.2,1481340.8,1891481.8,2376478.4,2021053.7,3064361.6,2821086.9,NA,3033796.9,3574093.5,4606481.6,3383733.9,NA,3951558.7,2777705.5,2238258.8,NA,2890720.6
"Frac2_PEP0109_2","SYN0116","GENE0116",0,4732597.1,2998719.2,3360820.5,4388780.4,2997188.9,4939968.5,2993174.6,2891249.7,5482857.9,3984007.2,4730130.2,3410641.2,4070406.4,4923696.8,3363967.8,3257580.7,4587638.3,4720141.6,3229801.6,2967033.1,4726238.9,5051655.8,4872508.8,3399756.3,3567247.6,5874922.6,4405295.1,3131068.6,3881194.8,5571591.9
"Frac2_PEP0110_2","SYN0046","GENE0046",0,91529.4,129749.3,115263.4,77498.8,127010.6,67198.1,NA,NA,NA,NA,89878.1,80734.7,60542.2,103065.1,80461.1,NA,NA,NA,NA,115617.5,71684.4,65117,144596.4,137566.3,139908.1,NA,101545.5,NA,NA,114282.2
"Frac2_PEP0111_2","SYN0100","GENE0100",0,499091.6,401614.2,516854.5,741372.2,466057.4,434091.9,606442.9,477129.8,441672,823486.3,NA,540474.3,647806.1,290516.6,402999.5,773062.1,631756.9,722212.4,894069.2,1211332.7,783874.4,1043609.2,683103.6,1050284,593199.5,633722.9,595768.7,905020.2,846863.3,896310.7
"Frac2_PEP0112_2","SYN0087","GENE0087",0,NA,11107936.1,12707005.7,NA,9687717,4248198,6236527.8,NA,8748217.9,6896581.9,6379823.6,NA,7700690.8,7365590.9,7194323.8,NA,NA,11626003.2,13633885.1,19257175.4,14454545.2,11011514.6,12985730.8,13683364.2,NA,NA,NA,15251852.2,17413924.3,13395129.5
"Frac2_PEP0113_2","SYN0006","GENE0006",1,4456164.1,4241575.1,3979118,5714849.4,4186559.5,NA,NA,NA,NA,NA,3312713.3,2610354.9,5579492.1,4554524.8,6108619.4,NA,NA,NA,NA,NA,2014859.8,2562812.3,1875415.6,2784101,1975049,395159.1,NA,NA,NA,NA
"Frac2_PEP0114_2","SYN0088","GENE0088",0,1617125.9,NA,2748328.2,1662236.2,2259230.1,2092516.2,1629511.9,1825049.4,1929651.1,1280589.4,1769428.9,1970239.1,1197130.1,2262779.6,1573242.6,2524503.3,3210213.8,3010341,3251901.8,3271681.7,3756051.1,3901987.7,4363572.7,3426478.4,4673434.7,4475271.3,2190779.2,3741967.6,3023274.5,3339189.8
"Frac2_PEP0115_2","SYN0097","GENE0097",1,1500348.2,1380021.9,1448374.2,1586364.9,1119798.3,982942.6,NA,1183174,NA,1305746.3,NA,1279794.4,1550325.8,1535601.4,NA,NA,857692.1,NA,786753.5,1104539.4,850555.5,NA,565884.6,NA,NA,NA,1286743.8,NA,NA,688485.6
"Frac2_PEP0116_2","SYN0030","GENE0030",1,6568245.3,10267139.1,6240585.2,7105730,8862249.2,8158985.8,6055559.3,8225874.9,6663322.1,5539942.1,7293724.7,11701606.3,10250239.7,4838573,9097475.1,13683211.8,35639906.9,21214245.1,28271431.2,24191885.9,28891657.2,21035717.5,30841721.7,15062095.8,34378652.6,22077954.8,24731836.2,24780011.3,18282468.8,21843897
"Frac2_PEP0117_2","SYN0110","GENE0110",0,1790563.2,1394066,1238292.5,1210118.5,1443885.8,1377219.4,943921.6,871241.5,1646257.5,1372825.3,1578140.2,1462694.1,1055856.5,1032487.6,1759351.7,792382.4,1865724.4,1507824.6,1154149.5,1314269.2,1614589.4,1757817.8,1008539,978204.8,1154101.3,1270917.4,1017636.4,1243819.4,1145690.4,881667.5
"Frac2_PEP0118_2","SYN0042","GENE0042",0,1477155.1,1833484.9,1476809.4,1216146.6,1287822.7,NA,1156604.6,NA,1415050.5,1629482.1,1161863,NA,1441453.5,1600596.4,1842145.8,2594368.9,1427790.1,1374195.1,1819580,1811042.3,1571929,1825816.4,2269001.9,1002748.7,2257340.9,1201266.4,2113882.5,1820733.1,2381501.4,1980056.4
"Frac2_PEP0119_2","SYN0111","GENE0111",1,393821.7,361045.7,NA,323013.7,263281.4,835713.9,659836.6,980864.1,312211.8,608673.7,362940.2,542957.1,183132.7,473418.4,290360.2,791704.6,868575.5,690877.5,965635.9,664071,NA,337953.3,303220.6,274593.2,378871.5,922197.7,661522.6,807033.6,689492,481235.1
"Frac2_PEP0120_2","SYN0002","GENE0002",0,6221736.7,9300115.8,5912408.8,NA,7334838.2,4510521.1,3850113.4,3043691.2,3240696.8,3624427.1,11551362.6,6628565.2,9423887.5,5091245.7,7183028.7,6225115.4,4431421.8,6269809.2,7681846.6,10669311.4,NA,18876300,17011550.2,17794463.2,15810074.2,7678508.4,4485365.9,11483773.3,9150646.3,8177053.2
"Frac2_PEP0121_2","SYN0087","GENE0087",1,1936666.8,1741572.3,2616727.8,1577514.5,1523974.5,2968046,1863833.4,NA,NA,1521604.1,1248720,1736928.8,NA,2061932.2,1390345.7,NA,1312544.3,NA,NA,1501808.7,NA,1916486.2,1143598.6,1079319,1218054.4,NA,NA,951550.1,NA,NA
"Frac2_PEP0122_2","SYN0028","GENE0028",1,3224780,3265197.9,6652009.1,3621959.6,2991215.6,3635772.8,3594310.2,4531575.4,5209351.2,5579471.6,3114112.4,2876841.6,4327914.5,3799973,3394318.3,3226029.4,6410349.7,3719840.4,3695694.6,4949642.5,3039229.8,3202749.2,3394946.3,3134006.6,5418471,4732856.9,3533692.2,5682620.4,6354658.7,3047891
"Frac2_PEP0123_2","SYN0013","GENE0013",1,NA,131052.4,68268.9,113962.2,71236.7,89477.7,55674.5,68768,78849.6,96286.5,74420.2,99801.4,128661.9,83233.8,172198,71844.8,48660.8,68808.3,85276.1,56518.5,45566,52367.5,71468.1,72869.3,61383.7,77821.5,NA,51868.1,65864.9,48321
"Frac2_PEP0124_2","SYN0096","GENE0096",1,4594359,4226641.3,1936929.5,NA,3530782.9,1640584.6,1293929.7,1496266.3,NA,2191437.5,3702189.6,3330425.3,3095874.3,2125893.6,2644272.7,NA,NA,NA,NA,NA,514707.1,239199.4,296619.7,258227.8,460689.3,NA,NA,195630,NA,NA
"Frac2_PEP0125_2","SYN0035","GENE0035",1,556339,441429.6,295861,352130.4,588157.7,274389.9,618501.2,612807.4,394042.2,591083.5,284040.4,460136.8,425328.9,362514.4,393320.7,521159.5,579969.1,495009.7,911429.9,619716.2,NA,374159.4,465400.2,871012.5,456005.7,620855.9,557110.7,641527.9,284219.3,624348.4
"Frac2_PEP0126_2","SYN0084","GENE0084",0,948271.6,611637.5,776407.1,1190060.6,703805.3,541881.8,510031.3,747368.8,639915.2,1109734.1,525570.5,969461.5,812508.9,584275.6,681380,421265.1,506004.1,415242.3,453378.2,512183.2,460093.7,471689.1,715987.3,496021.8,446203,432400.7,596299.4,572358.9,571802.2,416010.8
"Frac2_PEP0127_2","SYN0124","GENE0124",0,613411.6,714094.5,566553.7,444047.4,700850.8,842296.9,1813094.1,1184569.8,1841623.8,1231685.1,603155.6,716459.3,569098.3,666725.4,540865.8,1988702.3,1129070.9,1568476,1641336.2,1734404.7,540404.2,748269.4,789930.1,771112.7,539981.9,1411728.2,1558641.3,1852095.2,1917692.9,1242234.2
"Frac2_PEP0128_2","SYN0101","GENE0101",0,90533.4,142592.3,176286.6,168729.9,190034.4,110737.1,66337.7,80253.5,66171.6,111022.6,189791.1,130086.1,138986.4,140028.5,232459.6,131083.6,160924.5,131099.4,121127.1,201938.1,234115.5,222860.6,119094.9,227739.9,191792.2,141982.6,130083.2,109647.4,211044.1,146883.7
"Frac2_PEP0129_2","SYN0105","GENE0105",0,17461373.5,13229255.1,22009759,NA,33802337.8,NA,NA,NA,24210528.1,NA,11562699.1,19924780.5,13141089.3,23633300.1,13678073.7,NA,NA,93580628.9,NA,NA,NA,54947454.3,NA,57126404.7,47897463.2,NA,NA,47742958.6,65693472.4,NA
"Frac2_PEP0130_2","SYN0073","GENE0073",1,1166071.4,1285494.7,2241119,2374497.9,1677077.9,1797668.8,1188486.2,2063474.3,1638732.9,1459194.3,2337460.9,1816532.1,1621389.5,1426475.6,1416034.2,2756268.8,1895462.4,2311920.4,1839432.4,NA,2284024.3,2182937.7,1502915.9,1149811.8,2847446.8,2392212.7,2964986.9,2982531,2551985.4,1727693.7
"Frac2_PEP0131_2","SYN0031","GENE0031",0,4570591.2,2505956.5,4517956,5211066,2897211.5,NA,NA,3077064,NA,NA,4388905.1,3150808.1,2212331.7,3337704.6,3602657.5,NA,NA,3752521.3,4181670.1,7239101.3,4187309.5,3718843.9,NA,4730865.7,4422480.2,NA,3327535.9,NA,NA,5814209.5
"Frac2_PEP0132_2","SYN0019","GENE0019",0,2690460.3,3127455.8,4024566.7,3009940.2,4018905.6,3374795.1,3351747.3,NA,NA,NA,4417455.1,2757906.9,3599240.2,4868624.7,3019838,NA,NA,12542694.6,NA,NA,8034022.1,5369633.2,7751632.6,9938562.8,12301193.2,NA,10395805.9,10333889.3,NA,NA
"Frac2_PEP0133_2","SYN0115","GENE0115",0,297828.1,345072.7,309264.8,266109.6,188092.2,293628.3,237547.8,426749.3,247903.9,215852.5,330263.5,223548.8,160106.8,230048.6,NA,76412.3,59350.7,81453.1,189310.2,133151,101889.5,78817.3,80631.4,112346.4,111966.9,123377.9,113298,142132.3,105550.2,85511.5
"Frac2_PEP0134_2","SYN0004","GENE0004",0,7388552.9,6587046.9,6800282.4,5203210.1,7879715.7,NA,NA,NA,6032781.6,NA,9840195.9,10972651.9,8185967.4,9886393.8,7274105.8,10707376,NA,NA,6315335.3,7637113.8,8081826.2,11767301,6689056.1,5804439.7,9386281.5,6185471,7472379,6292340.7,NA,8807215
"Frac2_PEP0135_2","SYN0058","GENE0058",1,204734.6,193069.6,251186.4,222842.4,243741.8,319388.5,260213.2,175754.3,128731.8,332200.8,228216.7,310204.2,285724.4,207050.8,176074.3,489282.1,499819,416830.7,491733.5,444809.8,355583.7,497083,684973.2,452038.1,659244.3,491281.3,489285.2,627027.1,367348.5,759061.7
"Frac2_PEP0136_2","SYN0093","GENE0093",1,430650.2,NA,586324.7,706481.3,571203.1,NA,1012132,NA,588890,NA,678962.8,640498.6,718794.5,837733.1,650648.2,NA,NA,806560.4,NA,933398.4,556175.5,870913.2,926052.9,621369.4,523418.4,923941.6,NA,682038.5,417323.7,623932.3
"Frac2_PEP0137_2","SYN0021","GENE0021",1,601778.3,1058119.4,854516.4,922278.7,NA,NA,1138910.1,1048792.7,NA,887342.2,867480.1,1151910.3,1343062.1,854001.5,649757.6,NA,653112.2,NA,NA,1126267.3,837094.8,569062.5,695241.6,784066.8,614146.8,841570.7,NA,NA,NA,NA
"Frac2_PEP0138_2","SYN0098","GENE0098",1,19307.6,17057.7,12103.2,14372.1,13896.7,12471.4,19241.5,14405.9,17447.3,20976.1,6823.2,20956.4,19136.2,15961.8,20570.6,55312.5,34305.2,41012.3,16731.6,18985.3,30786.6,23390.8,21995.8,27561.3,28708.3,33391.5,26674.7,29946.8,41514.8,40480.5
"Frac2_PEP0139_2","SYN0027","GENE0027",1,904918.1,NA,618046.3,859547.9,704289.7,NA,NA,NA,NA,792007.7,733981.3,821165.8,1077205.3,667758,906255.5,NA,815782.6,NA,996994.7,NA,857110.1,835553.9,793461.4,624199.1,726710.3,674120.3,NA,534948,591586,1262106
"Frac2_PEP0140_2","SYN0055","GENE0055",1,620313.7,609689,539322.7,908731,600711.7,861909,782246.7,645267.5,579806.9,458163.9,603261.8,651428.7,498007.8,619085.7,772390.7,392117.9,196433,326085.2,244397.4,344976.1,218828.1,272931,291769.4,253596.3,172383.1,298327,260967.2,310150.1,302867.6,321262.8
"Frac2_PEP0141_2","SYN0055","GENE0055",0,137861.8,250691.3,256655.1,198407.3,164317.8,248992.5,183622.8,193619.2,161939.1,264621.2,137785.4,162681.5,230051.2,231341.8,204412.3,74145.8,79641.7,121443.4,119158,77033.9,76491.5,89715.2,68327,88590.4,81646.7,54382.2,70222.2,84923.5,100522.1,68405.9
"Frac2_PEP0142_2","SYN0040","GENE0040",0,193796.5,223723.1,271847.5,279878,145191,147091.8,171517,143598.1,222774.1,152811.5,392661,192315.9,229475.3,139602.6,172070,183127.5,251303.2,261588.5,243524.1,146774.6,141692.8,295220.8,162515.9,354676.9,197047.3,298748.8,194882,204861.8,326659.7,288370.4
"Frac2_PEP0143_2","SYN0030","GENE0030",0,2572831.4,3180352.5,NA,2215493.4,3378208.5,NA,3331886.6,NA,2167682.9,3170068.6,3182880.9,3368964.3,3532798.6,3269957,2575333.5,3258521.2,NA,NA,NA,NA,2407835.7,NA,3940946.3,2992199.2,4445692.2,NA,3530827.4,3697089.1,NA,NA
"Frac2_PEP0144_2","SYN0078","GENE0078",1,3781362.2,3685882.1,3707958,3792597,NA,NA,NA,NA,NA,3559231.2,2972151.9,2217244.5,2775670.3,4641913,4162416.8,NA,NA,15826854.4,NA,NA,18264374.8,15060364,11154439.8,21878669.4,17962812.1,NA,14042566.6,12297681.2,NA,14324362.1
"Frac2_PEP0145_2","SYN0107","GENE0107",0,1808621.3,2402239.1,3084093,2856709.8,2595661.5,1977472.7,2516396.9,3259953.5,2265804.4,2776246.7,1689543.6,1940687.4,2910418.7,1895550.4,2689566.5,1384858.3,1451189.3,1442010.3,1171233.7,NA,1132795.1,NA,1725563.8,1587803.9,1773636.1,1438864.8,1187115.1,1433993.6,1349412.8,1569784.9
"Frac2_PEP0146_2","SYN0035","GENE0035",0,247728.5,315949.8,277442.1,185035.4,222045.7,242811.1,167274.1,237043,224753.4,283062.6,298907.4,NA,251839.7,220446.5,243634.2,144349.8,133394.6,121139.6,104802,123762,92357.9,135194.4,109785.3,82941.7,87633.3,116789.9,147477.5,134087.7,86113.7,151167.8
"Frac2_PEP0147_2","SYN0047","GENE0047",0,989748.9,755524.3,551497.6,599800.6,1005800.5,574376.6,676345.8,1357884.2,665530.5,513355,496803,NA,653858.5,562657.5,639850.3,670332.7,734338.5,542593.7,586482,938602,610853.2,635552.2,540464.6,809912.7,991160.9,490797.7,563649.4,477237.7,661337.8,672236.4
"Frac2_PEP0148_2","SYN0127","GENE0127",1,2042116.9,1806563,1329811.3,1460388.2,2091645.4,1735629.8,1642083.8,3329957.9,2998613,1219486.3,1725389,2081993,1046271.3,2614467.3,1951377.4,2240390.9,1106635.2,3129697.4,3273031.5,2413719.8,2509579.9,1694412.8,1879648,2115380.5,2476803.7,1634571.2,1890980.3,2263267.4,1603359.2,1297930.5
"Frac2_PEP0149_2","SYN0065","GENE0065",0,1475298.6,1046687.9,1646795.7,1560059.6,1667870,1669541.4,1679810.2,1609807.8,2183937.7,1064438.9,1791153.4,1197894.1,NA,919588.3,1345438.7,NA,1753329.2,1384199.6,752945.6,NA,1062092.5,NA,902847.2,1567804.4,NA,1521920.3,1183813.7,1188938,NA,1237690.7
"Frac2_PEP0150_2","SYN0123","GENE0123",1,1915455.2,2499714.8,2144147.8,2038959.5,3856843.1,1931193.1,1734657,1744050.8,1818683.4,2717368.7,3286753.8,2739144.7,1864420.2,2997893.5,NA,10930963.7,11359220.4,11066025.9,10055330.6,9207930.3,NA,14551360.8,7257571.7,13825596.4,12927127.3,11255310.6,14790157.8,12147238.6,16337079.7,13426046.4
"Frac2_PEP0151_2","SYN0041","GENE0041",1,1127754.4,1924429.5,1181644.5,1717310.4,1325738.3,1168491,1295882.1,1997194.9,1633102.4,1090209.3,1059304.1,NA,1046973.3,1723164.9,1308995.6,973319.8,755472.7,1336218.9,986930.1,829254.9,1270385.7,1372338,1032324.9,1228704.5,1075027.6,884793.9,821234.4,1230903.6,1046297.2,1836918.1
"Frac2_PEP0152_2","SYN0021","GENE0021",1,320212.1,478957,540092.4,545637.1,513979.8,357606.8,459172.4,470281.2,503960.9,350855.9,670748.3,393302.3,656746.8,472159.4,708600.5,542370.1,313632.4,385024,570144.6,754880.2,388335.8,481605.8,342303.8,463911.9,NA,359917.8,422159.7,399400.7,375503.8,384443.2
"Frac2_PEP0153_2","SYN0039","GENE0039",0,1394642.3,1318670.4,1107911.2,852229,770354.6,1113718.5,681644.5,1099682.9,821939,780333.8,658311.7,979267.7,1083913,1513402.5,896072.8,1585643.9,1562089.5,2164285.9,2144773.6,2072537.6,1668900.5,1629051.1,1851234.1,1348714,2654407.2,1381465.8,2207550.8,1614719.3,2246897.2,1641401.7
"Frac2_PEP0154_2","SYN0037","GENE0037",1,667700.7,657132.4,615336.9,495924.4,509165,558958,726382,538252.3,380300.6,392125.8,467172.8,631900.2,675993.5,664152,533491.6,227281.1,265252.4,289246.7,358473.1,190789.6,316751.7,195008.5,208312.5,235127.5,222142.6,270110.1,195829.6,270679.5,285198.9,215370.8
"Frac2_PEP0155_2","SYN0016","GENE0016",1,1161616.9,1873718.5,1209331.8,1777594.2,1964207.1,1738770.4,NA,NA,1729029.6,NA,1173025,1530271.8,1295781.2,1613545.2,1561366.5,1139252.7,NA,955545.2,NA,NA,1109072.1,1404188.7,682536.5,1476132.6,1222664.4,NA,NA,NA,NA,NA
"Frac2_PEP0156_2","SYN0081","GENE0081",1,258021.2,333256.3,262070.9,211324.6,196322.7,332771.7,211277.4,177212.8,282998.4,168137.2,383951.4,248174,257347.8,218638.6,379857.6,131469.3,136752.7,127002.9,134353.5,134231.6,225538.8,109551,95358.6,169683.6,155406.1,151308.8,177567.6,142550,163713.8,150604.4
"Frac2_PEP0157_2","SYN0014","GENE0014",0,445749.2,308254.2,312643.9,458367.7,278494.9,397656.4,270191.9,NA,308329.7,219331.7,364477.7,237225.4,377595.3,NA,236509.4,365931.3,272157.5,357276.8,316152.5,343478.2,356208.9,351262.8,408340.7,262876,343287.9,312438.8,315901.2,274964.7,211222.4,303577.7
"Frac2_PEP0158_2","SYN0009","GENE0009",0,12657826,16832006.7,19268729.1,16161686.2,NA,NA,NA,13047917.5,NA,NA,11364218.8,24451510.1,18392277.9,16801523.9,18912557.1,15866976.2,NA,NA,10614586.4,NA,13866728.2,10587782,17225928.1,15360408.2,8795432.8,NA,11287200.8,20712051.4,NA,NA
"Frac2_PEP0159_2","SYN0030","GENE0030",1,259081.2,260981.1,193141.4,340353.5,NA,NA,178755.1,NA,NA,NA,228369.6,274259.1,281243.4,305619.9,257443.3,NA,238490.8,NA,NA,186521.5,430726.4,375826.8,482083,319229.8,NA,NA,NA,226422.8,NA,NA
"Frac2_PEP0160_2","SYN0100","GENE0100",0,428231.6,415854.1,294718.4,415078.7,369195.5,404724.4,941440,549491.9,507862.4,595068,358947.2,327384.5,393957.7,334166.8,540574.3,1402063.3,1007740.9,674699.3,934833.4,1001395.9,NA,686884.6,533458.2,650308.8,850239,1793537.1,798415.2,908050.2,994910,1028535.7
"Frac2_PEP0161_2","SYN0014","GENE0014",1,2996116,3092676.4,1800837.3,NA,3950683.8,3086442.2,3308600,2591568.3,1726969.1,6078835.3,3330449.7,4432813,2140588.8,2244650.7,2594334.1,2510680.8,3045005.8,2994256.5,2522974.9,4101114.8,4823473.1,3217058.3,NA,3174892.5,3169006.1,5002719.2,2287715.7,3554916.8,3720774.4,2841111.7
"Frac2_PEP0162_2","SYN0021","GENE0021",0,818101.9,570194.3,795386.3,1114694.9,944539.8,1025949.7,1258705.1,1240600.2,1236781.3,621585.3,1097049.4,802780.4,795818.9,1648874.6,861739.8,534444.8,NA,646549.9,818187.4,548438.2,934360.4,702220.6,473856.4,761803.3,668089,855678.4,518340.3,585172.2,824580,674049.4
"Frac2_PEP0163_2","SYN0090","GENE0090",0,1390341.1,1203299.2,NA,1552076.9,NA,1645108,1885592,2984955.1,2820785.8,1304967,1410261.8,2170676.4,1591485.4,1019833.5,1960539.5,821506.6,1321135.5,896024.5,899311.2,1078012.3,1041219.4,694697.5,802391.6,804655.1,NA,1180825.2,607300.5,NA,733442.3,989733.5
"Frac2_PEP0164_2","SYN0116","GENE0116",1,7092571.1,3825975.3,5614311.8,7419388.3,4164414.9,5164830.3,6859619.5,3879768.4,4316465.1,4062796.4,4889567.3,5657504.4,4544563.6,5155790.5,5743651.7,3392122.8,1479359.8,1440294,2049258.8,2512341.7,NA,2296550,1852633.2,NA,1547264.9,2046143.2,2256671.3,1414465.3,1739376.8,2571603.9
"Frac2_PEP0165_2","SYN0070","GENE0070",1,44526.7,33153.8,NA,49156.5,58628.2,33624.5,NA,NA,NA,51339.7,66840.1,53266.4,54101.3,31755.4,NA,NA,50750.7,49690.8,NA,NA,68438.6,62666.6,42779.8,39140,28525.2,NA,NA,NA,65769.2,NA
"Frac2_PEP0166_2","SYN0057","GENE0057",0,1285953.2,1136195.2,1229354.4,597606.2,1370779.6,NA,NA,NA,1218148.3,NA,1045763.8,818756.8,971819.4,1694549.6,1334358.4,1428230.8,NA,1094384.8,NA,NA,1092592.6,1167401.3,1523329.9,2049643,903139.7,NA,NA,NA,1206182.6,1846235.7
"Frac2_PEP0167_2","SYN0132","GENE0132",0,NA,NA,454082.9,NA,514683.7,153196.4,209037.9,NA,NA,302315.8,607183.9,432606.3,NA,NA,779830.6,207937.6,313991.9,109849.5,177514.8,134306.3,NA,258468.8,526493.8,NA,317656.3,143360.1,177131.5,106337.8,157634.9,122660.3
"Frac2_PEP0168_2","SYN0112","GENE0112",1,542693.1,358467.3,387844.6,670409.6,591650.5,548847.5,376667.3,434487.1,548711.8,477616.4,613749.3,506635.2,645815,687034.2,499814.3,325307,343526.7,430547.6,NA,242723.3,504839.5,258742,391213.3,266786.3,359371.8,366904.8,318453.2,345641.9,262031.1,251228.9
"Frac2_PEP0169_2","SYN0130","GENE0130",0,347347.4,309069.7,267415.8,223446.4,283940,963201.9,562190.5,431051.1,747452.8,518238.9,385000.3,345587.6,412367.8,339741,210614.8,2626639.8,1853711,2292417.1,2457018.6,1953079,805518.2,1243948.2,927088,920066.3,651244.9,2004260.9,1775637.1,1184431.6,1419668.3,2151051.7
"Frac2_PEP0170_2","SYN0012","GENE0012",1,1709922.5,1978932.4,1770146,2030939.2,1773608.6,1256107.7,2854198.1,1887093.9,2448713.4,2117527.2,2023158.8,1585617.4,2911435.6,1932992.8,1902167.2,2133353,2484478.3,2891737,2758569.8,4966269.2,3635007,6625386.6,2449068.9,3489266.7,3404226.3,4864969.7,3231879.6,1752329.2,2683878.6,2627509.2
"Frac2_PEP0171_2","SYN0053","GENE0053",0,2168324.8,1284815.2,1506289.9,1442292.1,1712434.7,2096176.2,2331765.2,1531385.9,1268513.5,1371635.8,1955718.3,1557608.3,2170742.3,1803398.1,2014870.5,2479923.1,2696999.9,1715302.1,2510910.2,2755129.3,NA,2895967.7,3111277.8,2933722.6,1715506.7,2334849.3,3350780.3,2423706.1,3565422.4,1731385.7
"Frac2_PEP0172_2","SYN0075","GENE0075",1,79843,46347.8,58338.3,47010.5,54688,91753.1,84463.2,70913.8,58564.6,65936.3,91059.8,NA,NA,59109.7,99530,100100.2,131338.3,117265.6,144158.8,NA,90489.8,104047.4,NA,91070.1,77623.5,86153.4,107984.3,118313.8,85308.9,91417
"Frac2_PEP0173_2","SYN0083","GENE0083",1,589596.8,752004.8,895530.4,1114125,1382758.6,165213.3,165234.5,165858.1,118561.9,NA,547117.4,632640.4,681136,1100696.6,NA,132715.3,161304.1,216262.5,NA,190620.2,920458.5,905478,846934.9,581283.6,637875.6,NA,234697.2,199117.4,248499.3,134545.4
"Frac2_PEP0174_2","SYN0091","GENE0091",0,956048.2,757549,1091268.2,841606.7,689158.3,NA,NA,NA,NA,1284911.2,707367.8,914690.4,858643.1,497651,957481.2,502874.7,NA,377515.3,422094.7,NA,289948.3,361320.7,400117.6,518591.9,382342.5,NA,NA,NA,381319.5,NA
"Frac2_PEP0175_2","SYN0079","GENE0079",1,1045510,1341241.9,1080510.4,906872.9,781339.4,NA,NA,919918.4,1125290.9,NA,392070.3,910018.6,1091252.9,761071.8,745516.5,560001.7,565945.3,NA,NA,NA,635726.6,NA,710266.2,424918.6,NA,NA,NA,575249.6,NA,NA
"Frac2_PEP0176_2","SYN0037","GENE0037",1,956362.8,1225377.2,1591907,1308179.4,813641.7,1759118.4,1275568.5,2172322.3,2368382.2,2078444.8,1369225.3,1085553.9,1465909.3,1440285.2,1185504,NA,2688865.8,2208173.5,2644003.5,1894069.5,989575,759678.6,802381,956906.2,837378.2,1625592.3,1874497.2,1865700.2,2652410.6,1587652.9
"Frac2_PEP0177_2","SYN0101","GENE0101",0,225416.6,238127.6,174689.9,237038.4,NA,305248.1,289482.1,219823.2,211316,285593,305939.4,308516.5,226607,362823.7,246168.7,990735.4,870799.8,1797286.3,649588.9,705927,809465.3,793495.4,1126301.5,877503.2,862628.3,938608.9,646429.5,982217.4,825184.6,1096327.6
"Frac2_PEP0178_2","SYN0047","GENE0047",1,2422320.7,3096170.3,2431552.7,1740882.7,2104753.2,NA,NA,NA,NA,NA,2826159.1,2242332,2939815.3,2324866,2478510.8,NA,NA,346450.5,NA,NA,906495.5,1615497.6,1264085.2,1713802,1767053.5,385522,367153.1,NA,274170.4,NA
"Frac2_PEP0179_2","SYN0081","GENE0081",1,NA,296967.3,280557.2,201667.5,223748.1,NA,NA,NA,NA,NA,290621,171005.7,256455.5,225495.9,NA,NA,154103.6,251811,NA,309078.1,189105.5,250197.5,209170.1,NA,155912.7,NA,NA,NA,NA,NA
"Frac2_PEP0180_2","SYN0007","GENE0007",1,5606241.3,4197712.9,4430677.3,4343232.3,NA,3641800,3865794.3,3803671.6,3645304.4,4697610.1,4566132.5,3630726.2,3041029.1,4300771.3,5307193.4,NA,4151838.5,4520710.6,NA,4124612.8,3480792.2,3079268.8,4944440,4950317.6,NA,5891100.8,4597903.3,NA,NA,6135318.3
"Frac2_PEP0181_2","SYN0083","GENE0083",1,107908.3,69084.2,109312.3,104415.5,121076.3,103299.1,58882.2,145078,141862.8,NA,200581.5,124452.8,NA,123666.5,63851.8,144820.7,117413.8,146270.8,228768.1,217709.2,187991.9,188067.3,217566.2,140204.3,237333.2,201572.9,NA,163983.4,210226.4,326761.3
"Frac2_PEP0182_2","SYN0109","GENE0109",1,2298593.3,2408490.6,NA,3082653.4,2529025.2,1907552.1,3509213.6,2308671.7,1338500.1,3253178.3,2439751.9,2792862.4,2649678.4,2113766.1,2663574.9,2351734.6,2686904.6,4159488.3,2401848.7,NA,3132041.2,2883990.8,2402118.8,4889502.7,3942919,4275903.9,3848356,2803198,NA,3834945.3
"Frac2_PEP0183_2","SYN0114","GENE0114",0,4458323,3383462.2,3338721,3515958.2,4164298.7,5272433.5,4206603.2,NA,3630099.4,2989728,2961597.1,3381469,4811658.1,4289446.8,3406350.7,925992.4,1477026.6,1712533.9,1210399.9,1087168.4,1253549,1421726.9,1316538.1,918040.4,710231.6,1752804.7,2063844.6,1595071,1212306.2,955463.5
"Frac2_PEP0184_2","SYN0031","GENE0031",1,1789001.1,959443.7,1555046.1,1760684.1,1202425.8,4677407.6,5152077.8,8988584,7915742.3,5278695.9,1321605.1,1488622.5,1592885.9,1558863.2,2463905.2,3856739.8,2054967.6,3090033.6,4721152.2,3266189.7,1173594,866795.9,639280,865432.5,1112775.2,3119946.1,2345761.1,4996270,2608159.7,4351827.2
"Frac2_PEP0185_2","SYN0133","GENE0133",0,14707.8,18711.7,16642.1,19484.3,11041.5,105647.9,74756.7,81037.2,55447,104698.6,25315.7,14893.2,22129.3,20960.8,19380,23865.3,29471.5,28070.3,23740.8,20844.5,3624.2,4627.4,3105.5,3482.2,4881.6,24949.3,22264.6,26891.2,26781,30314.3
"Frac2_PEP0186_2","SYN0054","GENE0054",1,NA,2800747.5,2443341.6,2835472.9,1803770.4,2452368.5,2335415.6,1854447.4,1592433,2324013.2,3942170.9,3059360.6,2772181.1,2607705.6,2462022.7,7345592.6,5127972.8,4981566.2,5501034.3,5243008.9,4489523.3,9554132.3,8450617.1,6198039.3,7661675.3,6106151.4,4167982.7,6202461.1,6392042.6,8601400.1
"Frac2_PEP0187_2","SYN0046","GENE0046",1,174502.7,180008.5,147789.8,176832.7,124474.8,463398.3,NA,NA,NA,NA,190152.1,125197,132197.2,127090.9,219367.7,151192.5,306955.1,245631.3,138900.2,NA,111390.4,85704.4,49725.4,80724.7,57906,NA,NA,NA,NA,NA
"Frac2_PEP0188_2","SYN0063","GENE0063",0,341563.4,376489.6,454690.9,174524.1,470264,242819.9,300191.9,275394.2,217024.2,295157.6,203728.6,300857.8,407166.4,257550.9,347181.3,489331.3,667387.2,1041135,602531.4,430088,588217.7,933323,578922.3,900853.4,847321.3,953984.2,759866.4,560812.9,532915.7,637562.4
"Frac2_PEP0189_2","SYN0038","GENE0038",1,111701.9,68599.7,74893.4,81023,108226.1,89035.6,104463.8,75612.7,136152.8,116480.4,83241.8,158764.2,99237.9,110957.7,90085.7,174407.2,147620.4,146008.4,196191.8,160073.6,169032.5,142023,110755.4,267682.2,199490,190478.5,105635.1,158600.7,187694.8,144970.5
"Frac2_PEP0190_2","SYN0123","GENE0123",1,323951,226834.1,283994.8,530630.6,245288.3,367259.1,NA,NA,NA,NA,329943,424785.4,411072.1,321138.7,421137.9,NA,NA,NA,NA,628082.4,1106802.2,1083571.8,938624.6,1094394.6,837604.4,836574.1,NA,753722.9,NA,NA
"Frac2_PEP0191_2","SYN0029","GENE0029",1,2287776.8,1991076.9,2444592.4,NA,2387211.7,2142600.2,2180926,1704940.8,2020082.6,NA,2504283,2571990.9,2778763.1,2938423.5,2925191.8,10920958.1,6023042.8,6758849.8,6888183.6,7053785.3,9324689.3,9425570.8,7945067.9,6910981.3,6823361.6,10705913.4,5023335.5,7204617,7308780,10696576.3
"Frac2_PEP0192_2","SYN0016","GENE0016",0,151316.2,NA,165367.4,129698.7,131501,166600.8,290332.6,136650.6,150412.7,178520.7,164031.7,128788.5,195481.9,199004.9,158624.6,232847.3,227864.8,205932.6,199398,209217.4,266107.1,187071.6,213443.3,170298.9,NA,199944.3,242798.5,183378.9,130806.4,228545.2
"Frac2_PEP0193_2","SYN0092","GENE0092",1,697954.3,935913.8,736478.8,1369324.4,1302637.8,833902.1,NA,888339.4,840182.3,NA,884022.7,698649.5,598726.5,970222.7,1000801.1,603067.3,NA,NA,NA,NA,770388.6,764915.8,796449.1,1420704.1,NA,NA,NA,NA,NA,NA
"Frac2_PEP0194_2","SYN0134","GENE0134",1,NA,1042880.7,1315515.8,1002412.1,1541477.6,1949583.8,1312578.4,1121464.9,1096027.1,1158896.3,1466660.4,1218314.5,1556742.4,NA,2081020.7,1497629.8,1179109.1,NA,1430844.1,1179253.7,1362647.5,1475932.5,1258902,1081643.9,960458.8,1324724.3,NA,1402875,1153359.3,1644536.6
"Frac2_PEP0195_2","SYN0089","GENE0089",0,550648.1,NA,542910.3,410337.3,842952.5,466631.8,547655.8,454687.2,902126.3,686645.2,577604.9,930973.9,517236.5,591171.3,580061.5,1153604.2,945371,978640.2,1496222.7,1001070.6,951053.2,752380.3,1681624.3,1042238.1,930125.4,961941.2,824201,895193.7,780585.6,1068352.3
"Frac2_PEP0196_2","SYN0115","GENE0115",0,229010,277493,316021,NA,258495.2,NA,249987.4,NA,NA,NA,230678.3,312506.9,226375.1,282439,304513.3,NA,NA,NA,NA,NA,303780,413579.9,449843.6,416321.2,460889.1,NA,385221.8,NA,NA,NA
"Frac2_PEP0197_2","SYN0075","GENE0075",1,681778.8,837167.9,1247769.4,795929.7,805595.6,846579.5,835838.2,1135009.9,1203573.3,1032562.9,485252.6,756362.9,718003.7,756204.9,560232.5,1252980.9,1028277.8,1044578,1232772.4,882174.4,972004.1,1301400.3,1212878.5,1650715.5,1097745.6,1730730.7,1310246.5,NA,747016.8,814193.4
"Frac2_PEP0198_2","SYN0089","GENE0089",0,419670.9,583488.5,394622.9,365294.3,429322.3,309282.3,441424.7,453364.8,266734,290340.8,283747.3,493187,392706.3,250980.1,399121.2,454948.4,445551.4,478455.6,752782.1,609211.6,603519.7,514590.7,573311.2,676842,612447.4,473333.8,439730.3,684634.9,543527.3,830814.9
"Frac2_PEP0199_2","SYN0093","GENE0093",1,47180,NA,61489.9,76207.9,NA,NA,NA,74734.3,52320.3,62904.1,NA,58963.5,63179.5,61735.6,NA,NA,85585.1,NA,118263.5,71466.2,67483,96676,96924.6,85553.1,110160.6,NA,85880.9,NA,111072,107610.1
"Frac2_PEP0200_2","SYN0027","GENE0027",0,253066.6,210402.7,242835.7,284450.4,301759.1,214139.5,194077,263950.2,203996.2,253994,245252.2,228315.1,233911.5,146505.5,141406.8,112298.8,71954.4,132221.4,83765.7,119320,93974.7,96595.5,65556.3,138546.8,103035,104403.8,63257.5,96458.1,57573,79108.8
"Frac2_PEP0201_2","SYN0054","GENE0054",0,1309811.1,NA,901991.6,912128.8,1072774.3,895475.6,957740.6,1086086.7,1398734.2,811607,NA,1147053.8,NA,1040273.8,872087.1,2252893.9,NA,2836567.6,NA,1842065.5,2253394.7,2191105.4,NA,NA,2395663.8,NA,1776865.5,3879229.4,3503799.1,2872825.9
"Frac2_PEP0202_2","SYN0004","GENE0004",1,528717.9,509138.6,903201.1,745072.2,571716,665241.2,533134.6,748402.9,799763.6,671543.1,664973.8,484146.1,788081.6,528555.9,649370.6,1230214.3,960496.3,876672.1,1312821.1,1798411.6,1069192.6,926249.6,1275572.6,907706.9,763158.4,1684046.2,1155373.5,1277164.5,1770069.4,1060104.4
"Frac2_PEP0203_2","SYN0019","GENE0019",0,1301015.3,1509394.1,1534739.3,3155332.4,2143965.2,NA,NA,NA,2224223.2,NA,2085688.2,NA,1193086.1,2572886.4,2955692.8,NA,NA,NA,NA,NA,1186886.9,890670.1,1476536.8,908775.9,816405.1,NA,NA,NA,NA,1578743.3
"Frac2_PEP0204_2","SYN0069","GENE0069",1,192848.3,235379.1,200394.7,249496.6,186606.4,139402.7,222016.1,155160.2,344691.6,173957.9,160543.4,278168.5,167561.5,169646.9,248141,439496.7,633633.3,424035.6,296820.2,502268.9,284591.9,501623.5,392411.8,467365.1,447544.6,388281.1,373824.7,369773.4,394647.4,281129
"Frac2_PEP0205_2","SYN0086","GENE0086",0,444486.2,527798.3,825088.1,703013.2,604806.6,936796.6,784955.5,647896.9,820551.6,533941.5,590519.5,437390.3,631944.2,765478.2,638162.6,781299.9,NA,730183.6,885026.5,632665.7,945961.1,525916,702363.6,704594.1,549779.1,652461,434171,447698.1,611543.7,953786.2
"Frac2_PEP0206_2","SYN0114","GENE0114",0,152120.2,193346.6,168497.1,149006.2,118888.3,132708.9,131508,226857.4,244950.5,185440.6,89748.1,127781.1,112982.5,195728.8,208084.8,NA,220598.9,168837,371346.6,139618.4,148994.2,97936.6,140702.8,139551.1,189878,168895,196835.2,101457.6,112419.6,85814.7
"Frac2_PEP0207_2","SYN0057","GENE0057",0,8654603.1,9319886.3,6296096.2,7110116.2,9411153.3,6974593.2,7004269.2,5569070.2,7675389.2,5589376.8,7129141.2,6834657.2,5364785.6,5655013.3,10380364.7,5221559.3,5707744.2,4030400.6,5978827.8,3893803.9,5297442.2,5839519.6,5035448.1,4796618,6924141.2,3782155.2,6655235.8,7297182.3,4494261.4,4000841.8
"Frac2_PEP0208_2","SYN0001","GENE0001",0,504844.3,528124.9,425752.4,593499.5,636732.6,1968853.7,808471.3,1136131.5,1762478.4,1015494.1,456356.4,433832.9,624660.6,750345,594480.3,1603873,1859431,2250831,1577012.3,1976490.2,1036113.5,NA,962121.5,866472.7,638808.1,1874741.1,2882053.6,1052851.6,1712181.7,2051377.4
"Frac2_PEP0209_2","SYN0048","GENE0048",1,1012587.8,1898905.8,1394281.7,762902.6,941510.4,2306676.7,1400799.4,1976047.9,1922896.1,1637875,1110799,998354.4,751813.4,1088453.1,975102.5,2034391.7,1764721,985690.6,908506.9,1814140.3,736048.5,914421.2,1040767.6,934579.9,966510.4,955561,1544309.1,1831729.1,1574110,1243478.2
"Frac2_PEP0210_2","SYN0045","GENE0045",1,2116019,3241019.8,2519872.6,2705570.2,1432741.7,1818526.6,2718321.1,1535527.4,1788862.9,2099195.8,1986800.1,2192871.3,2837721.5,3146654.8,2194208.8,969709.5,718099.8,791800.5,677763.1,1148687.6,1495053.9,1024390.9,883783.9,1276369.9,778857.4,1259171.8,979110.9,1455082.5,1156299.2,1350840.1
"Frac2_PEP0211_2","SYN0122","GENE0122",0,694618.7,581785.2,1225687.7,802320,666566.3,3148930.6,3098526.1,2045694.8,3011414.9,2340083.8,700219.9,755400,733347.3,NA,813598.2,1026431.7,1263308,NA,1202866.9,1466356.6,302947.6,279421.1,382087.7,189052,402851.1,1073188.9,1245105.3,1382515.3,1163748.5,1871206.1
"Frac2_PEP0212_2","SYN0071","GENE0071",1,1019728.9,751100.8,596083.2,NA,628256.3,691694.5,660562.1,924960.7,973348.6,816382.9,830889.3,795049.7,916703.8,1012597.5,870253.6,417727.3,370945.9,457993.4,NA,394018.7,292149.4,343863.3,449471,392474.6,350406.7,424527.1,297236,258139.2,232053.4,253596.1
"Frac2_PEP0213_2","SYN0059","GENE0059",1,230633,234343.8,204304.4,254411.4,230929.8,NA,450390.2,NA,NA,569364.1,208298.6,270525,244934.3,298086.7,214327.4,NA,NA,NA,521653.8,357597.9,134563.7,200863.3,255471.1,176490.7,142812.3,NA,308168.9,NA,474806.8,NA
"Frac2_PEP0214_2","SYN0101","GENE0101",1,217426.4,258251.4,334287.5,269121,419825.1,277695.8,225419.6,219723.6,214842.1,NA,334178.1,261507.9,205981.9,341998.5,268952.8,NA,NA,NA,NA,558416.3,533252.3,491217.6,398415.8,285735.3,738515.3,NA,NA,486750.2,NA,263196
"Frac2_PEP0215_2","SYN0100","GENE0100",1,77321899.8,80611446.6,76961867.6,68937292.8,66696477.7,94388847.1,NA,NA,NA,58996250,52653120,60777391.2,NA,74487412,83173102.7,40325209.5,NA,NA,NA,36749188.4,34263038.6,33034544.6,32063751.7,32018792,24288579,NA,NA,36275091.5,NA,27287641.8
"Frac2_PEP0216_2","SYN0053","GENE0053",1,521846.9,878902.4,690645.1,638678.7,673116.5,NA,NA,NA,NA,NA,359711.7,574396.5,731896.8,519627.8,405771.6,NA,110503,223195.8,139451.3,NA,163476.6,495192.9,319161.7,331571.2,193803.1,NA,NA,NA,NA,NA
"Frac2_PEP0217_2","SYN0125","GENE0125",1,6095086.2,7937050.6,5456732.8,6618197,NA,10176510.4,NA,NA,7870158.2,7479218,5827136.5,4978263.2,6006764.8,5712026.7,8574925.9,4229264.2,NA,4061508.1,3305722.8,NA,5125005.5,4148327,NA,NA,3567421.9,4163575.3,NA,NA,4694775.2,4399684.7
"Frac2_PEP0218_2","SYN0089","GENE0089",0,68879.6,67305.9,42124.1,72194.7,44533.8,40634.6,34114,47278.1,47187.7,71019.8,NA,65423.5,NA,44815.9,74606.3,NA,NA,15786.6,NA,19976,18647.7,NA,11819,14093,NA,7227.3,11741.5,14446.2,16096.6,10302.5
"Frac2_PEP0219_2","SYN0068","GENE0068",1,NA,NA,1486423.6,2036772.2,2496785.4,NA,3292749.3,3705290.7,NA,3633887.7,1734321.3,2179521.8,2021331.9,2226317.8,2003354.7,1339028,1245773.5,1417308.9,927913.6,NA,1905095.5,1286388.9,1576150,1166941.4,1434768.4,1561327.1,NA,1876211.6,1193648.9,1642243.8
"Frac2_PEP0220_2","SYN0006","GENE0006",0,1609352.6,1895642.2,2466086.2,2735584.3,1284907.9,NA,NA,NA,NA,NA,2016542.3,1340129.4,1794662.9,1910637.1,1399693.4,1632077.7,1771437,NA,NA,NA,1306290.7,2713971.5,2819281.4,1091858.9,1579557,NA,NA,NA,NA,NA
"Frac2_PEP0221_2","SYN0077","GENE0077",1,NA,1313752.4,1166380.9,1581693.8,NA,1876898.2,1170181.6,NA,852749.7,1707347.2,1122399.1,1004182.8,1390231.8,1520644.3,1459343.9,911734.2,1136550.5,816399.4,NA,917835.6,805947.1,948278,NA,1220766.8,934793.9,1226572,1057223.8,952864,NA,725520.2
"Frac2_PEP0222_2","SYN0069","GENE0069",1,460820.5,666281.6,602576.8,350429.4,507486.6,482114.4,480597.4,344542,591228.6,764347.8,522482,319290.8,395280.3,582813.6,431123.1,254942.1,197573.2,255708.5,255506.3,204716.2,146013,227336.2,221958,177674.2,158543.7,159164.4,128028.8,147650.4,159153.8,260700.6
"Frac2_PEP0223_2","SYN0068","GENE0068",1,710811.8,482115.4,341974.7,573375.6,563895.1,320266.5,657802,384288.3,470087.9,634743.5,716012.2,511483.4,477127.3,422917.6,650817.6,4221647.6,3646441.8,4874825.6,3256769.6,4731695.9,3359461.1,2934894.1,5817588.1,3840603.5,3846868.8,NA,5184883,4969753.5,4241203.3,5018298.1
"Frac2_PEP0224_2","SYN0051","GENE0051",0,325201.7,327877.5,388570.8,332174.8,405506.7,192171.3,216661.6,137441,162386.3,254106.5,338428.1,484227,525912.4,288889.7,NA,361437.9,272028.9,226324.3,482196,207823,665575.9,687709.8,601402.8,659421,1163176.5,356298.3,216403.9,397695.7,341928.3,341717.9
"Frac2_PEP0225_2","SYN0054","GENE0054",1,126165.9,198306.8,224247.2,203645.9,253587.5,189837.8,173632.9,263106.6,111710.1,179796.8,154924.8,225253.5,185300.2,200282,193123.2,174772,325325.4,174051.3,228072.6,135548.3,227833.9,142094.1,201902.3,198749,255142.1,349185.7,173236.3,176440.6,196641.4,159668.8
"Frac2_PEP0226_2","SYN0112","GENE0112",0,14142365.6,8428958.4,9762105.1,9886981.9,6501098.4,6362452,11307842.6,8042586.9,8983738.3,8262567.6,7431311.7,10084068.2,7569260.7,10160175.6,8811991.7,15589069,13811386.6,18489850.7,18452292.7,21548877.2,12063724.7,12083596.4,13105036,17092226.1,17542607.5,15568212.2,12377750.9,18130826.3,15638853,22250655.6
"Frac2_PEP0227_2","SYN0120","GENE0120",1,926658.9,992246,NA,NA,748626.8,670081.2,802526.1,616275.2,NA,NA,463831.5,595719.5,470830.6,484492,716809.1,406509.1,NA,NA,717641.2,569786.6,715252.1,NA,529178.9,524389.2,NA,387650.5,427256.8,505547.4,486100,504444.4
"Frac2_PEP0228_2","SYN0067","GENE0067",1,107933.7,115834.8,141269.4,198733.4,136033.5,NA,NA,NA,111708.2,NA,208324.4,157567.5,127455,122381.6,156629.8,335372.6,NA,343873.5,546211.5,338481,243319.7,411073.3,427595.5,501120.7,NA,NA,426119,NA,NA,NA
"Frac2_PEP0229_2","SYN0121","GENE0121",0,333575.6,NA,465807,291362.4,NA,NA,256507.7,453081.2,398391.2,330795.4,422879.6,NA,319141.5,187247.5,228273.8,82010.8,72433.3,76680,92802.5,NA,77903.2,62240.5,52825.5,93268.9,NA,99034.7,121765.3,77448.3,119935.3,NA
"Frac2_PEP0230_2","SYN0012","GENE0012",1,63618.9,94393.3,126531.2,NA,75363.6,15487.7,34688.5,NA,21282,20822.9,40857.8,84273.3,106926.3,85041.4,81651.1,76504.2,NA,87283.7,71345,57537.4,NA,197884.1,179317.5,259219.6,NA,52474.2,84175,97426.9,70435.2,106042.3
"Frac2_PEP0231_2","SYN0117","GENE0117",0,486294,647747.9,NA,587805.2,572686.1,NA,786344.7,877774.9,NA,370033.9,1140903.7,NA,834155.7,704259,550138,1067404.1,916040.8,NA,NA,1505650.8,NA,1041333.6,1212696.1,984829,NA,1100548.4,NA,1193906.9,NA,787302.7
"Frac2_PEP0232_2","SYN0097","GENE0097",0,938484.5,1288835.5,1653135.7,1181920,1152561.2,1742649.1,1974911.1,1006512.1,1165853.5,1405187.8,1241370.6,1062430,1759801.7,1389515.3,1566210.9,5845701.2,4189492.3,4872054.2,3909110.5,4458597.8,4396310.2,4308898,3864727,7745804.1,3318498.4,5533588.9,4073078.8,4124610.6,5981203.6,7430877.3
"Frac2_PEP0233_2","SYN0101","GENE0101",0,5120487.5,5926553.6,5270202.7,3940124.3,5067483,NA,4247575.6,5674556.4,NA,NA,NA,5709910.1,6036854,4656728.1,3657206,NA,NA,NA,NA,NA,1812105.3,1586124.3,1863791.2,1209062.3,1586938.1,NA,NA,NA,NA,1550620.7
"Frac2_PEP0234_2","SYN0044","GENE0044",1,792963.1,753332.1,1215930.1,1599684.1,1356958.6,989659.9,NA,NA,NA,NA,1343991.9,922850.8,973935.5,983770.1,1309681.6,562526.3,NA,NA,NA,NA,505367.8,937997.6,773284.8,826775.4,610474,NA,NA,NA,1066537.4,NA
"Frac2_PEP0235_2","SYN0134","GENE0134",0,5593038.6,8389577,5750969.6,4494002.3,6483024.7,6885243.5,5138981.3,7166479.3,5619802.7,5606998.2,6034838.7,7028544.4,5189877.5,5141996.1,3751467.5,2738064.9,NA,NA,3424726,3243148.3,3998174.8,3592291.7,3606120.5,2480364.2,5637632.9,3274649.6,5810034.5,3072168.5,3520452.1,3402816.3
"Frac2_PEP0236_2","SYN0018","GENE0018",0,3457986.6,2369681,4084579.5,2424961.1,2828095.4,2278494.4,NA,NA,NA,3570632.9,3223895.8,3870204.8,7033467.4,3146580,5028297.8,NA,NA,NA,NA,9127383.7,9326481.1,8372894.9,4732181,NA,6423714.3,NA,10192440.2,5076860.1,NA,NA
"Frac2_PEP0237_2","SYN0123","GENE0123",0,4634070.2,2753091.2,4038354.9,NA,4599687.1,NA,NA,NA,NA,NA,4441887.3,3649504.1,3804339.9,4450402.5,2759112.6,4048528,4133118.8,5638844,NA,4550750.2,4617198.6,NA,6935928.5,3750177.4,4730632.3,NA,4189424,NA,NA,NA
"Frac2_PEP0238_2","SYN0019","GENE0019",1,176438,256219,365787.2,300905.7,212051.8,728345.5,1081716.4,NA,NA,NA,237386.1,316258,313607,368311.1,258346.7,NA,NA,2655276.7,2248037.8,NA,1164515.8,685920.6,956915.5,647031.3,608538.8,NA,1873719.1,NA,3786662.1,3356271.3
"Frac2_PEP0239_2","SYN0114","GENE0114",1,63716,52903.3,38360.5,63677.9,39375.9,61988.7,62192.8,49342.8,39248,39225.1,NA,69907.3,57085.8,48011.1,40160.1,43041.8,60584.9,51443.2,62198.7,62167.1,55257.9,42198,103327.3,47756.2,56722.8,38092,60193.9,52466,50796.4,66094.5
"Frac2_PEP0240_2","SYN0130","GENE0130",0,297182.2,245972.9,261143.7,143895.5,304551.9,218711,NA,265111.1,323708.6,NA,245791.8,303653.2,278166.1,351082.4,324057.4,279164.6,292946.3,206767.6,196363,199816.3,183418,235361,166518.8,NA,NA,225957.2,193685.5,202039.2,NA,191544.1
"Frac2_PEP0241_2","SYN0082","GENE0082",1,343347.3,NA,404677.6,NA,514770.4,232499.1,324915.8,369186.3,365653.1,207084.6,307371,323940.9,386076.2,366035,474744.1,396688.1,173275.2,215360.4,173376.1,148575,387024.4,524736.4,343543.7,256991.5,268810,149809.6,160018.9,406972.1,197401.8,172199.4
"Frac2_PEP0242_2","SYN0132","GENE0132",0,272285.1,274342.9,193691.7,NA,332366.9,284986.4,269902.2,458082.4,344423.9,254401.7,416477.9,469865.8,375152.7,306193.6,492705.4,167981.8,216071.1,211223.2,165088.8,190036.3,306994.4,135308.3,322859.6,163411.1,198743.9,148578.4,323734.7,283020.6,187919.6,193315.4
"Frac2_PEP0243_2","SYN0013","GENE0013",1,459084.3,452714.6,405404.5,338593.5,455161.1,342301.7,295387,463883.1,519188.5,306148.2,399703.8,391320.3,488200,314395.4,310639,1314287.1,896053.6,556835.4,520918.1,700601.1,600199.7,885893.3,920654.9,1432848.9,707073.5,805922,654907,752966.9,744777.1,726704.3
"Frac2_PEP0244_2","SYN0099","GENE0099",1,821269.5,971976.9,762815.2,616013.5,798841.1,668891.4,804225.9,703707.3,714663.5,453296,1192376.7,557917.5,544730.9,764898.9,NA,332507.6,353479.5,223224.2,266860.7,344636.1,309721.9,380679.9,NA,320883.4,407975.8,244272.7,423309.3,264430.9,272676.2,254299.9
"Frac2_PEP0245_2","SYN0021","GENE0021",0,2267258.1,3865878.6,2622887.8,3905761.8,2853291.3,NA,NA,NA,NA,2109048.7,3389366.9,2521331.4,2491216.3,3872168.5,2951807.9,NA,5396175.8,4178218.2,NA,NA,6410206.4,3715074.4,7486231.4,9558306.1,5626701,4572008,3923901.8,NA,NA,NA
"Frac2_PEP0246_2","SYN0106","GENE0106",0,41833.8,42439.3,51237.9,34053,31608.2,NA,24159.6,51369.1,38879.4,25225.9,31187.4,25987.2,28706.6,34634.1,25524.6,36302.2,34275.4,36171.1,42564.4,NA,58312.2,43245.9,47693,33748.1,37166.4,31589.1,46804.7,34282.7,47889.8,30060.5
"Frac2_PEP0247_2","SYN0095","GENE0095",0,14973461.1,21813877.9,15775962.3,18614895.3,17989398.4,173240383.3,122402642,67074991.5,152418435.8,65076202.5,22658674.3,17820986.4,20432024.2,18697285.8,20312098.6,112651156.9,119034613.6,75728520.3,80305287.7,111343540.9,17847947,13287945,20855937.8,23913501.5,15709376.8,86794711.1,68782325.4,104034471.9,141853072.3,69213070.9
"Frac2_PEP0248_2","SYN0111","GENE0111",1,189587.3,195163.7,NA,NA,165051.4,206813.6,141470.8,155894.1,195078.2,244850.2,127756.6,246467,NA,309710,211444.1,176455.7,276563.9,238124.7,257540.7,312996,418157.9,213639.4,344904,NA,198635.4,NA,NA,353971.8,381435.7,NA
"Frac2_PEP0249_2","SYN0024","GENE0024",0,10501555,10125337.1,6631446.6,8626748.7,NA,6437474,NA,NA,NA,5970614,9606482.8,6936496.9,NA,7801020.2,NA,5449094.7,NA,3420049.1,4146000.9,NA,NA,7017330.3,4751142.7,9481970.9,NA,5881469.7,5691721.8,4296835.8,5675654.7,NA
"Frac2_PEP0250_2","SYN0081","GENE0081",0,243765.7,241027.5,266698.5,317929.2,210042,347569.9,440741.1,223208.1,296393.3,163490.1,222063.2,328175.2,181169.9,269764.1,291036.2,666786.6,497745,559261.5,356435,736824.1,520213.3,426139.5,333040,386411.6,368587.6,631032.2,621689,424595.3,493995.6,437914.4
"Frac2_PEP0251_2","SYN0017","GENE0017",1,1596514.3,1962593,2501852.1,1650700.2,2209037.2,1318264.7,1622015.1,NA,NA,1673104.9,1297191.3,1778263.6,1827034.6,2236271,1551012.5,917444,NA,NA,NA,NA,2128541.3,2342052.1,1726908.3,1693787.8,2740384.4,1460043.9,NA,2148350,1296213.7,NA
"Frac2_PEP0252_2","SYN0005","GENE0005",0,1381826.4,795538,NA,NA,NA,NA,1102661,1188661,680810.6,1093541.2,942153.9,NA,1091863.8,NA,923051.6,NA,1398032.5,1797918,1264732.8,1384745.5,1950683.2,2892793.9,1646106.9,NA,2461593.1,1457526.9,NA,1690360,NA,NA
"Frac2_PEP0253_2","SYN0071","GENE0071",0,147632.4,131367.1,105326.7,173356,96414.2,154464.9,NA,135836.4,171962.5,NA,107216.8,135224,127493.9,120244.2,156999.6,71323.5,NA,68695.7,49173.7,NA,70120.5,38363.2,53124.7,39150.4,34105.3,NA,NA,NA,NA,65554.6
"Frac2_PEP0254_2","SYN0006","GENE0006",1,755483.6,761676.1,702665.9,522721.8,1049483,820057.9,1116952.5,576600.2,724695.3,1428402.7,876358.4,1138615.3,1006559,621125.9,NA,1912228.2,1192575.8,1477449.2,1195809.6,1806043.4,1506855.2,1856868.2,971960.6,1343416.9,1809223.4,1402724.3,1104438.9,1516247,1867082.7,1297340.7
"Frac2_PEP0255_2","SYN0115","GENE0115",1,766267.7,580160.2,746975.6,642204.6,875037.8,892794.1,508246.1,691243.3,971379.4,509393.4,1024844.5,900736.8,691911.7,593064.8,728087.3,607522.3,583485.4,652451.4,662217.2,488058.8,687667.4,427554.5,610846,516189,470137.8,559142.1,587637.5,392848.3,465918.5,622121.2
"Frac2_PEP0256_2","SYN0057","GENE0057",1,57563,70198.2,NA,96799.1,97726.2,57337.3,92459.5,79749.6,74803.3,60154.1,100042.3,110642.3,NA,66080.9,47377.9,127352.5,111222.9,165432.7,87161.4,120553.1,146588.5,98125.1,NA,137208.3,206771.1,NA,103488.1,123868.2,98825.1,105140.5
"Frac2_PEP0257_2","SYN0034","GENE0034",1,74739.5,102879.6,NA,NA,144159.5,85866.5,62422.2,93762.9,NA,NA,76246.1,76069.2,75585.8,NA,59444.2,215580,257375.8,NA,NA,141985.9,125063.4,136389.9,106574.5,113723.3,149811.2,184343.8,178791,NA,245106.2,140496.3
"Frac2_PEP0258_2","SYN0082","GENE0082",0,692393.2,694749.3,NA,855501.7,888521.4,862047.6,896003.5,998096.2,972736.7,773232.9,640906.4,570320.9,NA,1006783.4,945268.8,778860.8,709761.2,550596.1,695871.1,583601.7,521952.3,663794.9,738689.3,565553.9,649730.8,494565.2,465973.1,483644.4,798908.2,769193.3
"Frac2_PEP0259_2","SYN0047","GENE0047",0,339922.7,656990.1,506411.9,423405.7,548157.9,548704.3,224000.8,412014.5,471687.7,389162.6,276074,477396.1,419103.9,360831.3,433709.6,119708.9,126026,140672.6,127838.4,156593.2,92754.9,140598.9,143436.4,200585.5,128884.3,133449.1,102037.2,176784.9,88579.3,170184.4
"Frac2_PEP0260_2","SYN0109","GENE0109",0,142600.3,125111.1,94135.8,141666.1,169029.8,NA,114452.1,94419.4,NA,NA,80614.3,165749.1,120789.2,83671.8,NA,NA,163985.2,173704.9,NA,203274.6,93066.7,223473,122229.3,150141.9,174534.3,222849.5,NA,NA,NA,135990.8
"Frac2_PEP0261_2","SYN0072","GENE0072",1,457101.8,NA,590208.3,542025.1,586063.7,518219.9,516218.7,473791.5,497554.7,867069.7,697581.9,759939.8,503723.8,689329.8,519547.9,682587.9,690088,476419.1,508756.5,633897.6,410123.6,516653.6,472620.6,528041.2,582673,415669.9,NA,418097.1,605811.8,559799
"Frac2_PEP0262_2","SYN0026","GENE0026",1,455064,690094,332520.2,529332.8,351530.1,435401.7,422959.2,387334.7,745234,366227.3,507083.4,384971.9,326944.7,383003.6,582879.9,258743.5,457400.3,420187.8,416570.9,310824.3,330212,210756.8,269133.9,544455.2,250328.6,380131.5,288952.5,651001.1,272514.9,432989.5
"Frac2_PEP0263_2","SYN0036","GENE0036",0,922841.3,1092653.2,1751910.3,1227395.3,837257.4,1610944,1974150.6,1670052,1435263.7,1960778.9,1781807.7,647415.3,1563345.5,NA,NA,NA,1068416.6,NA,1386262.8,1793184.1,1039196.5,1164402,NA,568248.4,606692.5,1047704.8,1352165,1000260.1,1071853.3,1746119.4
"Frac2_PEP0264_2","SYN0057","GENE0057",0,475287.1,538454.9,775325.6,NA,827551.3,NA,NA,NA,NA,NA,566131.6,579736.1,571030.6,711715.5,902460.3,NA,NA,NA,NA,333067,298374.4,327314.9,307917.9,327265.6,353127.2,NA,NA,597950.5,NA,NA
"Frac2_PEP0265_2","SYN0028","GENE0028",1,6350057.3,NA,4946042.7,3103558.8,3255989.5,2077054.2,NA,NA,NA,NA,4260456.2,3816745.8,2829006.5,4204632.8,4406734.3,4218350.5,NA,NA,NA,NA,4115551.7,6188140.6,4277191.5,4309595.7,3179547.4,2347338.2,NA,NA,2123203.7,NA
"Frac2_PEP0266_2","SYN0028","GENE0028",1,226811.7,318113.2,269053,218978.7,NA,153352.1,159552.7,82747.9,194550.9,134829.9,247407.3,284304.8,280804.8,280511.2,307293.6,267267.2,265307.8,NA,209691,194664.6,315167,218655.8,301440.1,429665.7,369829.3,239742.5,151979.4,215756.6,158108.8,201681.6
"Frac2_PEP0267_2","SYN0016","GENE0016",0,375550,243789,263732.1,238874.4,301347.4,NA,512472.4,NA,NA,NA,226907.7,293749.5,170333.7,346682.9,234928.5,NA,NA,521282,NA,NA,142032.9,123337.6,121093.6,198712.4,143043.5,NA,355447.9,NA,625456.4,NA
"Frac2_PEP0268_2","SYN0111","GENE0111",0,577664.1,753679.6,NA,459711.2,780871.2,NA,NA,NA,NA,810057.1,530697.3,526052.3,793449.4,NA,606447,213403.5,223868,NA,299578.9,315963.1,379928.1,320205.7,168661.6,378452.7,318105.1,317890.8,NA,NA,NA,210491.4
"Frac2_PEP0269_2","SYN0060","GENE0060",1,NA,351423.2,464958.5,878749.7,414074.4,NA,NA,NA,581512,466258.4,622510.8,531740.7,405165.9,538334.9,539358.8,194256.7,NA,193096.9,NA,NA,172507.2,184830.6,181991.2,220562.9,154687.9,NA,145899.9,NA,NA,134975
"Frac2_PEP0270_2","SYN0006","GENE0006",0,581224.4,857633.7,NA,1085614.1,721462,163059.8,NA,NA,202365.1,NA,1106880.4,1611885.6,1407009.3,880617,1176028.2,213747.5,182776.3,NA,NA,187116,1099236.1,1581282.2,1353475,863178,769409.3,194138.9,NA,NA,223734.3,NA
"Frac2_PEP0271_2","SYN0109","GENE0109",0,2372886.6,3017959.3,3560376.9,4152222,4092625.5,5780916.8,2499644.2,3755682.8,3548531.1,4040853.6,2487342.8,5084436.1,2696861.2,4031198.5,3439090,4638459.3,7055022.7,3419412.4,5845781.4,5446757.2,6358634,4403262.5,4429950.4,7955945.2,3996332.6,4234297.9,5011044.3,3656051.2,5022672.8,6701486.2
"Frac2_PEP0272_2","SYN0044","GENE0044",1,NA,1760054.7,NA,3607214.4,NA,NA,NA,NA,2436052.2,1641620.4,2237046.9,2484407.3,2422528.6,1464829.3,1500955,2379154.4,3957899.9,3702704.9,3868562.4,NA,4674319.7,3594155.3,3621629.1,3716451.2,NA,NA,NA,1995560.8,3241460.7,3606650.4
"Frac2_PEP0273_2","SYN0066","GENE0066",0,856689.1,791168.1,1607737.7,794831.2,896351.4,1288326.8,560800.4,1155047.5,1458751.8,983383.2,1522932.3,1151870.5,1195195.1,1366806.1,895270.2,612167.1,608889.8,727878.8,529509.2,762664.2,814102.3,797529.5,838019,506299.9,638105.1,635055.2,845565.6,646630.6,780840.3,1042793.4
"Frac2_PEP0274_2","SYN0074","GENE0074",1,458845.8,501008.2,277794,354029.9,763310.9,1189235.5,1294567.4,1007135,770599,1164453.1,245634.2,386618,350081.8,379011.7,300906.1,2710263.8,1510893.7,2351032.9,2720808.7,2753568.9,681873.4,1046211,1002344.3,848947.3,1387807.8,3148849.7,3758742.8,3450081.7,3101180.1,2788545.3
"Frac2_PEP0275_2","SYN0089","GENE0089",0,NA,2801567.6,1998518.2,2710446.2,1986557.7,2054405.7,1239689.8,NA,1772332.1,1109009.9,2359731.5,1150880.1,1941044.6,2529939,3005589.1,446818.7,480812.3,805007.7,507995,957925.4,449368.5,707978.7,538927.9,532126.6,716357,451200.7,407959.8,470227.2,NA,688874.8
"Frac2_PEP0276_2","SYN0090","GENE0090",1,88865.9,106875.9,221317.5,169123.7,214061.6,NA,NA,NA,NA,NA,149052.3,199023.3,189448.1,192637.8,185563.3,NA,66439.3,84983.1,101150.9,88659.4,99183,56188.1,78047.8,120450.7,86066,NA,NA,NA,NA,61735.1
"Frac2_PEP0277_2","SYN0019","GENE0019",1,1419131.1,1413960.8,1044485.4,1913810.3,1128150,1288858.6,1415566.3,1451533.9,1260838,1614147,794870.8,1017112.8,1657080.2,1366407.3,1158448.7,2082627.1,1212756,1353065,1150495.5,1527586.3,1104155.8,936999.9,1286331.1,2016613.5,1138985.7,1444657.4,1723152.5,1096517.9,1540149.6,1653930.3
"Frac2_PEP0278_2","SYN0001","GENE0001",0,411820.6,413546.5,312707.2,478604.7,377049.5,NA,NA,NA,NA,270001.7,378799,331486.9,622333.3,485184.2,587313.3,784388.4,NA,424969.9,NA,NA,542911.4,427947.6,506104.2,478988.7,NA,NA,726204,NA,NA,NA
"Frac2_PEP0279_2","SYN0025","GENE0025",1,862876,564096.3,1016812.9,1187252.7,926517.7,1217534.6,1210039.5,963790.2,1104316.3,1103074.4,1054440.3,889979.3,972215.7,2249328.7,1052504.8,2140172.4,2149902.8,2054893,2485124.9,1932471.4,2483591.7,1978077.9,2627936.8,2037710.4,1557121.7,1629629.9,NA,3352337.6,2109331,1772308.8
"Frac2_PEP0280_2","SYN0027","GENE0027",1,3013548.5,2411787,4592971,2742455.2,1630829.8,3942165.9,NA,5099136.2,NA,3353198.5,1936102.4,NA,2387588.2,2314348.4,2527930.7,7570453.4,6942251.8,6885128.9,7740695.9,NA,NA,5452357.6,5218067.6,6951749.3,8169631.7,NA,NA,9298113.7,NA,NA
"Frac2_PEP0281_2","SYN0028","GENE0028",1,NA,3732186.2,3054866.3,2359662.6,NA,3342703.6,3686237,3450156.4,2668849.2,3712023.1,2422611.7,4009471,2719960.1,2823726.3,3698602.1,4949724.3,3844658.5,7309574.3,4427280.8,6259437,6185523.2,5202075.6,5840034.3,5075438.5,4064268.8,5788323.6,4085888.9,5362241.2,4038195.5,6121686
"Frac2_PEP0282_2","SYN0075","GENE0075",0,1416947.8,1585118,747201.6,993583.4,1197638.7,1306407.7,1473128.4,NA,1858224.9,1681421.3,1477201.8,618241,884862.5,1488200.8,727839.5,1460969.7,2938873,1270692.7,1962215.2,3127769.2,887501.7,897059.1,1222075.2,1756074.6,1058548.7,2567964.3,1568539.6,2047150.3,1760660.5,1213511.8
"Frac2_PEP0283_2","SYN0035","GENE0035",0,243754.2,263630,144480,242277.6,NA,243324.9,200352,317700.7,263976.8,473363.2,250823.3,193347.1,230803.2,257174.5,323028.7,218855.8,256908.8,238389.2,211448.5,279030.9,126923.6,201258,256565,276903.6,308238.1,241592.9,343317.9,146527.7,178472.6,160776.5
"Frac2_PEP0284_2","SYN0126","GENE0126",0,654075.8,871764.6,600122.8,716295.2,570826.1,652584.8,NA,665840.7,NA,NA,676570.9,489496.3,NA,687243.7,644083.4,814375.2,NA,NA,617258.8,NA,955497.7,887356.1,1158215.3,1177010.2,1277365.7,NA,NA,NA,NA,840050.8
"Frac2_PEP0285_2","SYN0074","GENE0074",0,195020.2,163286,209348.4,162955.9,153221.2,143640.5,305371.3,152756.2,206861.4,219222.7,124680.5,130134.6,148865.4,153926.9,127625.3,338777.9,464743,827400.9,474252.5,356733.6,407044.8,286778.2,314273.9,294485.7,496432.3,306763.1,378713,546189.7,578526.1,325381.6
"Frac2_PEP0286_2","SYN0075","GENE0075",0,1535243.3,1527352.9,1413741.6,1692147.8,701585.5,689555.2,1005566.5,1172364.8,824455.9,1335446.3,666158,1089261.4,993111,1112013.5,1162740,2921290.7,2409511.8,2932578.3,2659818,2728897.8,2879400.4,2676705.6,2955685.1,2470746.6,2703267.2,3306091.6,3009000.7,4142723.4,1799020,NA
"Frac2_PEP0287_2","SYN0126","GENE0126",1,330759.9,343272.1,246595.6,267698.5,241621.2,316818.2,256727.8,NA,494324.9,220564.6,245027.5,416361,199046.2,437926.8,NA,261243.3,131688.9,NA,203690.3,200058.8,205379,184528.8,134994.6,206943.7,260954.6,306354.4,242180.3,196866.3,124703.4,NA
"Frac2_PEP0288_2","SYN0062","GENE0062",1,953994.9,750627.3,640205,585101.6,402461.8,734542.4,743228.6,712879,546344.3,1164805.7,1294538.3,961088.7,816594.9,1077556.5,657959.8,627057.3,676120.7,712216.6,NA,724933.5,575777.1,1023780.5,717106.7,1011498.8,670288.3,719215.3,681227,715869.5,882715.7,489791.9
"Frac2_PEP0289_2","SYN0053","GENE0053",1,753063.7,1053385.1,598453.9,1079313.1,1050028.7,603691.7,707997.5,954125.7,1588021.2,1016807.2,1052978.7,815063.8,1361903.5,906037.1,684760.4,777772.8,834612.8,667920.8,919479.9,957616.1,608391.5,1389924.8,1385837.3,1260560,1269176.2,1161656,957114.7,660765.7,1292994.1,938900.3
"Frac2_PEP0290_2","SYN0095","GENE0095",0,102330.2,142129.7,65217.2,289229.8,95340.7,113274.4,165731.4,127371.9,100987.8,126042.8,95432.8,89815.8,126091.4,188686.9,124789.2,244656.5,157456.2,242967.4,237354,213736.5,220374.5,246627.9,242781,226319.9,183126.7,298494.2,204513.3,320344,202302.2,436198.4
"Frac2_PEP0291_2","SYN0122","GENE0122",1,252240.7,340890,383652.6,341425.2,332136.4,329455.7,471671,550960.8,NA,276135.1,412991.8,346248,208554.5,248178.8,348719.6,358990.9,296795.3,416166.1,225973,255550.6,NA,NA,NA,286343.8,404639.3,378389.4,NA,NA,299576.3,NA
"Frac2_PEP0292_2","SYN0105","GENE0105",0,497023,599143.5,1000905.1,NA,944187.9,914816,531433.3,362026.9,667533.5,658842.8,760025.1,565071.9,655938,633373.6,535206.3,582264.4,359755.2,370903.6,613069.5,561210.2,354272.6,443369.4,383265.6,679254,508249.9,359726.6,417583.3,479573,533613.7,469885.4
"Frac2_PEP0293_2","SYN0111","GENE0111",0,NA,2211852,1167164.8,1000303,1005151.3,NA,NA,1143510.6,2041682.2,NA,1427832.6,1014416.1,1353646.8,1361272.7,1574281.1,862753.6,1016506.2,651925.8,511916.4,NA,499556.6,709419.3,1000232.7,584570.1,576346.8,901227.1,738013.9,1128817.5,NA,459228.6
"Frac2_PEP0294_2","SYN0112","GENE0112",0,2623012.8,2663574.5,2701973.5,1447481.6,1446365.4,2261817.8,1014417.1,2424577.3,866155.6,NA,2448260.8,1856986.7,2275805.3,1777130.3,1996776.9,1555931.3,1355072.1,1754466.1,1714005.7,NA,3157953.1,1631735.4,2014235.9,2173199.5,1303810.6,1412063.5,1323074,1491707.2,1433048.9,1741087.2
"Frac2_PEP0295_2","SYN0044","GENE0044",1,1055440.3,NA,718477.2,985613.1,1113660.7,2858278.6,2539768.1,1580517.8,1798857.1,3036391.5,938302.3,1214982.2,932709.3,807926.8,994527.7,1182362.5,743811.7,1911248.9,1010724.8,1271142,405427.8,511171.7,641832,370438.5,516710.7,1452613.3,3179387.9,979024.7,924400,974936.7
"Frac2_PEP0296_2","SYN0070","GENE0070",0,1362602.1,1468034.1,1355880.4,2054862.6,2167934.3,7336407.5,9150927.5,9013852.8,4532031.5,4282142.7,2012941.4,1405732.7,1348470.9,1567922.3,2354525.9,9187318.6,8760280.3,13557148.7,16465078.7,11705905.3,5619954.1,3912712.9,2370224.7,4211058.6,3707774.4,12268770.9,10569856.6,NA,9130021.7,12002366.5
"Frac2_PEP0297_2","SYN0014","GENE0014",1,1774549.4,1325900.8,1076510,2572688.4,1774065.1,1592156.2,1243767,2097427.1,1434941.3,2086782.5,1494430.7,1185967.4,1429110.9,1807529.8,1712047.2,1267265,879730.3,1896630.8,1256735,1016734.6,1183900.9,611387.6,1322083.3,1609418.2,1250519.9,787849.9,NA,1613216.4,1014935.8,1386792.4
"Frac2_PEP0298_2","SYN0034","GENE0034",0,155215.9,168562.8,194555.2,215263.6,228329.1,NA,NA,NA,201238.7,NA,93387.8,163022.1,161381.4,179047.5,174900.2,242450.1,NA,NA,130536.9,132593.5,135002.2,90966.5,124607.9,142986.6,165233.7,213420.7,NA,NA,NA,214573.9
"Frac2_PEP0299_2","SYN0054","GENE0054",1,2773998.8,3690075.7,5990795.9,3924619.1,2916438.8,2268725,3864822.2,4596665,3927900.7,4022442.4,4534997,5536470,3724390.2,2992679.1,3963706.4,3784795.9,6630974.6,8188673.9,4640378.3,6007440.5,6388261.7,NA,6490835.1,5010595.6,NA,7851456.2,5511480.4,9256748.3,5273995.8,7109516.5
"Frac2_PEP0300_2","SYN0110","GENE0110",1,26352672.5,17779093.5,23315294.6,22598544.2,18471478.8,NA,22201168.7,NA,NA,NA,24285108.8,29976254.3,17932926.8,21800528.2,16909898.8,14843542.3,NA,NA,24029745.8,17980837.2,16133029.5,16630760.5,14590359.8,18731949.1,14941627.4,NA,NA,NA,NA,NA
"Frac2_PEP0301_2","SYN0084","GENE0084",1,275241.6,367791.7,445251.5,480030.1,NA,501376.4,NA,402717.4,590095.8,400012,459625.5,808776.8,350058.7,660452.8,525890.2,NA,1306789.6,NA,NA,NA,1113260.2,998940.6,1103874.7,690025.4,830175.3,911919.6,799338.8,NA,1420124.8,1035615.4
"Frac2_PEP0302_2","SYN0089","GENE0089",1,125122.7,146346.5,97007.1,97658.4,141272,184825.4,185085.3,137344.6,132698.8,148907.5,138949.3,166166.4,154694.8,91178.6,98300.5,NA,106693.9,186073.9,125056.4,116644.5,69398.1,78481.8,100042.5,105060.4,110231.9,104777.4,100734.6,123196,118081,NA
"Frac2_PEP0303_2","SYN0001","GENE0001",1,9697717.8,8879894.6,9965327.7,7766963.5,6921584.1,8779049.8,11505946.2,7795750.5,9757304.7,9924097.8,7038687,7493280.4,9231914.9,7021219.1,6057830.5,7909609.3,7954508.7,11632424.5,8955398.9,7403532.3,9031232.5,8151262.5,8450088,6015493.3,7803334.7,9538255.7,4461282.4,7118385.8,10277788.1,6932283.1
"Frac2_PEP0304_2","SYN0051","GENE0051",0,3282494.7,NA,9164749.7,7482789.3,NA,NA,5094045.3,3898044.9,3750800.5,4336144,NA,6013067.3,5045771.4,NA,4589187.8,NA,3028156.8,3506195.9,3025354.6,NA,4721665.4,NA,2595075.3,NA,NA,3044783.7,3785436,2056509.5,NA,3779052.9
"Frac2_PEP0305_2","SYN0016","GENE0016",1,6157900.1,5058388.7,4750730,6428967.7,6246385.5,6752834,8994623.4,6762131.8,6228725.5,5815455.7,4177412.7,5264201.2,5710216.3,5186895.6,8300009.9,6117468.3,7940700.5,5589354.4,6620492.8,6167396.7,6305475.7,5536540.4,NA,7241129.2,6742399.7,3333234.1,NA,5443951.7,9140889.1,5777296.5
"Frac2_PEP0306_2","SYN0007","GENE0007",1,13846524.7,16223503.4,10941947.9,12618755.3,9426472.3,12245963,28093990.4,12216993.3,11611938.9,13862840.3,12080555.6,11562521,11631074.4,13597319.5,11695668.7,11132236.6,8835924.9,16595354.4,13473744.7,10888554.4,10239796.1,NA,17957537.3,11745414.7,11691790.7,11653478.8,16247991,11869441.6,10236249,11700520.5
"Frac2_PEP0307_2","SYN0070","GENE0070",1,1258107.9,1092403.3,1029639.5,1133085.8,733227.5,1076396.8,896615.2,859824.6,763841.1,1238187.3,1151085,1021637.7,986268,1067948.2,1510861.4,4308884.1,2800714.9,2832247.1,3381639.8,3055081.2,3831549.1,3648976.6,3408951.2,4267847.4,3068297.5,4785812.6,5443944.1,2916600.8,3109637,2942749.9
"Frac2_PEP0308_2","SYN0082","GENE0082",0,103065.8,86889.4,NA,107730.6,91016,154679.7,94706.9,NA,107640,122303.2,94129.3,78130.9,106498.1,85423,117099.3,111424.3,147391.1,144285.2,143456.7,NA,134330.9,117733.1,89500.3,131294.4,125416.1,NA,124401.5,103530.2,88643.9,110034.4
"Frac2_PEP0309_2","SYN0124","GENE0124",1,1011784.8,640073.8,621119.4,472641.9,987098.6,448305.8,559138.7,239517,453412.8,296511.3,500522.9,719194.1,591145.7,1073480.7,477931.6,281346,382632,347425.1,325758.8,255578,376688.7,374558.2,484391,405340,370588.5,317739.5,303015.5,191789.8,410901.4,395126
"Frac2_PEP0310_2","SYN0061","GENE0061",0,13917679.4,16315358.8,10736470.5,15079791.8,9200241.9,12416335.8,NA,NA,20436197.7,NA,10414126.9,14122072.8,12086052.9,13107422.6,15834980.6,NA,NA,NA,NA,NA,16656273.2,17803216.5,33827616.5,12002036.1,19040731.6,NA,NA,NA,NA,14048354.5
"Frac2_PEP0311_2","SYN0126","GENE0126",0,3151716.6,2490037,3484656.1,1960866.6,2431414.5,2432042.1,3455478.7,2374217.4,3070605.3,1920862.5,2707385.2,2666278.7,3590404.9,4427934.8,2722693.8,3186922.9,3658145.7,4682324.5,4142376.8,3881138,6086866.1,3126581.5,4672352.7,5560806,4359377,5604829.1,5936667.6,3509260.6,4911084.8,4152303.9
"Frac2_PEP0312_2","SYN0087","GENE0087",1,5927686.8,3545700.6,4262140.4,5615991.4,5959597.3,1340684.5,2028685.6,1508637.7,1674991.3,1242813.7,3942899.4,7880056.3,7024743.6,5979454.3,6232992.5,432596.4,407164.5,399376.7,465323.5,521315.2,1463470.8,1510890.7,1157962.5,1744797.3,1534813.5,474805.9,314910.6,371177.1,406720.3,346580.8
"Frac2_PEP0313_2","SYN0024","GENE0024",1,5547910,4105154.7,2930998.4,3943273.4,4622745,2497744.7,5338708.1,4467478.2,4079469,4213502.2,4170671.6,3695577.6,5573020.9,5218663,4854419.9,3692949.4,2977479.2,4900601.4,2220052.9,3200487.3,2047645,2415122.6,3122345,2860130.2,2569536.5,2692523,2475317.1,1848668.8,3171463.7,2025353.2
"Frac2_PEP0314_2","SYN0009","GENE0009",1,316660.6,381659.3,347142.3,281255.5,368335.6,484581.9,411089,497634.2,328130.7,323806.1,459029.7,488515.4,346687.3,376856.2,383773.8,250900.3,381594.6,325027.3,250991.2,381242.4,611139.5,322688.6,245150.1,218179.3,283855.8,254700.4,375989.2,386842.8,526439.7,456468.2
"Frac2_PEP0315_2","SYN0110","GENE0110",1,16365.4,23543.5,16691.2,21612.1,15001.3,15245.6,12112.1,17458,17351.6,26174.8,19541.4,16955.6,16883.8,14828.1,20688,7486.8,9065.6,10362.8,8683.8,10008.6,6948.7,10933.4,6676.6,8802.5,13017.9,11188.6,7666.9,9356.9,16391,7677.9
"Frac2_PEP0316_2","SYN0029","GENE0029",0,2700964.8,3508933.6,3713257.6,1929819.1,2686743.7,3325277.5,4494535.3,3040965.9,2573387,4011833.4,3002243.8,2531147.7,3035622,NA,2470770.5,2115592.6,1700546.7,1347016.9,1407687.7,1131346.4,2532843.9,813855.5,1639556.1,767215.6,1333171.7,NA,1041947,1568948.6,1524690.8,1021659.3
"Frac2_PEP0317_2","SYN0128","GENE0128",0,126767.3,126851,149174.9,114712.1,119217.3,NA,193005.5,NA,150284.7,135073.5,105610.8,179335.9,135358.5,115104.5,131595.1,146581.5,126090.2,110004.9,129937,137822.4,123484.5,110544.6,142059.3,129682.2,151303.7,88520.9,111189.6,194909.6,194790.3,163640
"Frac2_PEP0318_2","SYN0100","GENE0100",1,662740.7,NA,605908.3,614322.4,462411.5,NA,NA,NA,NA,NA,615438.9,578290.9,307705.1,533410.4,379650.9,336044.3,NA,324102.7,NA,258186.7,333443.3,697139,314712.7,361238.9,421945.9,NA,NA,NA,NA,NA
"Frac2_PEP0319_2","SYN0073","GENE0073",1,4572064.2,4421582.2,6691995,3433063.5,6088119,5833408.8,6014702.8,3492229,4793669.6,4661879.7,5787674.4,5636436.8,4364109,5503689.5,10262285.9,3312896,2301255.6,2363400.1,2006706,2028072,4070900.6,2755398.5,1515702.4,3258951.8,3728689.6,2337839.4,2794882.7,1950030.3,2301936.3,2225721.9
"Frac2_PEP0320_2","SYN0100","GENE0100",1,106769.4,93062.4,101595.6,117519.2,73515.2,NA,89053.8,NA,NA,NA,86892.5,83829.1,130038.6,91491.6,114864.9,NA,NA,244745.9,306156.7,NA,276690.3,337162.1,252867.3,265093.2,225342.1,NA,221833.8,NA,278653,222663.4
"Frac2_PEP0321_2","SYN0070","GENE0070",0,23003134,30367478.5,24721841.7,18145155.4,21121456.5,28583233.1,23885447.8,17164986.6,17411613.8,14451674.4,21335478.8,16804061.6,26162554.3,25284642,17730187.1,11888881.2,18705223.2,10420852.3,14822919.6,24558542,19219638.8,14353152.4,10637306.4,12000577.1,11456293.7,12183843.5,15365571.8,10838547,8733331.3,11178219.3
"Frac2_PEP0322_2","SYN0035","GENE0035",1,158719.1,135306.3,154588.3,101820,182679.8,391514.5,331144.8,342551.7,318677.3,278870.6,184092.7,112539.4,140117.6,212274.4,144341.6,193083.3,159724.3,211970.3,133325.2,196915.1,57940.2,58434,95772,64705.8,80703.7,192093.2,186152.6,161624.6,NA,162600.4
"Frac2_PEP0323_2","SYN0108","GENE0108",0,147393.9,210262.8,101319.2,144869.1,175197.8,NA,153361.8,NA,NA,NA,218465.6,193410.4,179208.2,281898.3,156608.7,NA,196664,194032,NA,153787.9,138053.3,NA,135373.2,195517.4,144630.8,157658.3,NA,NA,NA,NA
"Frac2_PEP0324_2","SYN0052","GENE0052",0,202822.1,337198.9,331715.1,130083.3,285887.8,250179.4,231024.1,NA,146692.1,130962.4,245283.2,NA,NA,286975.2,228847.1,243402.6,238333.8,249435.6,305387.6,341497.3,387323.9,241562.8,310901.4,312026.3,247946,NA,494085.8,262971.3,374187.4,NA
"Frac2_PEP0325_2","SYN0005","GENE0005",1,929445.7,952922.4,NA,923312.2,1230195.1,NA,NA,994626.3,NA,935305.1,NA,NA,NA,734750.4,1025205.8,602846.2,628651.4,1097409.4,531961.7,NA,NA,NA,775535.6,775181.2,1197092.1,1223378,670194.7,716652.1,855474,802219.6
"Frac2_PEP0326_2","SYN0120","GENE0120",0,2527722.5,1582075.6,1950718.8,1247145.3,928494.4,432142.3,758263,709757.2,387701.9,421363.7,1280883,1595945.4,1911525.2,1102271.3,1348995.2,381483.1,410258.8,368194.3,534921.2,421294.2,1099363.8,818376.5,804873.3,948261.7,875586.8,365052.3,463958.5,420237.8,392836.4,301292.4
"Frac2_PEP0327_2","SYN0024","GENE0024",0,634328.5,705400.7,701463.6,NA,640720.3,551973.2,996597,817034.6,725887.3,1058254.6,960466.1,625724.5,939251.5,656184.3,766804.7,919150.8,850068.7,716992.6,406532.9,1023091.5,660099.7,896545.3,716909.9,575327.7,778597.9,665058.1,1017774.3,510158.4,897826.1,870451.2
"Frac2_PEP0328_2","SYN0026","GENE0026",0,1768191.1,2854786.5,3360174.6,2586198.6,2293428.8,1322049.2,NA,1596910.8,NA,NA,2669594.1,2441691.6,2650419,2469240.3,3241525.5,NA,4338071.8,3348774.3,6280958.3,NA,NA,NA,10525359.8,NA,NA,4650447.6,NA,6533605.4,5806178.1,4249457.9
"Frac2_PEP0329_2","SYN0122","GENE0122",1,8453510.9,4180597.7,4887462.7,6738307.9,6724746.1,8512893.7,5185748.2,5901551.3,7463202,10048685.2,8735873.4,7413012.3,4645781.7,7745097.9,5854225.9,6483096.7,9036606.9,7698756.3,8167760.3,5018222.8,7343186.8,7495902,6067696.4,7041710.1,11981880.6,11354520.5,7314199.4,8083611.4,6189772.1,7114057
"Frac2_PEP0330_2","SYN0124","GENE0124",1,525463.9,441409.3,372271.4,444596.5,489516.3,700111.8,483759.8,442981.8,447794.3,461544.6,552166.3,576826.1,504912,476576.7,612746.7,NA,613442.8,493559.9,625654.7,348019.1,650521.1,630115.3,404439.4,701973.9,507948.9,716453,538487.9,444626.6,449791.6,278662.6
"Frac2_PEP0331_2","SYN0057","GENE0057",1,53154797.7,53983320.9,34887281.6,70701811.5,54902687.2,NA,NA,NA,53929702.6,NA,55230868.2,43226815.4,32022390.3,37286635.5,NA,NA,39865558,NA,NA,NA,108851326,73455222.6,52773778.9,72361578,61202514.7,58000544.3,NA,NA,NA,NA
"Frac2_PEP0332_2","SYN0002","GENE0002",1,1370639.3,776606.9,671492.3,1244095.4,1205337.3,NA,NA,NA,982679.5,1310611.7,1243034.6,1117773.6,1215130.4,852597.6,1179659.9,NA,1452502.3,NA,NA,NA,1854213.3,3206566.3,1934925.8,1751299,NA,NA,2671872.6,2078739.2,NA,2136536.7
"Frac2_PEP0333_2","SYN0102","GENE0102",1,3613967.7,4587755.8,3936047.1,4130438.1,2615327.2,6873008.7,8180216.9,10073569.1,9739227.9,8557995.6,3989121.8,6398401.8,3937585.1,7754257.9,4541537.8,9414652.6,9342008,13720056.7,10608546.8,10309992.8,3690214,4570956.8,4078580.8,2299640.6,7464569.9,5605118.7,8055919.8,6839833,10303982.3,9071346.9
"Frac2_PEP0334_2","SYN0120","GENE0120",1,1414111.9,2514576.8,2016546,1908019,1404397.3,1292510.4,2003347.4,2593704.4,1815327.1,1977802.6,1523516.4,1872631.3,2677238.6,1896109.8,1833741.2,596769.7,487484.1,765201.6,559438.6,644933.6,1113392.8,728882.2,536644.7,641400.1,525119.9,432060.2,575003.6,535628.7,599733.2,748416.8
"Frac2_PEP0335_2","SYN0007","GENE0007",0,NA,8368920.4,5773850.8,10555989.5,11762940.3,8069372.2,9556616.2,NA,7105871.4,4631465.2,8270935.8,6316949,NA,10138107.9,7042126,7636019.9,9695498.4,9542440,8185305.6,5263881.4,9267482.4,9935076.4,8541601,5453644.7,NA,NA,6464851.8,8200468.7,6898342.5,11532837.5
"Frac2_PEP0336_2","SYN0052","GENE0052",1,378215.2,396554.4,314937.7,267685.8,184801.5,NA,NA,NA,NA,NA,296632.9,316188.8,215600.8,225774.9,315800.3,334037.8,NA,NA,NA,309566.1,158810.6,229374.5,241769.2,213069.5,193449.2,NA,267501.4,NA,NA,NA
"Frac2_PEP0337_2","SYN0031","GENE0031",0,1431606.7,1523898.4,2352291.4,1489269.2,1546960.2,1679004.9,1023344,1754152.8,2082245.1,1978697.1,1404064.1,1364759.4,1653678.2,NA,NA,1299038.6,1489345.3,1334812.6,1646811.1,NA,1642566.1,1036298.8,1506670.9,1478543.1,1388696,1746505.7,1211100.7,2060622.9,1649088.6,1173672.7
"Frac2_PEP0338_2","SYN0077","GENE0077",1,NA,3621639.6,NA,4042558.3,NA,NA,NA,1020419.4,NA,579150.3,NA,3191103.2,1887527.3,3563668.8,3523284.7,256383,502534.2,334439,458494.6,358703.9,1917588.1,2888524.3,1362387.6,1607672.8,2448201.1,500615,299045.4,507969.4,383330,503147.6
"Frac2_PEP0339_2","SYN0004","GENE0004",1,364161.1,557687.2,555032.1,380236.2,393963,565083.6,382341.2,887240.2,500337.9,493283.4,564682.7,453008.8,638230.7,590654,573250.6,837865.7,945160.3,1169763.9,922437.8,1474258.3,908447.3,973384.2,1491839.3,1023627.3,1297341.3,1284584.9,1053771.3,1041172.5,929111,906833.2
"Frac2_PEP0340_2","SYN0107","GENE0107",1,3429531.3,2882613.9,2244344.1,3554445.5,5338070.3,2951030.8,4154589.2,3129694.8,5304018.9,4212503.7,4750725.6,5220811.1,4281280.1,3736108.2,2672285.3,3591249.3,3581093.2,2836380.3,2515340.1,1961692.9,2973141.3,3496315,3661551.9,3326263.1,3064835.2,3069155.9,2954957.6,3083472.4,3505037.5,2262032.4
"Frac2_PEP0341_2","SYN0012","GENE0012",1,403360.9,476454.3,516028.3,497742.3,529014.3,667036.7,641578.7,651087.6,406128.3,725431.1,540282.7,630494.1,475540.1,787770.5,594702.7,424953.3,329147.1,346168.3,296414.2,375798.9,232184.4,335400.9,226469.7,286650.7,209837.7,238965.7,231012,206020.5,298256.2,354994.7
"Frac2_PEP0342_2","SYN0075","GENE0075",1,487533.8,378618.5,NA,464452.2,401612.1,309079.6,393724.3,NA,356948.6,NA,284068.1,403436.1,NA,326919.4,227701.6,187527.1,203883.2,NA,194255.4,198513.9,NA,214936.2,141894.1,177747.2,272764.1,NA,NA,NA,167267.6,NA
"Frac2_PEP0343_2","SYN0098","GENE0098",0,623860.3,384808.4,324451.4,NA,289252,126097.2,127421.9,160857.5,155800.1,171099,368757.4,472568.3,450133.1,494802.2,726406.3,86238.8,109986.6,110829.3,105066.7,121844.1,259588.7,NA,NA,261796.8,378826.7,66655.6,48323.1,113421,102424.6,108989.1
"Frac2_PEP0344_2","SYN0114","GENE0114",1,NA,217595.1,268233.7,299475.3,316190.7,427037.9,235221.1,406120.3,280256.4,284684.6,292361,NA,227240.7,207131.5,206894.6,116045,182144.2,142088.8,NA,194326,166647.1,161367.6,237709.9,138214.6,160542.5,214180.2,166406.5,141450.5,247362.6,113412.1
"Frac2_PEP0345_2","SYN0070","GENE0070",1,2105056.5,1496415.6,3107409.2,2465531.5,2059309.9,NA,NA,NA,NA,NA,2866508.2,1967889.5,2215579,1577551.5,1977786.9,NA,NA,NA,1425260.6,NA,1438913.1,1360995.4,2688766.1,1585938.9,1385025.5,NA,NA,NA,2157274.7,NA
"Frac2_PEP0346_2","SYN0030","GENE0030",1,2629357.1,2590686.5,3216739,3670120.5,3800815,2292680.3,NA,NA,3632771.9,3614625.3,2377357.2,2957720.2,3630992.3,2815736.8,3767433.5,NA,1434208.7,NA,1279060.5,NA,1691694.7,1415081.3,1578988.9,1158628.6,2554592.3,NA,NA,NA,1129105.6,NA
"Frac2_PEP0347_2","SYN0052","GENE0052",1,370808.6,382269.7,389650.7,357931.9,247367.8,527000.5,808544.3,596673.2,526566,589221.1,NA,NA,326018.2,NA,352025.1,902955.5,707494.2,944453.4,611765.7,810446.4,504948.2,429137.8,631027.5,407136.7,NA,731921.9,NA,560941.2,602043,623850
"Frac2_PEP0348_2","SYN0021","GENE0021",0,273016.4,309902.6,144631.9,257307.8,243093.5,158321.9,135902.9,333146.9,288239.6,261381.7,198418.9,306268.1,184169.5,171971.1,223230.9,188224.9,225775.9,NA,270707.3,279736.5,228226.1,203127.6,209118.5,279518.8,315237.2,237512.7,213915.2,325969.8,321785.9,258460.1
"Frac2_PEP0349_2","SYN0018","GENE0018",1,5125258.9,5217732.2,2150119.8,2440685.3,4784183.4,3606006.6,4048714.2,1334464.9,5669304,3354473.9,5478481.7,3035983.7,4427764.2,3683833,3906017.4,1879167.9,2172628.4,2473334.1,2917713.4,2608770.3,3732881.9,2148430,2495667.5,2383681.9,1590756.1,2557907,2952944.2,2053495.2,2184707,1488636.6
"Frac2_PEP0350_2","SYN0034","GENE0034",0,2163218.7,2072715.7,2164800.1,2797452.1,2624826.5,1687831.5,3652517.7,2011582,1729230,2962511.6,2458893.6,3220261.8,2130737.6,2516910.6,2057988,NA,730264.8,851196.9,1311848.1,909793.7,1739558.1,NA,1281144.1,844738.3,NA,697874.4,1054366.6,974049,1331518.2,1089333.1
"Frac2_PEP0351_2","SYN0094","GENE0094",1,799850,569043.3,1251465,1003084,1101057,824688.2,1014880.7,983093.4,800783.1,NA,681187.7,972358.5,928363.8,978054.4,1360686,907434.6,897228.8,1028267,1101786.9,722168.9,1040343.5,944183,1086302,NA,682853.2,1489632.4,1019538.9,807890.9,787837.7,1040225.3
"Frac2_PEP0352_2","SYN0125","GENE0125",0,5896244.6,3186093,2265615.6,1882476.1,3619590.9,2776848.1,NA,NA,3475690.6,NA,3323506.2,3352003.9,2436934.8,2655352.1,2734802.6,NA,1931422,NA,1198347.9,NA,2816278.5,1600125.4,1851954.7,2485467.3,1568611.9,3351677.4,NA,NA,NA,NA
"Frac2_PEP0353_2","SYN0105","GENE0105",0,199559.9,NA,208950.1,166162.9,186981.6,249016.8,NA,169742.3,240599,NA,191051.9,254585.3,NA,217553,NA,354900.5,375725.5,388891.5,582104.5,NA,NA,366089.2,NA,325439.5,284913.9,NA,382458.7,NA,358994.3,320379.2
"Frac2_PEP0354_2","SYN0034","GENE0034",1,598865.4,585346.6,567680.7,277492.6,462794.2,1511687.8,1102713.4,1124388.3,890106.4,1413621.4,493744,380216,376343.2,385025.5,422246.1,1817019.1,1151094.1,1677361.6,1334024.6,NA,619435.3,427894.9,358156.2,668606.3,669672.3,1612540.1,1190625.5,1311409.6,1735997.8,1472866.2
"Frac2_PEP0355_2","SYN0095","GENE0095",0,12116933.6,9922742.4,5811579.4,11012482,8042438.4,6669717.5,7915142.5,6621801.6,9881832.2,6914364.3,8253904.9,6803508.1,7435057.7,6268212.6,7293842.9,16861277.5,22580376.2,12939157.1,15551348.5,18016325.5,16128157.1,19043678.8,14100782.1,NA,10455004.2,20563541.5,12302687.1,15834210.8,18367242.2,11044181.7
"Frac2_PEP0356_2","SYN0098","GENE0098",1,95022.2,150083.8,117963.3,111757.7,256178.8,191260.5,324910,272508.8,209412.1,314565.3,87129.4,108400.7,132890,119256.7,171654.9,394077.2,375151.8,263943,330524.8,323656.3,146363.8,95567,95218.6,177815.7,141323.5,558850.5,319862.7,244358.4,428494.3,261511.7
"Frac2_PEP0357_2","SYN0035","GENE0035",0,387738.9,281171.7,439866.6,433289.1,558964.7,829673.3,628127.9,722539.7,931046.6,1301662.5,418799.6,353236.8,290851.4,429828.5,491272.2,2900490.7,2549056,2166763.7,1226013.2,2104531.1,773016.3,749673,1000083.7,725179.8,595174.6,3064622.9,2491686,1621227.1,2082446.4,1542288.9
"Frac2_PEP0358_2","SYN0065","GENE0065",1,1434686.2,2016096.2,1263611.8,1219438.1,1620231.4,1948665.2,1840562.4,1797458.8,1026390.3,1645296.5,1329792.6,996414.4,1084733.2,1262445.5,2834835.2,766552,1104439.5,889411.3,762663.6,825627.6,1080721.5,1032444.5,610027.1,NA,869116.5,980321.1,742578.2,849773.6,772446.1,923549.2
"Frac2_PEP0359_2","SYN0082","GENE0082",0,689491.6,723810.4,NA,NA,817769.9,509629.3,943973.5,730994.5,786475.9,723094.6,891442.5,NA,674455.2,942984.9,894728,968027.4,NA,1469353,1327509.7,1440548,1121482.3,1425326.9,1690474.8,NA,NA,1511166.3,1219785.5,1474398.2,1441846.9,1021876.5
"Frac2_PEP0360_2","SYN0023","GENE0023",1,655765.5,565828,629212.7,494195.5,893752,308698.9,338365.2,321708.9,346935.1,286712.4,566194.8,705437.9,443597.5,657042.9,660046,249099.6,249555.4,350022.4,333546.1,188705.9,474120.2,575797.6,482682.9,546957.1,575787,365109.3,441264.6,498330.2,157371.3,453572.8
"Frac2_PEP0361_2","SYN0109","GENE0109",1,17977853.3,16883404.2,23352922.6,24672311.3,27544593.7,25496198.4,19058443.6,18638359.2,NA,21268487,14692125.2,23674034.8,15397917.1,19175246.5,21467129.3,26520735.1,20652336.4,23926461.7,24033165.1,23815246.7,17996847.1,17059563.9,17244353.6,20937224.8,31467978.7,16246142.4,18506514.9,12396005.8,18319240.1,22120341.1
"Frac2_PEP0362_2","SYN0080","GENE0080",1,278381.3,268508.4,214626.2,205833.6,158346.4,203661.9,NA,225070.6,183223.5,274935.6,NA,170785.5,NA,300129,221364.2,54211.4,63704.3,NA,47624.4,80572.3,57610.2,NA,38811.5,51097.2,58560.7,NA,42883.1,77684.6,93722.1,59915.1
"Frac2_PEP0363_2","SYN0100","GENE0100",0,337860.8,347808.7,248357.1,334825.3,429996.5,277673.4,341720.3,321892.4,311476.9,296003.9,293454.2,242037.8,172368.9,303343.2,266407.4,274763.4,195405.1,328793.7,NA,209644.4,227365.1,NA,177889.6,360366.6,277426.1,308542.5,307227.5,301292,212409.9,198477.9
"Frac2_PEP0364_2","SYN0055","GENE0055",0,3883287.4,1784089.7,2407153.2,4719113.8,3973023.8,4745285,NA,NA,2513684.9,NA,3667706.6,4070301.9,2773843.7,2256794.3,3597368.7,NA,NA,NA,NA,NA,2225544.3,1830896.2,2329228.9,1092408.6,1994641.9,NA,NA,2621481,1756848.4,NA
"Frac2_PEP0365_2","SYN0094","GENE0094",0,3254798.1,2023075.5,2501609.8,2959842.7,2219776.9,1585574.4,2913747.2,3220206.1,3103488,2579353.8,3449465.2,4510090.8,3782649.3,7330687,1991972.1,7024682.2,6200784,7227678,8110549.6,NA,8349546,7969064.1,4783104.4,3708839.9,3503137.6,6029091.6,NA,6101221.6,5284411.1,3259960.3
"Frac2_PEP0366_2","SYN0094","GENE0094",1,7892026.8,6761535.3,7306872.6,7098912.8,8468720.9,7973066.1,6268953.7,6565589.6,8388622.3,9009720,5945698.5,10478161.4,5689729.8,6085418.1,7750377,8873637.8,9864024.8,9263208.5,19991931.1,9808299,9425844.8,7711459.3,10693563.1,11956199,9134879.2,7950993.8,10549238.4,7920262.2,10806980.2,7264572.7
"Frac2_PEP0367_2","SYN0052","GENE0052",1,493644,514943.2,545997.7,824870.4,400702.8,NA,NA,NA,644584.1,NA,402689.1,427523.8,772280.7,485641.5,513558.6,954431.7,NA,NA,NA,NA,663790.7,541926.6,558699.1,520222,696318.9,NA,NA,NA,723051.3,NA
"Frac2_PEP0368_2","SYN0127","GENE0127",0,NA,4322843.6,3608213.9,4134807.3,3579780,1765808,1590154.6,2330275.7,2209452.7,2571002.9,3590599.2,3848083.9,4375636.4,NA,3891906.3,5141862.1,8422325.1,7583034.6,7931543.5,8066614.9,14817546,12978111.5,11807424.4,10572415.4,15651537.6,5781399.2,12664608.7,6595397.7,6652510.4,6519275.2
"Frac2_PEP0369_2","SYN0043","GENE0043",0,6992373.7,11345885.9,14501191.7,NA,12257424.2,11286541.1,13678843.5,NA,7413371.2,13932604.2,12783825.8,9799673,NA,13852572.4,16757206.3,19618438,23565626,21584019.4,14635835.2,15470374.4,30751389.8,24086646,14731844,18500721.3,9577957.6,15871767.8,18403047.2,24207547.4,15971896.5,15589975.8
"Frac2_PEP0370_2","SYN0034","GENE0034",1,12204700.9,15072896.1,15565690.5,13679581.6,14882257,10489053.7,NA,NA,NA,NA,10540433.9,13247806.8,14608009.3,14565065.1,21251986.5,NA,NA,7280414.5,7109365.9,NA,6522464.3,8597006.9,9072462.4,6653284.1,7708485.7,6869329.6,9042043.9,NA,NA,9429081.4
"Frac2_PEP0371_2","SYN0082","GENE0082",1,3868580.7,2472947.9,4969002.5,6084261.9,5382588.1,3687465.6,NA,NA,NA,NA,5028490.4,3451448.7,3790988.5,3469296.2,5569124.2,3337643.7,NA,3699008,NA,NA,NA,3922250.4,3581980.9,3909706.1,NA,NA,NA,3717654.3,NA,NA
"Frac2_PEP0372_2","SYN0041","GENE0041",0,36213.4,36908.7,40227.9,24908.7,45443.7,45411.1,53508.8,35589.1,36629.3,50674.4,38127.8,33041,55120.9,35946.9,43668.2,46433.2,32340.8,72125,23453.6,31383.2,34142.9,41800,36763,42803.1,42116.6,42785.6,71166.6,39028.6,NA,43816.9
"Frac2_PEP0373_2","SYN0083","GENE0083",0,9350564.9,10162436.7,6648694.5,7365507.4,8404592.8,8094914.6,NA,NA,5877859.1,7860399,6919115.6,4673645.8,NA,5547533.1,7606516.6,NA,NA,10591655.3,7096406.3,NA,NA,11811050.1,8779960.3,10557450.4,8292083.1,NA,NA,NA,8399691,8913513.6
"Frac2_PEP0374_2","SYN0085","GENE0085",0,105871.7,83025.1,135048.2,100673.6,107401.3,107810.2,209180.4,138607,113570.3,105613,98059.1,112435.6,138524.5,143123.5,120327.3,70709.9,NA,80027.5,63705.3,116869.8,92228.5,57462.5,85971.3,76721.3,50849.6,NA,52169,61050.7,101714.5,85063.9
"Frac2_PEP0375_2","SYN0079","GENE0079",1,67905.2,99352.1,98561,129162,167317.3,139653.2,147890.1,87656.8,95050.3,93612.2,103370.2,143419.2,140032.6,108117.5,113172.9,100833.8,86716.5,100687,132034.8,74461.4,115018.3,95866.3,102838.9,130827.1,84047.3,68338.5,75828.3,152382,118235,109932
"Frac2_PEP0376_2","SYN0128","GENE0128",1,825463,NA,621097.2,513687.1,NA,523937,NA,683592.2,619198.6,1045403,NA,NA,NA,559863.3,551168.5,1028681.2,646453.3,1210549.3,1395896.4,1219654.1,1480810.7,1105908.1,1270314.1,792343.1,1202979.9,1146313,966997.5,1051855.5,1744161.1,1033051.6
"Frac2_PEP0377_2","SYN0022","GENE0022",1,NA,858601.9,833706.7,936629.8,1412696,1390378.1,NA,NA,NA,1027704.1,1695086.4,NA,1007609.8,1226586.8,1121229.4,NA,NA,NA,NA,NA,517853.6,368699.8,448153.8,418679.6,413451.4,NA,NA,NA,NA,NA
"Frac2_PEP0378_2","SYN0094","GENE0094",0,675698.1,605220.7,540783.3,733410.5,1000562.4,NA,NA,NA,NA,711379.4,758973.1,542495.2,1283776,986109,729329.8,1178301.8,NA,1263387.3,1329184,1448614.7,1132189.5,809062.3,1051958.2,1600814.5,1866327,NA,NA,1113753.7,NA,1594693.4
"Frac2_PEP0379_2","SYN0079","GENE0079",1,1055605.1,834527.2,778596.7,1052731.3,1445559.2,1261775,1264092.8,1224497.7,1617009.2,1172340.7,1590522.7,809570.3,882613.3,930503.6,1393996,556055.5,380761.2,358473,485099.5,377501.6,NA,543533.7,329872.8,478179.5,515924.9,526650.4,779222,651834.8,449906.6,295865.5
"Frac2_PEP0380_2","SYN0063","GENE0063",1,NA,1003326.4,1621032.7,778886.2,1697171.9,662035.1,NA,NA,1416063.8,NA,1208218.5,931855.3,860839.7,841521.6,931969.9,NA,NA,621476.1,NA,NA,839212.4,901520.8,766905,958933.3,831794.7,NA,NA,NA,NA,NA
"Frac2_PEP0381_2","SYN0009","GENE0009",0,NA,256158.1,197014.7,NA,NA,141157.7,194840.2,224831.6,275175.5,296253.5,164330.1,NA,205822.6,222335.7,NA,251396,176144,236123.8,204933,NA,193847,195244.1,NA,NA,177757.8,232041.2,NA,167091,243705.6,NA
"Frac2_PEP0382_2","SYN0126","GENE0126",1,3166831.3,1557783.3,1749949.7,2106623.9,1750412.5,2076560.6,2024999.4,NA,2748862,1940381,2977935.6,1810813.7,2078759.3,1590660.3,2571407.8,4414669.9,2772154.4,2647521.8,3983053.3,2115896.2,3638394.4,2772588.8,5636747.1,5663256.7,3246464.2,3850741.5,5404584.4,3275555.6,4699898.2,3140764
"Frac2_PEP0383_2","SYN0089","GENE0089",0,1594922.5,1954374,2029544.1,1112274.1,NA,2258023.6,1601264,1705847,1111877.1,1200938.7,1383044.9,1984270.9,1381223.8,1399225.9,1694462.3,1013762.5,795396.1,980119.7,754162.9,1595019.7,NA,1763296.3,NA,1321648,1292732.2,1066422.4,NA,NA,745842.4,1231353.6
"Frac2_PEP0384_2","SYN0013","GENE0013",0,351035.3,502420.5,305111.2,193081.7,259197.9,274836.4,336035.7,NA,NA,NA,259214.9,238543.7,329191.6,190115.9,472175.2,NA,179276.9,NA,NA,NA,216569.6,164937.2,NA,320960.5,217786.6,254772.8,206030.3,NA,NA,263512.2
"Frac2_PEP0385_2","SYN0091","GENE0091",0,NA,NA,532391.8,503339.9,NA,NA,544294.4,530180,NA,523883.8,546128.1,605037.8,818147.8,527259,582705.5,863621.4,NA,1025076.4,NA,852746.6,977920.1,778616.2,1035853.7,689515.1,934298.1,620337.8,620814.6,956084.1,NA,686781.6
"Frac2_PEP0386_2","SYN0015","GENE0015",0,514116.1,1253300.5,668787.5,952244.5,967519.8,1113083.3,547945.5,1093441.5,950194.6,924846.7,955403.8,1150264,679276,1110821.3,685739.4,1435029.3,677892.4,NA,965200.2,NA,882448.9,702946.1,856603.9,1511912.4,548061.1,749395,743675.9,1145985.4,1066132.2,1258180.1
"Frac2_PEP0387_2","SYN0033","GENE0033",1,50635643.8,57559750.3,60650605.2,49817644.9,86349487.2,155410433.6,114318427.7,103462880.4,153652117.2,113735134.9,57444067.3,50107734.8,106091640.7,87354498.5,90074603.8,NA,43576084.4,34610320,51044735.6,28818201.9,26500100.3,21952166.7,37372092.3,18708257.4,32669912.2,29671119.7,40039888.1,37423326,NA,16569262.3
"Frac2_PEP0388_2","SYN0070","GENE0070",0,NA,371148.8,441006.8,NA,NA,1427619.3,1241550.4,782625,913795.1,1476843.7,348027.5,NA,403204.5,NA,NA,1645529.6,1481721.4,NA,1140125.5,1162484.8,523799.4,NA,388201.1,534953.4,354921.8,NA,NA,NA,1124488.7,1210950.2
"Frac2_PEP0389_2","SYN0115","GENE0115",0,59021.1,76340.6,56687.9,56188.1,68588.6,64921.4,67213.3,NA,66079.7,56981.6,55475.6,68175.9,NA,79124.7,78251.3,112199,105099.6,64542.6,86779.4,109462.5,78878.9,75472.2,93544.5,91224.9,79405.5,68948.4,100161.4,75996.6,127951.3,71969.8
"Frac2_PEP0390_2","SYN0073","GENE0073",1,7195981.5,6629670.2,4435947.2,3199017.9,3880262.6,3842570.2,2838556.6,4825993.9,4448752.7,4527386.8,3645011.6,4548105.1,5817499.9,7381362.6,5864965.7,4706888,4460279.6,5132138.8,6176410.8,4013212.6,4701714.9,4408889.1,3135592.7,3217684.3,5396760,5991266,5023856,4983394.2,NA,5384553.4
"Frac2_PEP0391_2","SYN0119","GENE0119",0,4810274.7,5628607.3,2673120.3,3991623.8,2932350.7,NA,3255570.8,4225227.6,5441952.6,5218986.4,5368801.3,3508891.1,3865511.3,3657365,4360662.5,4818737.1,3549146.7,5479611.9,5555119.5,3973284,5390202.7,6079155.3,3435632.2,3119193,7797250,4641170.9,4277940.1,3958974.3,5550094.3,3556188.2
"Frac2_PEP0392_2","SYN0058","GENE0058",1,NA,571525.9,384545,438813.8,424721.6,363959.7,395943,492546.2,399086.2,356653.4,653719,432698.2,432406.4,407796.4,405247,153962.5,319389.3,161437.5,NA,233698.8,188651.5,244438.4,252541.7,170307.5,241494.7,216888.1,194875.5,107491.2,231214.2,193961.5
"Frac2_PEP0393_2","SYN0088","GENE0088",0,79897.9,113014.6,129627,137480.4,126958,120259.2,105381.7,NA,162599.2,NA,146201.3,97292.4,163854,162516.6,138989.3,NA,NA,NA,NA,NA,335666.1,456948.3,321853.3,428304.3,NA,300694.5,NA,312408.2,NA,NA
"Frac2_PEP0394_2","SYN0111","GENE0111",0,3340886.4,2564706.8,2511419.5,3706350.4,3345479.6,2191816.6,3769878.9,3188784.1,3160431.6,3330705.7,2504967.4,3982995.3,2372095.8,4080086.8,NA,2553085.4,2038155.2,2104910.2,1425196.2,2332718.8,1708663.4,2433525.5,2339541.4,2897123.7,1854124.7,3404296.2,2760296.6,5041736.9,2535074.9,2801448.3
"Frac2_PEP0395_2","SYN0046","GENE0046",0,258072.1,236475.5,273745.4,298773.3,195997.8,431100.2,480101.9,397932.5,420948.6,411636.8,189418.4,139275.3,217276.8,288476.2,271644.7,229477.2,155956.5,255783.9,NA,320974.9,119439.9,112645.6,182956.2,115472.8,160472.6,246678.4,227345.2,216896.1,200825,227791.5
"Frac2_PEP0396_2","SYN0102","GENE0102",1,3274828.3,2710351.5,3242884.5,NA,1800725.3,8645735.3,NA,NA,9036073.6,NA,3398222.3,5313615.4,4042217.5,NA,3619539.8,4044553.9,3339925.5,NA,NA,NA,1974452.4,2011079.8,1478394.8,2213781,1663751,5655887.6,NA,NA,NA,NA
"Frac2_PEP0397_2","SYN0046","GENE0046",0,193372.8,159794.5,179463.5,146423,194777.5,215933.3,167019.4,185660,124864.6,92495.9,182002.1,167237,164121,200404.1,260236.2,404516.5,298266.5,341104.5,244299.6,399968.3,434170.5,438589.5,330767.6,416975.9,554404.9,371132.1,451090.3,NA,449245.9,221652.9
"Frac2_PEP0398_2","SYN0021","GENE0021",0,3803258.3,5711011.2,4136517.7,5397388.4,3884400.8,8599637.4,NA,4526338.5,3912318.9,4338298.3,NA,NA,5950392.3,4704276.9,4865214.7,2729756.4,2312769.6,4453593.4,1856830.1,NA,2887732.2,1736750.8,2344149.6,3116613.2,NA,2594832.2,3838760.8,2167171.9,1568416.6,1904266.7
"Frac2_PEP0399_2","SYN0032","GENE0032",1,NA,255580.1,374984,402493.8,326870.7,417635.5,504480.9,477867.6,NA,458774.2,446709.3,NA,289573.3,NA,259541.4,482176.6,462288.9,538157.6,564102.5,NA,492261.5,373144.6,386588.1,316380.6,574589.7,NA,430322,482241.5,NA,379530.1
"Frac2_PEP0400_2","SYN0059","GENE0059",1,4134246.9,4061988.6,2740876.4,4985539.5,3060290.1,3629688.4,3397569.7,3540241.6,4424822.4,3256458.1,2826281.1,3226044.3,4524932,4662556.1,4597427.7,2492197,2266635,1280142,2238749.1,1655243.2,2946009.3,3206653.6,2879881.6,1755861.5,1601217.6,NA,1588513.1,2080443.7,2148457.7,1754569.3
