"Precursor.Id","Protein.Group","Genes","Precursor.Charge","S01","S02","S03","S04","S05","S06","S07","S08","S09","S10","S11","S12","S13","S14","S15","S16","S17","S18","S19","S20","S21","S22","S23","S24","S25","S26","S27","S28","S29","S30"
"Frac3_PEP0001_2","SYN0059","GENE0059",3,1087720.7,1193117.3,1041260.5,715999.5,1419072.2,550695.7,700033,NA,1054013.5,786837.1,1377477.5,1087062.5,1559874.3,1041668.8,1043568.7,211729.9,190360.8,245737.9,172785.7,135689.4,487284.9,368615.7,343574,293497.4,360166.7,290266.9,286841.5,255408.2,204973.2,NA
"Frac3_PEP0002_2","SYN0122","GENE0122",3,267757.9,347243,236602.1,357885,281559.4,NA,NA,NA,NA,NA,405459,206243.6,308747.7,282343.6,286226.1,58029,NA,60374.5,NA,58821.1,115257.5,120801.9,157921.6,92032,156897.8,NA,59347,52098.5,NA,47195.9
"Frac3_PEP0003_2","SYN0097","GENE0097",4,NA,NA,5341398.1,NA,6778495.7,4419548.2,NA,5852451.5,8426991.5,NA,NA,5733090.5,4176831.3,5891684,4224079.4,NA,4060219.6,4409664.4,3758905.6,4400342.3,2871544.5,NA,NA,4100114.5,4975247.3,5502737.1,5190415,4261726.2,5031817.9,NA
"Frac3_PEP0004_2","SYN0040","GENE0040",4,1323565.8,1422608.8,1610595.1,1193000,1120238.1,1847725.7,NA,NA,NA,NA,1270340.9,1479943.1,1880214,877747.9,1729642.9,NA,NA,NA,2101029.2,NA,1506797.3,982474,2064375,1198321.5,2293471.3,2054509.1,NA,2038386.1,NA,NA
"Frac3_PEP0005_2","SYN0063","GENE0063",2,1615451.4,1827117.7,NA,1452106,2038323.3,NA,NA,NA,NA,NA,1442693.5,1595129.2,1952288.2,1349238.5,2478454.8,NA,NA,1984795.1,NA,2248808.4,1534386.8,2745048.6,2075608.3,3047742.3,3351770.5,NA,NA,NA,NA,1821513
"Frac3_PEP0006_2","SYN0052","GENE0052",2,2931349.5,2465984.2,2789130.4,NA,2487625.9,2610752.8,NA,3428235.9,NA,NA,2498671.9,NA,2746529.9,NA,2523872.8,NA,NA,NA,960337.1,560776.5,597252.8,NA,NA,NA,641086.7,NA,521420.4,698438.9,NA,1379697.3
"Frac3_PEP0007_2","SYN0045","GENE0045",3,392283.8,285073.9,430369.6,351678.8,250068,NA,NA,NA,NA,NA,258923.6,362388.4,285012.8,287935.2,314799.9,NA,NA,NA,NA,529441.5,255426.4,249123.1,NA,231298,337416.8,NA,NA,379136.7,524820.4,375259.8
"Frac3_PEP0008_2","SYN0084","GENE0084",2,1212139.9,1016405,1362752.1,1070421.9,1614644.2,1782690.7,1397378.7,1801533.2,2162963.3,2378919.3,1394396.7,1781264.2,1276190.4,1354424.8,1215213.2,345160.8,575851.3,438227,439378.9,503809.6,350229.7,346996.5,319310.1,432962.9,234950,477961.7,460676.5,516654.3,638913.5,456946.5
"Frac3_PEP0009_2","SYN0020","GENE0020",2,1182190.6,1356870.9,1282694.8,1068681,879833.8,2730385.9,2468847.6,2642526.7,2699115,2330774.1,1129329.8,1035240.7,879211.4,1155280.2,480247.8,762820.8,989288.6,917566,972409.3,536837.8,274761.1,422187.4,445971.7,359502.9,453657.8,700040.8,736930.6,640716.9,918702.4,804378.9
"Frac3_PEP0010_2","SYN0087","GENE0087",4,6359604.3,NA,6240351,7661552.2,7698318.4,NA,NA,NA,NA,NA,4541400.8,7859036.9,5142789.2,7104988.1,6195275.9,NA,3189980.1,NA,NA,NA,4007080.4,4987067.6,2161509.7,3896239.1,2065270.9,2717699.4,NA,2718582.3,NA,2480707.6
"Frac3_PEP0011_2","SYN0001","GENE0001",2,82468.1,96944.8,68673.5,51445.6,71048.6,68822.7,71549.4,69284,103295.4,81395.4,66385.1,72448.5,44085.2,58091.1,49612.6,35485.1,40655.9,37757.1,51587.5,21327.2,31837.4,34728,22118.6,28884.3,31794.9,36831.6,34147.9,46857.9,33156.5,36113.2
"Frac3_PEP0012_2","SYN0096","GENE0096",3,1355200.9,1262684.9,1145525.5,997353.2,1122644.3,1115951.4,856128.8,1393695.5,1101795.8,815664.4,876568.5,700208,1090451.3,771400.4,1040978.8,765091.6,1047432.5,819079.3,964695.4,1064040.4,778316,942466.5,756553.3,1068687.3,888829.5,853939.5,737073.5,1310817.9,740748,689087
"Frac3_PEP0013_2","SYN0049","GENE0049",4,536292,291341,307294.5,341699.5,280378.7,307305.8,NA,497176.7,413746.5,393293.9,384869.9,305658,525850.9,300598.6,370896.1,372514,596323.7,475872.6,346363.3,770400.5,NA,507884.2,520494.8,588107.5,565898.9,565433.8,654102.3,364274.9,308909.3,774061.1
"Frac3_PEP0014_2","SYN0052","GENE0052",3,581115.8,NA,837081.7,656228.9,NA,774334.3,505543.8,NA,524298,659781.5,NA,940098.5,NA,745409.9,NA,306850.7,440882.5,305137.6,NA,665145.2,414536.6,NA,312942.8,350266.7,NA,463936.7,737239.1,383086.5,NA,626047.2
"Frac3_PEP0015_2","SYN0013","GENE0013",4,2222205.7,2162289.6,NA,NA,2083882.5,2527409.6,2066479.8,NA,NA,2252604.8,1415420.8,1244363.3,NA,NA,2506318.2,1390897.4,867073.9,1826261.7,1375106.5,1684991.1,NA,NA,NA,NA,1593372.5,NA,1169824.6,NA,NA,NA
"Frac3_PEP0016_2","SYN0085","GENE0085",2,NA,2320673.6,1517946.9,1436201.6,1443218.6,2501884.5,1539658.9,2173142.8,1844949.9,1503975.5,2762117.3,1138498.5,2738594.6,2671300,1534294.3,1437051.6,1249664.6,663451.1,943612.2,707808.1,879191.3,1307353.1,1197273.9,911084.1,NA,888160.7,663813.6,1095421.9,766913.2,946580.9
"Frac3_PEP0017_2","SYN0057","GENE0057",4,1077322.7,1149442.8,885899.8,1323347.4,979966.3,1164041.2,1102922.8,1000302,595091.9,1161255.1,1107885.5,895858.4,788407.6,1278165.8,845175.2,651276.7,840760.3,NA,941616.7,711060.3,1101094.5,928825.8,685433.2,662047.6,973617.7,803224.2,641332.9,835567,1011947,991406.9
"Frac3_PEP0018_2","SYN0090","GENE0090",3,5888095.6,5737320.6,2412662.4,3367477.9,6120676,4806124.9,2170782.1,3561235.2,4484417.1,3661125.3,5971683.4,4159756.6,5189843.9,3273903,2613089.3,2800979.6,3148672.1,2931072.1,3057536.9,2830558,3479225.5,1769292.2,3423250.2,2386654.8,2406050.5,2660506.7,3130591.9,2342026.3,2178818,3281970.1
"Frac3_PEP0019_2","SYN0123","GENE0123",3,1186873.8,1286262.3,1031141.1,1765061.1,843694.5,1223936.3,1785823.5,724101.1,1053575.6,1408972.6,1762475.3,1014783.8,1060218.7,1194944.4,1431155.6,1031728.3,794030,687167.7,619150.3,603981.1,587201.6,700992,565833.4,651485.8,453613.8,654265.7,559005.9,756319.3,692226.7,906798.4
"Frac3_PEP0020_2","SYN0079","GENE0079",3,1115212.6,1309130.1,1554640.3,1343154.9,1804750.5,2179483.6,1461809.9,1708779.7,1529734.7,1428551.7,1007302.6,1985992.9,1986126,1487450.9,1073317.3,1592432.6,2026901,3250156.5,2759965.3,4170733.1,1544758.8,2289763.9,2560214.6,1990004.9,1599112.8,2370690.7,1551760.2,2811464.9,2568799.8,2073921.6
"Frac3_PEP0021_2","SYN0060","GENE0060",4,731813.7,1209232.6,2030623.5,804116.3,1540414.9,NA,NA,NA,690268.5,NA,734200.5,1424067.3,1341452.4,759753.2,722938.6,NA,NA,NA,NA,NA,832713.4,592531.7,669532.4,776725.7,1006012,1134405.3,NA,NA,NA,880702.3
"Frac3_PEP0022_2","SYN0010","GENE0010",4,NA,822756.7,773035.6,781614.1,690668.8,372175.1,220362.3,538997.4,369042.1,324071.7,671118,498314.8,NA,774400.1,756477.4,256880.4,275510.2,NA,327192.3,244264,747221.9,789726.5,783427.4,515674.2,894808.7,321218.6,NA,268191.1,354592.2,NA
"Frac3_PEP0023_2","SYN0102","GENE0102",4,3449398.1,2499684.1,3258200.3,3966708.6,3558291.8,2822564.8,2938655,3838428.8,2691677.3,3489418.5,5301232,2856905.4,3687303.6,3077861.7,2369449,2981122.4,3868737.6,2653861.9,3069065.6,2774076.3,3067380.1,3612464.2,3789543.9,2142532.7,3858696.2,2290192.6,2660276.9,3641198.3,3785668.9,3962820.4
"Frac3_PEP0024_2","SYN0018","GENE0018",4,2708090.1,NA,2235246.1,2453343.9,2267138.8,3427290.7,2197169.4,2071873.4,2628036.2,2048733.5,2859078.1,NA,2345998.3,3499708.2,2090771.9,1701178.5,2179687,1408178.5,1786260.2,2390500.2,1961125.8,2800723.8,1710091.8,3683810.2,2141003,2405307.6,2342543.4,1410497.6,2172815.5,2238576.3
"Frac3_PEP0025_2","SYN0038","GENE0038",2,2293571.6,3903716.7,3406280.4,2415069.8,2761305.1,567610.4,1184338.6,1067160.7,768928,1310740.9,2679003.7,3222220.1,3620452,2059738.7,2900601.5,314697.6,257499.3,313543.1,NA,364849.3,742862.5,814211.2,885468.2,683043.7,1187253.7,240193.5,403305.7,279304.8,371590.7,422779.2
"Frac3_PEP0026_2","SYN0087","GENE0087",2,509843.9,264305,569903,778690.1,799292.2,298312.6,388375.7,351889,265341.4,247745.1,381110,433221.4,547825.2,609349.9,606612.2,491494.7,NA,NA,NA,NA,1188171.8,763127.5,1164530.8,800185.4,868820.7,318275.7,NA,NA,NA,261364
"Frac3_PEP0027_2","SYN0130","GENE0130",4,1337305.1,1779557.4,2126803.7,1349771.5,920045.8,1096292.9,1117281.6,2022167.1,1433682.8,2327528.8,2104024.1,1521125.6,2073580.1,1665051.4,1219831.5,870001.1,1332172.2,NA,1372343.1,1203031.6,2013749.4,1803661.2,1473857.6,986697.9,1148158.9,2131041.8,1568458.3,864090.9,1697075.4,895683.5
"Frac3_PEP0028_2","SYN0057","GENE0057",2,5297851.1,6195082.7,5436144.6,4768758.6,6324001.3,NA,NA,NA,NA,NA,9785783,5417143.3,7967419.8,6532215.9,6616129.9,NA,NA,5634748,NA,7336065.9,3584067.4,5026110.7,7764756.2,3491213.8,3946947.3,4762826.6,NA,4499346,5610961.4,4747322.1
"Frac3_PEP0029_2","SYN0015","GENE0015",3,1443765.4,2424073,1461298.6,1764197,2430171.1,1102236.1,1428949.2,2106790.8,989126.4,1590008.1,NA,1586697,1858861.5,1719851,2055292.4,188065.8,169751,241719.6,122138.8,164432.1,297395.3,551600.8,511210.3,275588.1,297000.4,159967.9,305085,195368,223027.4,181693.5
"Frac3_PEP0030_2","SYN0046","GENE0046",4,207320.4,188673,221295.9,248416.8,299150.9,232920.5,216192.3,218872.1,136149,NA,187240.5,NA,345010.4,230726.3,171122.3,457223.5,328356.1,280127.8,404618.9,243478.4,NA,346473.1,311560.9,478464.3,448126.9,249854,331698.8,274240.9,NA,258439.5
"Frac3_PEP0031_2","SYN0029","GENE0029",4,211341.6,201089.2,278853.6,366601.7,225000.8,NA,211181.1,191466.3,NA,278872.6,246107.2,222019.8,375283,234041.5,165160.6,232319.7,135210.7,NA,206512.3,NA,167466.2,152610.7,171959.3,124227.4,268780.7,NA,NA,NA,285701.5,NA
"Frac3_PEP0032_2","SYN0087","GENE0087",4,4669802.9,3948134.6,4597914.4,4599453,5866854.8,NA,976959.6,NA,NA,NA,4295596.3,7568238.9,5061268.4,7717725.2,4823478.8,NA,NA,NA,NA,NA,5934046.4,4100381,NA,2553922.7,3322960,NA,NA,1382331.9,NA,NA
"Frac3_PEP0033_2","SYN0084","GENE0084",4,280524,234562.4,405709.5,267501.8,236252.1,379891.2,NA,417311.7,NA,230801.9,133187.4,402612,241096.7,NA,278900.1,402291,496435.2,300522.1,355295.7,NA,438266.5,273996.7,351728.3,NA,NA,NA,NA,344558.6,240485.7,253692.1
"Frac3_PEP0034_2","SYN0103","GENE0103",4,17805386.4,17567802.9,13941779.9,14190350.8,11189820.7,17687367.8,NA,NA,NA,14643876.3,15053398.8,19296953.6,9893045.6,12687679.2,11378708.8,NA,NA,NA,NA,13447673.6,21227575.8,28027646.1,15959021.8,15614891.9,11921989,21192435.9,NA,NA,NA,21138886.6
"Frac3_PEP0035_2","SYN0121","GENE0121",2,NA,2906309,3560003.1,2592215.9,2100292.7,1936514.4,3980557.3,2552995.6,NA,NA,1825479.5,4281354.3,2958787.8,3643260.8,2826766.8,2233330.4,1805965.3,2650013.8,3037817.6,1643526.6,1787291.2,2275056.5,3371663.9,2010786.8,2131607,2716848.7,2811226.4,1867124.8,2569747.6,2505263.1
"Frac3_PEP0036_2","SYN0018","GENE0018",2,821924.8,714192.8,425571.2,412252.6,552222,2665849.2,3400853.1,3984564.1,2416066.8,NA,561493.9,636528.7,569524.6,498026.2,1015864.2,1591575.5,1308774,1714285.8,1429396,1756240.4,271535.6,265801.2,199704.2,228885.1,225477.5,1413604.4,2145968.3,2453636.3,1622798,1422346
"Frac3_PEP0037_2","SYN0107","GENE0107",4,NA,11290366.3,14819743.1,9403023.3,11642157.3,47543255.9,43213356.2,50809460.7,35848265.9,25591767.4,18470129.7,18864962.1,15279887.2,13823550.5,18922219.1,44597126.4,NA,43495318.8,49344617,42114935.1,13896931.4,14565066.2,12321420,18518162.2,25206250.9,34179364.5,32890282.3,39213810.2,51496201.7,43343279
"Frac3_PEP0038_2","SYN0083","GENE0083",3,327596.8,191207.4,283635.6,206167.7,149748.5,261136.7,183256.6,192811.6,361609.5,179732.6,205195.6,296338.5,195233.2,215741.3,237063.8,122872.8,174712.3,138222.1,150609.2,136680.7,134180,162739.9,155421.7,152781.8,119703.9,139835.2,190903.1,146371.2,199587.2,112737.7
"Frac3_PEP0039_2","SYN0014","GENE0014",2,1146634,1027677.1,821838.8,871203.5,1159518.8,836167.1,774502.2,1449676.9,798565.8,885976.1,NA,722979.2,1048886.6,942856.9,876513.2,615105.5,453271.3,750293.7,616584.9,595125.4,648230.4,338243.7,368560.7,426518.5,719339.3,607141.5,414534.9,640856.7,1015569.9,756823.7
"Frac3_PEP0040_2","SYN0031","GENE0031",2,572120.9,1641679.3,885705.7,NA,1102671.7,1112691.2,NA,NA,1111646.4,720532.4,792008.6,637392.1,781008.3,713315.8,1345848.6,NA,NA,NA,NA,NA,1569799.9,1968700.6,1564931.2,1789342.1,1788142.1,NA,NA,NA,1924945.8,NA
"Frac3_PEP0041_2","SYN0111","GENE0111",3,178451.7,138684.6,212969.5,170110.5,118936.2,165241.7,109477.8,161946.4,206446.6,244970.8,168877.5,186409.8,174536.7,197227.2,189850.8,452573.8,488472.4,325799.8,435064.8,378252.3,482190.3,318161.8,334835.2,384365.7,211908.9,316857.3,412390.1,320345.8,549520.2,381686.8
"Frac3_PEP0042_2","SYN0072","GENE0072",4,4738189.4,7078626.6,6409251.4,3899775.2,7927817.5,NA,5017410.5,3644959.2,3673421.5,NA,4436643.6,4963988,5736957.1,5445513.2,7487652.4,2571266.8,NA,NA,NA,NA,2977084.1,2692933.8,2401208.7,4189669.2,4022289.8,NA,NA,NA,NA,NA
"Frac3_PEP0043_2","SYN0008","GENE0008",3,1733019.6,2065163.7,1553174.4,1712820,1414157.6,3071118.5,3679998.8,1342088.9,2243144.7,2560401.8,1768835.9,2264890.2,1611510.1,2178026.8,1904199,1660641.9,2009704.4,1579081,813434.1,1513398,NA,1157724.3,875537.7,1024764.7,1816272.7,1850596.6,1514526.5,1325673.5,1536725.2,1647419.7
"Frac3_PEP0044_2","SYN0094","GENE0094",3,4102223.2,2939869.6,3031726.4,3718057.4,4281404.3,NA,NA,NA,NA,NA,4978992.7,NA,3046502.6,NA,4084200.5,NA,NA,NA,NA,4449024.7,1494702.2,1338081.8,2671144.9,3910839.7,2199625.7,NA,NA,NA,3403607.8,5141435.2
"Frac3_PEP0045_2","SYN0106","GENE0106",3,354656.5,271703.1,261699.3,311189.7,353159.2,340351.5,245637.4,378127.2,419267.7,530421.2,294703.3,265883.3,330181.1,380952.5,NA,404341.9,483600.5,305261.9,233762.7,428397.9,265108.5,301383,526492.5,389528.9,283962.5,250836.6,NA,336487.6,349851.5,421407.1
"Frac3_PEP0046_2","SYN0017","GENE0017",4,256729.7,249917.6,180912.9,183738.3,233514.3,549287.4,844328.2,826862.2,708387.8,670490.6,286008.8,142908.3,277347,312722.3,414707.9,380906.9,394590,550657.5,536158.1,810801.3,268835,346771.1,347374.4,213467.8,382154,466703.7,787334.6,609617.6,464812.9,826722.3
"Frac3_PEP0047_2","SYN0024","GENE0024",3,694607.4,736298.6,857480.6,862652.7,765919.2,792059.6,1070016.3,979734.6,1292226,601299.5,971647.4,531087.2,937048.8,1092972.4,611987.4,1150867.2,1030269.6,882052.6,671167.5,NA,770600.7,655380.6,933346.6,892424.2,832425.7,1091085.4,699862.1,1023987.8,827093.6,1028491
"Frac3_PEP0048_2","SYN0076","GENE0076",3,164661.4,145349.4,128579.8,116745.3,137624.9,118528.9,168491.2,226582.6,141095.9,124728.1,126272.5,245816.2,141029.8,208956,118501.9,172405.8,129768.3,135610.1,147424.9,NA,180105.2,188805.9,79587.4,93856.6,104513.9,205860,139950.8,137994.5,151662.9,108070.9
"Frac3_PEP0049_2","SYN0022","GENE0022",3,1226588.9,1588092.9,992163.6,824292.4,1087021.1,898825.3,1416343.8,1335104.2,1387126.5,990052.8,885309.4,1301354.4,995180.7,810700.6,935692,689548,715496.9,511632.3,551075,642911.7,840781,1018406.5,767126.1,1184423.8,NA,712582.6,763407,807613.9,633533.8,720491.4
"Frac3_PEP0050_2","SYN0075","GENE0075",4,1719310,3137808.9,3571772.1,2852729.7,4011101.3,NA,3174718.9,3740886.5,3305363.6,4114986.4,3210867,3334998.1,2873023.2,2449081.6,3644906.7,1044067,1178320.2,1461411.7,1471042.5,1054444.7,1737930.9,1411420.1,884633.5,1147398.5,929648.2,1183597.1,992846.1,1377738.1,1277457.3,1211958
"Frac3_PEP0051_2","SYN0083","GENE0083",3,160509.1,196036.1,145067.8,96781.5,145750.8,145549,88321.1,173312,115999.1,152528.6,122566.3,130317.6,120799.7,137508.6,153703.2,99045.5,104166.2,162333.5,111883,95167.3,128312.7,112168.7,176190.5,140991.5,138004.3,153176.3,150968.5,129521.3,115807.9,92477.9
"Frac3_PEP0052_2","SYN0125","GENE0125",2,118179.3,148700.6,189422.8,138880.5,229505.9,214858.1,207244.3,NA,149706.2,194406.2,155212.7,133094.8,157283.9,132556.3,131413.6,227524.5,154063.2,316219.1,195123.5,129634.1,169673,233480.5,155037.5,155191.7,254876.4,244343.8,296087.7,286636.1,236517.8,196688.9
"Frac3_PEP0053_2","SYN0132","GENE0132",4,NA,377988.8,NA,381768.1,427986.7,539705.3,229510,NA,473976.5,250547.3,NA,330727.4,413243.7,NA,355683.1,590460.6,620980.4,NA,418883.9,455436.9,475693.1,504982.6,612152,NA,511294,848865.2,574730.4,NA,551840.9,543933.1
"Frac3_PEP0054_2","SYN0045","GENE0045",4,NA,NA,NA,1843409.8,1879754.1,5166324.8,4703990.1,NA,3234558.3,6380013.8,2218526.8,2686230.9,NA,2262493.4,1474085.8,8672730.3,NA,6673502,NA,5851562.3,NA,1660311.7,NA,1743601.7,2249760.2,6604454.2,NA,8165311.6,4380428.5,NA
"Frac3_PEP0055_2","SYN0093","GENE0093",4,3398793.4,3088680.8,6095303.6,5309659,2493397.5,5266658.3,3826184.4,6524724.7,5597916.4,4357916.6,4643187.7,4676767.9,4521079.4,5123003.3,4368789.2,2957815.2,3415809.3,3503360.9,3415177.6,3493168,2997097.2,2982182.8,2719979.7,3166350.9,4088773.5,5486599.5,3814845.8,3750665.1,3607456.9,3715068.8
"Frac3_PEP0056_2","SYN0111","GENE0111",3,2138132.2,1686563.3,1279598.5,1056171.8,1556279.2,1695681.4,1485263.1,1248235.2,1753222.4,3023407.3,1329797.5,1462704.2,1624828.1,1732630.9,2031537.8,1458435.3,1430961,1197597.5,1057686,1338443.6,1490138.9,1628763.4,1002162.2,1101498.2,1446960.6,1624401.1,1218084.3,842240,1319619.9,1461035.3
"Frac3_PEP0057_2","SYN0046","GENE0046",3,1102984.9,806780.5,848338.6,1040339.5,799451.5,525989,573359.9,1053088.7,742087,686898.3,774590.2,784001.7,1186532.5,551226.9,591767.2,802086.7,454296.5,576694.6,349150.5,392969.1,NA,365281,411631.1,586347.7,515587.2,661226.8,595841.3,648608.1,710122.2,890203.1
"Frac3_PEP0058_2","SYN0057","GENE0057",3,5525244,3477913.8,3625673.7,2771606.2,4631577.1,NA,NA,NA,NA,4551230.2,NA,6306074.7,3532910.7,7426047.8,4767884,4417907.3,3049365.6,NA,NA,6319422.1,4085431.1,NA,7165201.9,6145811.7,4867579.3,NA,NA,NA,NA,NA
"Frac3_PEP0059_2","SYN0078","GENE0078",3,941140.2,605994.9,476984.1,478216.4,465259.6,NA,809572.7,NA,894084.6,NA,669442,1013866.5,486013.8,1049098.8,372990.3,NA,314046.7,NA,NA,NA,NA,209643.3,320567.7,281124.7,320339,NA,452958.2,NA,NA,237737
"Frac3_PEP0060_2","SYN0092","GENE0092",2,461783.6,267306.2,533870.9,478029.9,441098.4,238780.6,395151.1,293378.4,255240.8,216700.4,405376.6,386077.9,284281.8,513081.2,389141.4,189183.3,142695.5,142754.9,135866.7,122794.6,180104,228368.5,202832,237369.9,266053.8,116098.2,99411.5,108797.4,132443.4,NA
"Frac3_PEP0061_2","SYN0122","GENE0122",4,182912.6,185573.8,157750.4,190253.2,178389.1,398038.4,423098.9,386190.5,NA,NA,179706.4,317845.8,126316.2,144062.4,178774.3,1449954,1793145.4,1238042.1,1221970,1508674.6,775971.7,706181.2,506887.5,413033.6,714512.2,1736865.1,1390509.8,1586868.2,1209200.3,2254363.5
"Frac3_PEP0062_2","SYN0050","GENE0050",3,330403.4,346033.2,NA,NA,228796.1,195053.7,373814.9,282563.3,245072.9,NA,220742.4,256488.9,416188.6,250029.5,298267,83350.6,166922.8,110000.1,172430.6,85778.1,151979.1,134813.4,NA,NA,142964.7,196933.8,92600,80135.8,143064.9,105345
"Frac3_PEP0063_2","SYN0053","GENE0053",3,417061.1,197914,308717.9,300407,298452.4,343565.3,345037.2,NA,NA,NA,250859.9,168980.5,253314.3,272810.2,276907,NA,876543.3,NA,NA,NA,783782,614951.3,487405.3,554344,NA,570403.3,NA,NA,591646,NA
"Frac3_PEP0064_2","SYN0040","GENE0040",2,238656.9,175883.3,211288.1,307778.5,138824.8,221414.6,NA,NA,122902.6,NA,152760.1,191306.3,104946.2,143957.9,189550.7,NA,NA,NA,88732,81940.6,118270.2,94861.6,106901.9,79055.1,94853,NA,112331.3,NA,123296.9,NA
"Frac3_PEP0065_2","SYN0019","GENE0019",2,3328762.8,2501294.2,2436731.3,1344997.3,2674704.8,2180077.7,2522317.9,1880193.1,1832378.2,1714538.5,2026144.6,2188202.2,3022057.4,1708009.8,1612001.3,1671443.5,1657173.2,1073496.5,1206435.4,NA,974923.1,1289621.9,1165991.9,1570513.5,NA,NA,1237109.6,1786328.2,1185046.7,1336596
"Frac3_PEP0066_2","SYN0056","GENE0056",3,331780.9,424761.1,489568.5,442848.3,360317,336763.6,442736.9,602890.7,409421.4,505975.2,526379.9,497100.8,275581.9,416797.3,NA,690003,474942.5,568247.4,394651.7,263754.3,530592.2,220025.5,391751.8,347038.6,335558.7,405579,515245.7,366860.3,484036.4,563569.4
"Frac3_PEP0067_2","SYN0128","GENE0128",3,1969729.4,2371668.8,1598302.1,NA,2763412.3,1721898,NA,2943515.7,2047426,3078579.5,2472188,NA,NA,NA,2722699.3,1480902.4,NA,512774.8,1094369.4,NA,979066.9,1135787.8,NA,1351145.1,NA,872046.8,1347374.9,1304409.9,1106441.8,NA
"Frac3_PEP0068_2","SYN0085","GENE0085",3,671819,681081.8,440489.6,609182.9,507067.9,639335.7,487362.5,512170.8,927467.5,690006.1,644812.6,546111.9,653622.4,672070.8,592066.3,400892.3,330931.4,251279,229285.6,326109.6,305841.8,488176.6,264250.2,354998.7,225831.9,229368.2,300936.5,312648.7,261146.7,241386.2
"Frac3_PEP0069_2","SYN0097","GENE0097",4,1944983.7,NA,1344499.5,1503278.4,1574891.2,1429253.8,1581708,1728823.7,1293249.2,662740.3,1112910.2,NA,1483740.9,NA,1523367.7,1836421.4,NA,NA,1628770,1962367.1,1245539.1,1745103.9,1913041.3,1152997.3,1337907.6,1864615.7,1467292.5,1872620.8,NA,1098113.3
"Frac3_PEP0070_2","SYN0101","GENE0101",4,6486087.1,4730904.6,NA,6042935.1,NA,3832768.8,NA,3353819.3,8441775.6,NA,6329247.3,NA,8046747.8,NA,NA,NA,11851502.4,12267772.3,12486766.6,13948728,NA,10422501.3,NA,18204065.3,7840923.8,13467057.1,13680855.6,22548458.7,15297022.3,NA
"Frac3_PEP0071_2","SYN0083","GENE0083",2,1606940.8,1090263.7,1681943,1827634.6,1199156.4,1554935.5,NA,1356985.6,2233388.1,1092505.1,1426107.8,865963.1,1277249.7,1598140.6,1519040.9,641955.9,549006.8,768655.2,725157.4,681744.2,434059.5,664738.3,627827,671185.1,897072,465093.2,1148197,851301.6,807059.4,490506.8
"Frac3_PEP0072_2","SYN0123","GENE0123",3,2591797.1,2569142.7,4201837.1,3076369.5,4146787.4,2347768.6,2296171.1,3478343.8,2452476,4000468.7,2306713,2700090.6,3191882,2742462.7,2683412.4,2426277.6,1449473.3,2808972.7,2200994.5,2076291.4,3805323.1,2261957.5,NA,NA,2681948.7,2565713,2182585.6,1750323,2224388.5,1741248.4
"Frac3_PEP0073_2","SYN0126","GENE0126",3,NA,515914.8,NA,NA,NA,637967.2,NA,837649.4,419532.6,NA,723087.2,NA,628796.5,526956.9,513964.8,525069,542895.8,340471.8,NA,407253.7,535685.6,385900.6,464254.2,411191.5,421221.8,NA,368285.5,424672.7,397179.4,357201.4
"Frac3_PEP0074_2","SYN0040","GENE0040",3,1402436.2,1622134.6,1294054.1,NA,1732523.5,1188673.9,1959747.4,1752721.7,1519485.2,2133143.6,1221235.5,983459.8,1180198.5,922049.1,1686089.8,1987563.2,2196499,1813569.4,2162996,1913710.3,2372483.7,1836274.5,1631808.8,1682001.9,1524398.1,1612789.8,2066963.7,1410029.3,1838340.2,1720851.8
"Frac3_PEP0075_2","SYN0089","GENE0089",4,2993827.8,2387616.6,3619919.9,5135323.6,3516177.8,1479387.3,5037054.6,4742954.5,4495503.9,3123277,3253966.1,3648977.9,3458335.2,3186654,3237668.9,NA,NA,2508906.9,NA,NA,2766372.2,2131748.4,3665324.2,3079618.2,2400574.1,NA,NA,3131978.2,NA,NA
"Frac3_PEP0076_2","SYN0070","GENE0070",4,798319.8,605705.6,754963.7,609479.9,570027.8,NA,446864.7,642856.6,913901.3,818612.2,NA,508202.7,789865.8,892143.2,NA,839871.4,644050.3,644664.4,896316.1,596944.1,1188008,1116562.1,868607,899822.8,630590.6,1145566.1,684053.6,654965.2,800845.3,883043.8
"Frac3_PEP0077_2","SYN0020","GENE0020",3,593943.1,385967.3,490072.5,509351.9,455845,471536.3,658843.1,345237.6,518553.7,618572.9,693013.9,575082.7,547014.9,499113.5,601190.5,551141.6,573167,377948.8,548263.5,529541,437414.9,523384.8,293076.6,494877.8,398087.6,540929.7,748554.4,670188.5,523119.5,362967.3
"Frac3_PEP0078_2","SYN0003","GENE0003",2,378173.2,694424.9,562324.2,707756,441226.6,563771.1,628212.2,643083.1,539929.6,488481,608134,535897.9,480499.3,497025.4,680382.3,604468.1,720070.2,552515.7,561662.1,638277.4,512426,464632.2,476445.7,519566.6,676931.3,572293.8,478169.1,431608.8,529548.3,592695.7
"Frac3_PEP0079_2","SYN0065","GENE0065",3,1262713.8,1057961.6,1261636.9,NA,1175616.8,1121857.3,1081976.2,556832.1,1631147.9,761071.1,848258.1,1266467.6,968684.9,1326246.6,1727065.8,951284.1,675979.4,716466.8,NA,753877.4,1143994.6,1432524.5,724072.8,1006220.5,1132557,709978.6,902354,518293.6,907882.1,1228652.1
"Frac3_PEP0080_2","SYN0111","GENE0111",2,810416.5,1179037.6,1158650,941758.4,906360.9,1144798.5,891555.2,1081428.2,883037.3,720312.4,904216.4,766531.6,815667.6,540277.5,1235314.7,963716.3,1653065.5,1670085.4,1289709.3,1201733.6,1566936,1541513,1423529.1,1535025.5,1869654.3,1603120,1117849.2,1901144.4,1013779.3,2053512
"Frac3_PEP0081_2","SYN0007","GENE0007",4,295351.8,233713.2,348312.2,307384.4,236317.4,1156776.1,2017729.6,1724195.4,2196594.2,1799427.7,613628.3,NA,364227.4,301936.8,NA,2596929.6,1220228.8,1752109.1,2081497.1,2298776.8,692195.3,383485.5,409033.5,475533.1,312705,1471777.6,863302.7,NA,1489529.8,1931527.5
"Frac3_PEP0082_2","SYN0021","GENE0021",3,6257928.7,4258200.8,5696992.6,4480481.5,4015737.5,4494929,4389236.3,4762324.6,6127596.4,4159932.5,4660446.6,3462433,5790522,NA,4825756.4,10396721.3,13684947,8671235.7,5816686.2,6423744.8,12457770.1,15261533.1,11023666.7,9671097,11374738,10912966.6,11108088,9016976.4,13671547.9,7391811.1
"Frac3_PEP0083_2","SYN0036","GENE0036",2,1454419.1,2897514.3,1962856.9,1932275.3,2101929.8,4964695.8,5243508.1,7532174.9,4200699.1,4241150.6,2965242.5,1729183.5,2276854.5,2491444.2,2864354.8,7232466.9,8930448.8,8893642.1,3755528.9,5454359.8,4018385.2,3678626.8,2857931.2,5096954.5,4232658.4,8001077.8,10376143.3,8395343,10759772.2,7579411.2
"Frac3_PEP0084_2","SYN0120","GENE0120",4,55524.9,59217.9,NA,105149.9,NA,NA,58533,77295,74776.5,NA,74166.5,46964.4,62418.7,68376.2,NA,90612.8,98481.7,73742.4,NA,NA,104374.6,86252.1,54867.1,94667.2,NA,NA,NA,133761.3,NA,147621.4
"Frac3_PEP0085_2","SYN0059","GENE0059",3,1819650.4,1479496,1504181.1,1586323.8,1813199,NA,NA,NA,1641412.4,NA,1805930.4,2094108.6,2186342,1653238.5,1198096.2,NA,NA,2020312.3,1867273.8,NA,3113665.8,2486085.3,NA,1791788,1908625.2,NA,NA,NA,NA,NA
"Frac3_PEP0086_2","SYN0098","GENE0098",2,183342.1,212074.2,168484.9,242320.4,NA,178779.9,177987.9,248963.9,210614.8,141473.7,139028,355703.7,204691.4,198243,193973.9,179024.6,143810.2,214242.9,159284.2,134488.3,121459.9,196531.8,301382.7,241191.9,178425.9,275190.5,181102.4,243043.9,229103.7,152272.3
"Frac3_PEP0087_2","SYN0007","GENE0007",4,8494874.6,7608061.1,6995188.6,12666492.9,9783812.4,9438348.7,8715907.5,10408351.4,9285501.7,7347601.1,10283656.4,6842917,10985960.1,5880075.9,14716184.5,10835275.3,6800947.9,7729955.9,8771485.7,8973725,5469790.9,9207958.9,7813093.5,8391442.5,9679131.4,6408294.7,9735933.9,5604233.4,8004831.3,7636571.3
"Frac3_PEP0088_2","SYN0082","GENE0082",2,118108,127235,134569.8,99452.3,107615.1,NA,NA,NA,90602.4,NA,177198.8,146313,117625.2,171717.6,69837.4,NA,88379.4,NA,NA,NA,NA,44303.7,49029.6,87670.9,89944,NA,NA,NA,NA,NA
"Frac3_PEP0089_2","SYN0055","GENE0055",4,387957.5,307068.7,410726.1,NA,388456.4,623314.8,417954.7,408861.6,480656,438470.9,470838.9,348414,453913.3,550457.1,383589.2,217583.5,414078.2,259543.3,227352.6,202216.1,351570.2,305376.1,357730.4,228326.6,407589.5,290488,191482.3,305052,314874.7,298649
"Frac3_PEP0090_2","SYN0038","GENE0038",3,884324.7,NA,1269520.1,1058702.1,NA,919938.8,1313252.5,1078012.6,1880311,714783.8,1149676.5,NA,NA,903267.7,950493.5,1246861.2,619574.6,NA,NA,580178.5,901545.2,818916.4,597945.4,717905.9,NA,771711.5,587218.7,434848.2,827009.1,612085.1
"Frac3_PEP0091_2","SYN0014","GENE0014",4,1331294.5,1639247.7,1483286.7,1350150.5,1139144.6,1673701,1664808.4,1360447.6,1665901.7,NA,1494330.9,1401151.1,1238096.3,1618303.5,1143543.9,1722838.1,1607268.8,NA,1933269.8,1562925.8,1130364,1372977.6,1649096.5,NA,1149047,1431432.1,1109688.1,1305733.9,1147502.6,1881801.4
"Frac3_PEP0092_2","SYN0089","GENE0089",3,1945950.4,1024584.5,1376545.6,1371995.5,1326880.9,888851,1515956.4,2166993,2027642.6,1530878.6,1219958.8,2392821.6,1416066.3,1261878,887106.3,3416618.4,3413517.2,3645694.2,2118487.5,3238050.1,3332267.2,2976897.3,2242418.3,2210084.4,2840068.6,2825785.5,4165322.9,2393098.6,2834959.8,2914377.8
"Frac3_PEP0093_2","SYN0081","GENE0081",2,3863431,4314300.9,2676421.1,2978778.8,5165926.4,16263462,14072386.8,14385606.9,16453052.8,17321195.5,4784482.3,3578186.2,4147174.6,2787107.1,3164821.9,30984441.1,21706857.4,28593542.7,20419877.7,26185787.7,6173212.1,4066398.6,4165899.7,4170526.3,4387962.5,31966344.9,23134063.3,NA,18038527.4,25648002.7
"Frac3_PEP0094_2","SYN0030","GENE0030",2,1121849.2,764737.3,953592.8,912333.4,931853.5,1349494.7,792899,1381167,1279405.9,1375508.8,1070394.8,991717.1,880128.8,1181144.6,1350878.8,1629444.2,1798220,1862527,1285786.1,1250278.1,1351090.2,1713441.8,1680464.7,1782353.9,1924837.5,1134954.8,1610827.6,1401638.8,1634242.6,2572955.4
"Frac3_PEP0095_2","SYN0119","GENE0119",3,1032152.9,557860.5,858901.8,870062.7,557249.8,962419.6,1050022.1,604467.8,823792.9,605128.2,756737,604312.8,783385.7,812414.1,930187.2,902134.6,917357.5,675272.8,675975.9,672738.7,1115508.1,933615.2,1006346.1,915995.4,836135.9,808250.1,787924.3,785287.4,823437.3,413200.8
"Frac3_PEP0096_2","SYN0018","GENE0018",3,1361587,1425379.6,1240097.1,896627.7,1018483,871708.5,897557,758130.6,1213949.1,1297111.4,1270112.7,650801.5,929032.5,907219.8,596668.5,623082.7,510124,694827.4,536311.3,441359.9,564390.6,344865.2,649037.7,791621.1,904857.1,390164.2,546117.3,563828.7,609449.1,642651.1
"Frac3_PEP0097_2","SYN0084","GENE0084",3,379114.3,NA,562886.4,313619.7,240251.9,270347.6,505848.9,309343.6,266641.9,432045.6,564989.5,414629.7,443983.6,637521.1,427384.6,NA,400166.4,658225.1,221745.3,319519,377395.1,289934.9,302942.8,265588.7,211039,183952.6,264318.6,285443.5,338667.2,267975.2
"Frac3_PEP0098_2","SYN0066","GENE0066",2,1421096.1,1022681.5,964833,721092.5,737271.6,740570,932893.8,799436.2,NA,832493.5,1082958.5,1103581.3,822110.6,1179884.4,1289078.8,174889.3,164745.2,215956.7,133456.6,176672,136332.4,145707.5,229172.1,118829.4,123277,181331.7,175549.6,212504.6,158701.4,142500.6
"Frac3_PEP0099_2","SYN0026","GENE0026",3,423363,512033.8,825139.2,405267.9,256196,618040.6,640002.5,451430.8,634887.6,NA,432418.4,555517.6,517168,479863.9,547065.7,383704.7,326066.9,201438.9,139990.7,152516.2,291439.5,331227.5,229398.3,244531.5,176846.2,173396.6,219367,157878.3,309986.3,222908.7
"Frac3_PEP0100_2","SYN0043","GENE0043",3,2171122.5,3659322.7,2231549,2182611.4,1925669.7,1733378.9,1059674.1,1525489.7,1116783.6,1646013.1,2716849,1844709.2,3126804.8,2536709.1,1899412.4,658855.7,NA,867836.4,1129378.8,1543708.2,1697455.3,2412299.7,1437633.2,1576119.1,2268834.1,919689.6,1038324,1347656.3,1618030.2,1198588.9
"Frac3_PEP0101_2","SYN0060","GENE0060",4,257831.5,253517.3,281226.5,178313.6,318621.2,136994.8,290418.3,194913.7,180104.6,185199.6,199170.2,216300.2,185035.4,330660.1,253724.4,184170.6,172927.8,119631.2,191262.7,202547.8,248103.4,178583.6,134839.2,133404.4,125868.4,182847,202344.5,169662.8,165385.8,191286.6
"Frac3_PEP0102_2","SYN0027","GENE0027",3,5968730.4,7159489.2,4491967.4,6426960.7,5390344.2,NA,4253173.1,5609120.8,6302030.7,6642221.8,5713034.8,9105514.4,7752436.8,9149470.3,9191457.5,9217863.7,NA,7317562,13149374.2,NA,6679017.5,NA,NA,17030597.8,7614770.3,NA,8511501.8,NA,NA,NA
"Frac3_PEP0103_2","SYN0118","GENE0118",4,4110263.7,4911861.5,4060652.5,3914135.5,4175077.2,3852378.4,5064061.1,5153257.9,5384200.9,4306403.8,2909036.4,4520183.7,6125696.2,5080066.9,2532775.3,1953041.6,2162291.2,2545052.2,1157357.2,2070565.6,1404675,2879350.1,2193671.2,1978324.8,1653533.6,1244040.6,2178646.3,1363553.8,1888668.3,1918688.1
"Frac3_PEP0104_2","SYN0097","GENE0097",3,1168934.9,1092659.7,1018893.4,1446378.2,1142565.9,1179838.3,1413050.6,1795347.8,891337,1765418.5,1392679.3,910571.7,1285100,1401633.2,953864.3,1013557.9,964471.8,1732592,1884501.7,1525793.4,1404571.7,939015.7,1320745.3,1678983.5,1191629.4,937324.6,1093898.5,NA,1015296.6,1115260.5
"Frac3_PEP0105_2","SYN0018","GENE0018",4,181365.9,201481.1,218538.3,226056.9,209362.4,NA,NA,132279.5,NA,126550,160994.8,239009.7,200941.8,168695.5,177848.4,63797.4,71767.3,NA,NA,81026.2,62777,88754.4,99536.3,86576.3,NA,NA,76579.9,NA,NA,100619.8
"Frac3_PEP0106_2","SYN0097","GENE0097",3,143843.8,197665.3,258443.5,282147.4,208051.2,236254,228822.2,197915.8,281097.2,255501,241475.9,383703.6,310847.2,351124,313533.9,300442.6,210256.4,262778.9,191786.5,163381.6,202147.2,212353.8,158752.3,158282.3,146000.9,200010.2,144185.6,207117.3,238772.9,217761.4
"Frac3_PEP0107_2","SYN0081","GENE0081",2,973560,488913,604150.3,673841.6,782295,717674.2,612341.1,596884.1,948371.4,552468.4,786031.9,568563.2,547007.9,632820.9,740417.3,819682.3,487259.3,635219.6,814588.2,800088.3,1074716.3,813475,793558.6,681715.7,444519,577247.9,725679.5,635713.3,NA,386646.6
"Frac3_PEP0108_2","SYN0085","GENE0085",4,709778.5,551534.8,345396.7,NA,372145.1,524281.3,NA,NA,407566.8,597956.2,454045.9,NA,610220.6,408010.1,412783.9,675635.5,791373.3,866906.3,795315.7,NA,851406.7,893999.5,NA,853244,NA,634607.6,448003,730802.7,476826,NA
"Frac3_PEP0109_2","SYN0030","GENE0030",4,908186,632413.3,962274.1,1091895.2,1138577,1060498.9,936939.9,784088.1,755062.3,1031195,701715.4,846813.4,878326.8,554307.9,591912,1234701.3,804660.8,940194,1053968.4,796942.7,1591483.2,835790.7,947480.1,3000495.3,1096180.7,861393.8,1019686,1222802.9,647784.7,1034453.9
"Frac3_PEP0110_2","SYN0053","GENE0053",2,4148483.3,2939386.4,2962487.7,3679941,3034753.5,4197903.7,NA,NA,NA,NA,4844507.3,4184515.7,3758737.2,3376223,3174201.7,NA,NA,6101276.5,NA,5114654.7,4652289.7,4640957.5,NA,3982936.5,4450700.6,NA,NA,3744405.6,NA,NA
"Frac3_PEP0111_2","SYN0012","GENE0012",2,826150.8,858690.5,1273089.1,687362.9,NA,1071700.2,313544.9,NA,727291.2,NA,715047.8,704799.6,NA,1037992.3,723016.9,931282.7,NA,NA,1419150.7,862808.5,1297810.6,926415.1,1453681.6,NA,1354536.5,2074934.6,NA,1171553.3,900393.9,NA
"Frac3_PEP0112_2","SYN0084","GENE0084",4,1654859.9,1817444.8,1393591,1015995.4,966839.9,1486634.9,1710531.3,810861.5,1293972,1495348.9,NA,1280507,818715.9,1457041.5,1905289,1884189,1199621.3,1773609.5,1019669.1,1643722.1,1291670.3,1209488.3,1223996.4,1266334.3,1023129.6,1513060.5,1209846.9,1168329,1275522.7,919374.2
"Frac3_PEP0113_2","SYN0048","GENE0048",4,4419241.7,NA,6672974.8,4988475.5,5064824.3,2662263.9,1758302.5,NA,1324896.3,2585197.9,6106306.4,4968059.2,5471897.3,NA,6984937.5,4364379.1,4256623.2,NA,3047130.7,3574370.5,8455452.2,NA,NA,NA,6415945.6,NA,NA,2315706.1,2948490.4,2014039.8
"Frac3_PEP0114_2","SYN0032","GENE0032",2,212154.4,243695.8,166439.4,274677.6,131943.6,151109.5,311928,283749.7,269842.3,274401.3,94526.2,199194.8,217597.2,185508.2,195701.2,155200.4,67540.2,117693.6,NA,88959.7,134424.3,64547.3,122522.2,104703,94962.7,154633.3,94206.8,166363,85608.6,79760.1
"Frac3_PEP0115_2","SYN0107","GENE0107",3,NA,2476790.3,2993203.4,1591777.9,2459585.8,NA,NA,NA,NA,NA,3627333,3037435.6,2729435.5,2566598.4,1522708.3,NA,NA,NA,930732.9,770805.1,596763.1,943092.9,599207.3,1177631.4,635110.7,551481.6,853005.2,NA,934819.3,809333.5
"Frac3_PEP0116_2","SYN0130","GENE0130",2,8836295.7,5804844,9549512.5,7410310,6789398.5,5242318.4,7532023,NA,NA,NA,6506281.4,6935262.1,7383084.1,12418161.8,6000055,NA,NA,4980035.3,NA,NA,8221963,4547789.5,7730942.6,4725431.5,5075337.7,NA,NA,4804821.2,NA,NA
"Frac3_PEP0117_2","SYN0066","GENE0066",2,341579.2,339541.5,195955.8,338009.4,202686.4,170350.6,188240.2,165605.4,195539.3,356944.8,272836,378751.9,263076.9,241142.6,257960.6,211056.2,137834.4,159124.3,189436.2,180611.1,188995.5,165851.9,131037,233252.1,199459.3,174527.2,116012.8,123593.9,163297.9,99515.9
"Frac3_PEP0118_2","SYN0020","GENE0020",3,3711821.7,2798879.3,5580503.9,4982651,3999021.4,5631563.5,3802006.1,4801039.4,3469990.9,7136938.5,3635713.6,4222245.5,5837516.8,6855174.2,3721209.2,6050648.1,10050822.7,4089208.9,7235489,5270089.6,7019515.8,7105958.7,9488414.6,6790085.8,5598148.4,5949412.9,10924885.2,4566854.4,6595839.5,6069540.4
"Frac3_PEP0119_2","SYN0085","GENE0085",3,903867.4,495295.2,583661.4,654088.9,690345.5,NA,NA,786160.4,646191.2,NA,NA,618023.7,758116.2,665726.1,709355.2,634498.4,NA,NA,NA,691640.1,817463.4,791167.8,699691.1,649076.2,925710.5,NA,NA,1095798.1,599634.9,NA
"Frac3_PEP0120_2","SYN0037","GENE0037",3,460987.3,523947,361102.5,710887.1,630880.7,542147.8,352872.8,502545.5,560729,569976.3,256778.5,610855.4,371053.6,399691.6,345403.9,684558,NA,702258.1,539667.6,585972.3,935868.7,447623,574636.1,630892.8,587656.7,491098.3,497782.6,825916,492567.8,551878.2
"Frac3_PEP0121_2","SYN0050","GENE0050",2,494242.3,281433.7,638314.6,516657.3,573101.5,1060905,1587889.4,797543.2,590043.9,558889.9,627931.9,550471.6,364650.1,488576.6,313711.4,1545550.5,1676571.3,2306728,1210713,1139157.2,1499855.2,1081617.7,1300146.6,820836.6,933715.5,1342033.5,NA,1420129.3,1794486,1047942.7
"Frac3_PEP0122_2","SYN0118","GENE0118",2,65479,73324.5,103125,74470.6,82318.3,NA,96517.3,84368.9,NA,NA,100585.1,77584,83123.6,69203.5,74331.9,NA,88035,86478,NA,NA,70837.9,NA,NA,82223.3,NA,80752.8,NA,78484.7,NA,NA
"Frac3_PEP0123_2","SYN0010","GENE0010",3,2371443.3,2753895.1,3980042.4,2284636.1,3521363,3626519.2,2812158.6,1946693.8,2789624.9,3695130.2,2142213.4,3646351.7,3511560.8,2571371.8,2626443.2,2716281.4,3069486.1,3521118.1,2279325,3518534,3318707,1706762.2,2231460.6,2948059,3015695.8,3076203.8,2095331.2,2313363,3121694.8,2378037.5
"Frac3_PEP0124_2","SYN0127","GENE0127",4,1362565.9,1959885.9,1122928.5,1028216.7,1095705.6,NA,893670.9,NA,NA,993563.5,NA,1093807.9,1131010.9,NA,1241017.6,432567.6,779133.3,614727.6,519174.1,846583.7,NA,588999.9,807423,550596.8,545778.3,NA,711070.6,619206.8,610103.5,522513.6
"Frac3_PEP0125_2","SYN0011","GENE0011",3,109885.4,66883.4,55697.3,115657,48455.4,52547.2,57529.1,50118.1,75287.6,68518.9,77001,75466.2,88324.6,88481.4,71910.8,97636.8,118316.7,87616,77956.9,67234.7,101425,62764.1,82371.5,145838.7,63164.5,87062.4,107504.2,80359.2,61333.8,124002.3
"Frac3_PEP0126_2","SYN0078","GENE0078",4,327464.2,474076.9,398357.3,505780.2,336036.4,315242.9,251349.4,355260.1,374019.9,497169.5,412322.4,489781.4,519863.8,391847.4,336847.1,1056658.6,1112095.1,762835.3,1896481.8,1074238.2,1245200.8,1086620.3,1055821.2,1306693.7,1169329.6,1366489.1,910179.2,1060564.1,806516.6,1091927.3
"Frac3_PEP0127_2","SYN0015","GENE0015",4,2415387.8,2918418.6,1911205,2881616.2,1528198.7,2981233.3,2108092.2,1489330.2,1947151.2,2660804.3,1915355.8,1520337.2,3080127.2,2944042,2180387.1,3775656.1,3238605.6,3454510.2,2889104.4,3205079.9,2771335.5,2098613.6,4230693.4,2901812.8,2386624,4020032.5,2280204.5,6073067.4,5214019,3846435
"Frac3_PEP0128_2","SYN0069","GENE0069",3,3635259.1,2304728.2,3136790.7,2230984.6,2275296.9,NA,NA,NA,NA,NA,3823602.3,2054925.9,2056138.9,1614409.4,3109716.6,NA,1906534.4,NA,1242948.5,1358659.2,1161348.8,1579495.9,1815684.2,1209921.4,1570231.5,1335145,NA,NA,NA,1305654.6
"Frac3_PEP0129_2","SYN0048","GENE0048",4,7118328.6,5079872.7,4940818.2,NA,4657635.1,NA,11357103.8,NA,NA,7423902.8,8212951.1,4567874.2,4046462.1,4781931.2,5674218.3,7711452.5,6572098.9,NA,5634828.7,7025966.2,8407052.3,5680814.2,5842711.9,9243110.8,10582099.1,NA,NA,NA,NA,6332329.9
"Frac3_PEP0130_2","SYN0007","GENE0007",4,2390603.3,3074813.1,3139456.8,2732150,2373778.5,4014268.4,9197913.7,9101996.1,5316403.4,7432805.6,2275526,2478158.7,2938676,2436762.9,2909639.2,3413410.2,3904188,3557226.8,3739058.3,3077021.9,1364299.6,767462.1,1507905,1228620,926544,3552808.4,2703490,2362359.9,3040747.5,4911597.1
"Frac3_PEP0131_2","SYN0104","GENE0104",2,1263369,770851,1841739.2,1142579.5,825869.8,4889681,2779656.3,2886453.9,2003484.5,2242898,1517453.6,1301252.3,813367.2,958985.5,844903.6,5652896.8,5851775.6,5878639,6699664,4330180.7,1857457.3,1949350.3,1626653.6,1241591.7,1850318.4,6731383.2,4984617.9,3334667.4,6202310,3393922.5
"Frac3_PEP0132_2","SYN0050","GENE0050",4,343139.3,415286.2,307396.8,373764,294881.8,298020.1,268993.2,466834.9,593053.5,341238.1,422157.2,379793.5,201463.4,287528.4,532913.3,257573.4,148553.8,218875.9,202406.4,147324.2,125572.4,212687.9,143517.1,247238.6,201210.4,219493.2,179714.5,198590.1,135636.6,379765.4
"Frac3_PEP0133_2","SYN0020","GENE0020",3,274778.3,308760.2,181301.8,187342.3,259599.5,25082.8,28180.8,27593.1,40852.6,26405.1,158460.8,183613.3,298272.6,312081,155158.1,13418.6,12367.7,16206.3,12513.8,12332.9,77133.9,130902.9,137667.3,71231.8,106029.6,11640,12339.6,13802.2,13522.3,15787.7
"Frac3_PEP0134_2","SYN0047","GENE0047",4,6045420.7,7468348.6,7768756.3,4819024.9,11899422.2,5960748.6,8305693,6219116,5266678.3,6031356,5662137.3,5967541.8,6835614.7,8366845.3,5812962.4,5268588.9,5018769.6,3927173.5,3971461.7,5739377.8,4914699.8,4869366.4,5030418.3,4059664.3,5223422.2,3766383.3,4960325.9,5744083.2,6870683.7,4435710.6
"Frac3_PEP0135_2","SYN0113","GENE0113",3,6324227.7,4579728.4,4112917.9,9538314.9,6185010.3,NA,7258195.7,4412327.3,NA,4496837.1,5557294.3,5813678.8,5271444.2,5213783.1,6285483.8,NA,NA,NA,4889507.4,4596113.1,3724396.9,5598139.5,3471601.9,4559299.7,4880747.9,NA,5860124.3,3797675.8,5379910,NA
"Frac3_PEP0136_2","SYN0065","GENE0065",2,416083.7,496588.4,339810.9,466673.9,305044.2,525928.6,NA,377479.6,620493.6,871958,346246.4,590408.6,528386.9,407960.4,519276.1,1582106.5,2299148.9,1537501.4,1201149,1037149.1,733120.3,1293645.9,781174.7,824792.2,1309773.3,1042526.8,1437157.9,1784646.6,1700814.3,1632377.5
"Frac3_PEP0137_2","SYN0026","GENE0026",2,851049.8,812367.2,748211.3,856302.8,534994.6,597745.5,425725.5,587192.2,499280.4,500059.2,543203.1,705839.3,853997.1,NA,430352.7,455761.7,558756.3,524836.9,470387.6,660347.9,412031.3,907289.5,757792.3,310801.2,525315.9,557143.1,622976.8,538067.6,612041.2,461963.8
"Frac3_PEP0138_2","SYN0083","GENE0083",2,4103565.4,4118664.2,3353601.7,3390925.2,5187209.7,NA,NA,NA,NA,NA,4434238.8,4219381.7,5444706,2930251.4,3989368.3,3844470.4,NA,NA,NA,2718225.3,3872608.7,2738690.6,2925434.7,3093886.1,2310453.4,2976798.3,2155507.1,NA,NA,NA
"Frac3_PEP0139_2","SYN0134","GENE0134",4,1658810.6,1752715.6,2080650.5,2259152.3,3366603.4,1478394.2,2590513.6,1867936.9,3115183.3,2495063.2,1770484.1,1813820,1973111.9,2648019.6,1781672.2,2113838.2,3902677.5,2010623.8,3505357,2986474.1,2044017.5,2010066.5,NA,2082472.6,2841899.4,3065777.6,3842972.1,3053766.9,1672562.9,2722598.9
"Frac3_PEP0140_2","SYN0012","GENE0012",4,NA,NA,199792,264253.2,NA,NA,214202.7,223429.4,326909.9,251738.2,197537.7,284388.2,248664.9,214947.1,325492.4,330312.7,NA,227541.2,NA,246992.5,225472,278990.4,252146.7,339614.1,222665.3,NA,227501.4,180076.5,185266.8,244150.5
"Frac3_PEP0141_2","SYN0115","GENE0115",4,NA,265198.8,233378.4,174075.2,400210.8,235009,168929.8,280393.8,156258.3,169560.6,243593,255745.9,226284.1,241298.5,336081.1,276236.6,409338.9,282462.8,171319.6,187536.9,215690.3,246458.3,284278.4,219579.2,215168.5,263292,239516.5,238164.1,198227.3,214834
"Frac3_PEP0142_2","SYN0003","GENE0003",4,658944.5,629618.3,644647.4,NA,409758,NA,NA,NA,NA,NA,418079.5,822114.9,572906.1,627923.8,500927.1,221484.8,164960.6,144731.5,NA,NA,342783.3,654176.7,677200.6,428103.4,494353.3,NA,NA,NA,NA,NA
"Frac3_PEP0143_2","SYN0128","GENE0128",3,508384.1,421258.2,736856.4,735560.4,757596.7,843628.1,962179.5,446030.8,646695.8,785243.9,885687.7,1048739.4,848854.2,874045.1,700283.3,246296.9,523245.4,363863.4,514565.1,417477.8,251047.8,414274.3,420219.2,349488.5,621794.2,523478.9,373271.1,420075,325641,348173.3
"Frac3_PEP0144_2","SYN0013","GENE0013",2,1631183.6,1664404.7,1610012.2,1877755.7,1618787.5,1493241.8,1676401.4,2006942.2,1741991.5,1680860.3,1055841.4,1731886.5,2599139.7,1765108.9,1607828.6,2940162.5,1979382.1,2058414.9,3712939.6,4353558,4498488,3735192.8,2007654,3447816.2,3240271.4,2902839.5,2358577.5,2986615.6,2071074,2073327.3
"Frac3_PEP0145_2","SYN0115","GENE0115",4,6336115.4,9214418.7,7699394.3,5588611.3,5140443.3,1638654.7,1465095.8,2260352.8,1673191.8,2079926.3,10067681.6,8088984.2,5472618.4,6944303.6,5031428.1,5023055.5,5230821.7,NA,4787403.2,6329790.1,10101005.1,13303251,16800139.4,NA,16658485.3,4672797.1,2837895.8,3775740.9,4096842.6,5108325.1
"Frac3_PEP0146_2","SYN0123","GENE0123",2,719374.3,971279.3,654031.3,923335.7,1017871.7,1722154.7,782897.8,802917.6,811879.2,825988.7,578240.7,971590.5,785987,1021728,932831.8,1316881.8,1477609.8,957861.7,1363833.9,1485406,1455232.1,893611,1322298.8,1396576.8,1184673.6,1437936.7,1217333,1041750,1421426.5,1421656.4
"Frac3_PEP0147_2","SYN0006","GENE0006",4,NA,8032891.5,9055772.3,9755246.3,6943645.9,8216403.6,12110636.7,10200392.8,NA,6314166.6,9425677.9,NA,7376966.1,NA,7177491.7,NA,5549136.7,7391950.9,7122873.2,6853235.9,7954732.8,8240978.2,NA,10496451.2,11886788.8,9340543.7,7993300.1,NA,9367596,6437356.9
"Frac3_PEP0148_2","SYN0013","GENE0013",2,254569.7,201429.6,182831.1,179592,233489.6,235707.1,198275.7,275738.4,265823.9,184351.7,195058.8,264251.1,519731.1,310817.9,326988,200296,223817.8,186217,239649.3,189734.3,195472.8,269850.1,156905.3,169888.5,197061.2,117473.7,176872.9,163230.9,132380.1,195915.1
"Frac3_PEP0149_2","SYN0126","GENE0126",2,230266.3,281457.1,187495.3,346362.5,234109.3,NA,NA,60414.3,NA,74329.4,249961.9,259540.1,215454.2,249765.3,257364.1,360193.7,NA,NA,NA,NA,468976.8,NA,1026441.3,398571.6,727454.4,NA,NA,NA,NA,229080.2
"Frac3_PEP0150_2","SYN0107","GENE0107",4,14979820.8,20728899.8,12746831,15019288.7,14132392.2,8108634.4,NA,16276878.4,NA,NA,19513088.4,NA,13020208.6,NA,15271683.4,27357834.6,17983382.6,NA,33194022.1,21504772.3,26655351.6,32409297.1,17585615.3,20636635.3,19830300,33434138.9,20584565.3,23319264.8,24905217.8,NA
"Frac3_PEP0151_2","SYN0099","GENE0099",4,429958,571876,406309.9,494621.8,913065.5,461455.2,520756.6,439076.6,601003.2,495395.1,575556.8,379104.7,452608.2,534481.8,426478.7,224711.3,162097.6,167528.1,118690.2,98073.3,138521.1,120028.7,124678.7,208114.4,97630.2,186132.1,128730.2,226217.3,179931.5,140350.1
"Frac3_PEP0152_2","SYN0014","GENE0014",2,1425141.1,1654093.8,2126696.9,1339561.5,1517932.7,1756186.4,1410084.8,758799.6,1706806.2,1258217.3,1724918.2,1572935.7,1576867.4,1323144.6,1516099.8,863441.5,667394.3,661809,1281079,748193.6,961864.3,563498.5,NA,748107.4,902449.9,826533.8,657601.2,745047.5,1030166,932700.9
"Frac3_PEP0153_2","SYN0039","GENE0039",4,461628.6,362291.1,NA,381167.5,559327.4,530892.2,405161.5,463217.7,479467.2,493819.8,471873.8,497307.4,433365.8,674435.6,528998.3,444095.2,505998,330474.5,412320.5,458569.4,282558.4,435901.4,362870.4,361884.3,309741.4,431293,418437.8,663702.2,234418.2,629808.2
"Frac3_PEP0154_2","SYN0087","GENE0087",4,1770761,1556463.8,1366627.8,1075910,1249929.1,1672977.5,2124922.9,1667618.4,1454598.7,1890588.7,1445443.8,1095194.2,1558415,1726896.2,2050635.7,1586155.7,1682445.2,1453760.5,NA,1223949.2,1745092.9,1596207,1678833.4,NA,2027756.3,1288671.8,1207849.3,1727303.7,1392139.3,1239190.3
"Frac3_PEP0155_2","SYN0034","GENE0034",2,958995.9,734532.5,668421.1,929025.3,1319549.8,987412.6,750385.2,734179.3,1256564,1189566.3,1473240.7,545488,1133698.2,753756.3,1200924,1209240.3,1407525.9,1799337.2,1284428.3,1363072.3,2176107.5,1252866,2241210.9,1401544.6,1550247.5,1867761.1,1490410.1,1203191.7,2271202.1,2395015.9
"Frac3_PEP0156_2","SYN0097","GENE0097",4,1509162.1,NA,1142233,2086496,1152925,1096637.9,1808841.4,NA,1641069.5,NA,1014728.3,1471792.2,1424463.3,1472720,1558804.3,NA,NA,NA,NA,NA,1484132.9,1199484.4,1135631,1598430.3,1599598.4,1302093.9,977351.6,NA,NA,NA
"Frac3_PEP0157_2","SYN0127","GENE0127",2,961143.9,966510.8,NA,1041659.6,935688.7,988761.8,1098739.8,1189694.5,934520.9,727397.2,1216308.4,1334210.1,NA,1104459.1,709451.8,NA,1174916.4,NA,1193885.2,1147575.9,1297670.9,1009775.6,1120163.3,NA,1664444.4,NA,1367541.6,959384.1,1830369.2,1450006.3
"Frac3_PEP0158_2","SYN0038","GENE0038",3,3653265,2663117.1,3070327.7,2112050.3,2712758.2,3486065.5,3619697.6,2775310.3,2570678.3,3364458.5,4039745.4,3840862.6,2637101.7,1957957.2,3012064.5,878549.8,682450.1,1592434.5,1232687.3,1318290.5,861641.7,NA,1129921.1,823852.2,1094052.8,733841.9,770528.9,1151275.2,1289466.6,1165278.7
"Frac3_PEP0159_2","SYN0059","GENE0059",4,467338.1,307662.2,302690.8,288725.1,NA,284264.5,385988.7,665240.9,NA,347448.5,348451.2,403121.5,215900.4,333504.8,398494.5,274769.6,248673.5,239244.7,192339,378142.9,313277.6,196395.5,276828,NA,205395.1,240993.2,NA,214823.1,190772.6,258461.7
"Frac3_PEP0160_2","SYN0041","GENE0041",3,462710.5,161272.7,260925.1,242105.6,203702.3,259428.5,276198.5,231532.6,122778.1,206446.3,268523.7,153312,253389.7,264318.4,178884.9,259467.1,345024,403036.6,358234.5,304888.7,360739.3,270592.4,319040.5,380062.6,NA,248075,212465.6,478826.7,226575.7,372199.3
"Frac3_PEP0161_2","SYN0128","GENE0128",4,4833777.4,3112826.3,3965442.7,4716366.6,2648121.7,NA,3554977,4063947.8,3442965.7,NA,4067125.3,2452206,3587488.8,3826885.6,2171253.4,NA,NA,NA,NA,NA,5730617.3,8736253.5,5986590.4,8145940.4,11288086.6,NA,NA,NA,NA,6890775.4
"Frac3_PEP0162_2","SYN0036","GENE0036",4,1308000.7,NA,1438521.2,1433188.5,1090747.3,2637456.4,NA,1742020,2683335.3,NA,1464991.8,1096039.6,804955.5,1384505.6,1035845.1,NA,2171486.1,NA,NA,NA,2036354.9,1466088.2,1119782.9,1607913.6,2073676.6,NA,3468332.4,NA,3359155.6,2897020.8
"Frac3_PEP0163_2","SYN0125","GENE0125",3,527816.1,377349.3,493363,355463,356256.3,397411,933080.3,663793.9,NA,421531.6,484150.5,277256.4,388312.6,273512,321483.2,53125.7,70806.3,64500,41285.5,72370.6,28190.5,49136.9,32778.4,24838.3,32998.5,68406.2,55972.6,51146.7,61239.2,61002.4
"Frac3_PEP0164_2","SYN0078","GENE0078",4,91005.4,115240.6,156010,118152.5,172152.1,NA,NA,207973.3,NA,135566.6,114604.4,100887.5,128505.2,133421.4,147851.3,NA,NA,NA,NA,NA,223499,303475.8,210703.6,181781.6,243793.2,NA,254961.2,NA,NA,393067.4
"Frac3_PEP0165_2","SYN0087","GENE0087",4,1901224.7,1889727.4,1804069.5,2338557.1,1722319.1,2299764.8,4247709.9,2592604.6,1196679.7,1644103.1,2798307.3,NA,1456970.8,1839716.1,3179979,1876712.9,1355651.2,1171767.2,825528.9,1375732.9,1310486.4,1261256.3,1372408.2,1469512,1206492.6,1051929.1,1325636.2,1286831.7,1369661,997947.3
"Frac3_PEP0166_2","SYN0012","GENE0012",2,309367.6,533592.4,461224.9,520871.7,496001.5,NA,NA,419645.4,331121,NA,354993.5,421437.8,531740.4,350843.3,752553.7,NA,NA,NA,NA,871382.2,350113.1,629499.8,449511.5,565160.4,747583,378974.8,NA,NA,NA,NA
"Frac3_PEP0167_2","SYN0074","GENE0074",2,435272.3,353225.4,270812.1,277889.1,360649,1608464.3,1159798.9,1846119.6,953643.7,1252128.1,369396.9,422005.9,338401.4,403382.4,378767.1,275555.2,398975,348359.3,402279.7,478713,79061.3,114469.2,86664.9,65260.5,152483.7,404021.9,255448.9,232471.9,250953.6,397897.7
"Frac3_PEP0168_2","SYN0105","GENE0105",3,14172223.2,9347752.6,9768295.1,14157344.3,12128664.2,NA,NA,NA,11606015.5,13436166,11549006.6,10824119,9491887.1,8147463.4,11673502.1,NA,NA,NA,NA,11020308,6400424.8,6629321.2,9288635.3,11375665.6,9105547,NA,NA,10795919.9,NA,NA
"Frac3_PEP0169_2","SYN0026","GENE0026",3,6308938.9,2996137.7,2716535.1,4669128.7,4690205.3,4608208.1,3701405.5,4954332.8,2863260.7,4017218.2,3221862.5,NA,4732989.6,4130750.8,3079825.5,2505753.1,3099608.2,3556771.4,4575696.5,3358212.2,3634193.9,3187214.4,4414182.4,2295936.2,3026879.7,2118751.6,3128338.5,3323608.6,3412790,2718264.4
"Frac3_PEP0170_2","SYN0051","GENE0051",3,673219.8,278732.2,271298.8,NA,355098.9,179293.1,136155.3,227773.3,365334.9,272581.6,259854.1,NA,400912.3,424349.1,471032.8,NA,258247.2,156017.5,256526.7,230685.6,372834.9,265605.7,NA,335584.2,379517.2,NA,240044.9,NA,168436.1,260326.4
"Frac3_PEP0171_2","SYN0113","GENE0113",3,82899,76875.2,75755.1,57542,98630.8,530067.3,518321.8,659629.2,545212.1,625703.2,99979.7,63064.6,88560,99185.2,62591.8,225351.3,324998.7,296369.7,222090.9,176313.9,32598.8,48901.8,33680.1,26935.6,37121.1,277905.3,237569.7,330701.7,268633.6,379237.2
"Frac3_PEP0172_2","SYN0014","GENE0014",3,1554285.4,1644184.1,1504002.3,1493505,992134.8,977788,938901.6,1224244.2,1155721.2,1425335.6,929246.2,1070733.7,1255301.2,887097.8,1212796.5,2615369.2,2442541,NA,3180770.1,2003680.9,2528956.3,2813343.3,1674270.2,2799501.5,2750211.3,2178739.3,1710508.7,1424628.3,2821820.9,1457355.2
"Frac3_PEP0173_2","SYN0132","GENE0132",4,3417690.2,2482799,2723779.1,5740181.9,2469880.8,352078.3,431173.3,258832.1,331857.8,425394.1,3977600.4,2217576.6,4929192,4300442,5782930,967847.5,443510,504455.8,680317.2,775844.8,5464252.1,6276815.9,6886333.7,6867936,6018935.6,919802,501143.9,640437.6,608469.3,625924.1
"Frac3_PEP0174_2","SYN0076","GENE0076",3,NA,3077001.7,1971822.6,2524876.8,2118559.8,NA,3652656.2,NA,2441344.1,3141452.9,NA,2542946,2493120.3,2836338.3,1748979.2,NA,8616719.8,11445560.6,6530531.1,NA,NA,10500734.9,NA,5099949,NA,11388801.4,9547198.7,6295055.8,9370631,NA
"Frac3_PEP0175_2","SYN0091","GENE0091",2,9388383.1,12184390.1,11645529.5,11678488.8,7395330,NA,NA,19975017.8,NA,10971127.1,13506967.6,8015169.3,14308053.4,7529191.2,7842952.9,NA,38412706.4,32712518.3,NA,52542936.3,25209047.6,46617168.3,36583149.6,23449332.9,18189754.8,50911956.2,30867092.1,NA,NA,60791489.7
"Frac3_PEP0176_2","SYN0052","GENE0052",4,3734976,2344697.3,3385088,2743805.1,3188877,3185645.9,NA,2880044.4,2990291.2,2326707.1,NA,NA,2771590.4,2355126.4,2879632.6,3327725,NA,3377530.4,2350696.7,2761809.3,3608337.4,NA,NA,4196011.2,3427995.3,2483334.5,4492688.8,NA,3578766.3,2078376.3
"Frac3_PEP0177_2","SYN0035","GENE0035",2,53707.8,66386.1,NA,NA,59955.1,53328.4,56016.9,77943.4,54027.6,77557.1,61694.8,NA,61178.9,90054.9,75205.9,NA,NA,44576.6,43502.1,67155.1,62076.1,NA,67774,57703.5,56927.5,65551.6,NA,NA,77663.9,NA
"Frac3_PEP0178_2","SYN0069","GENE0069",4,805115.3,636197.3,768764.3,NA,603766.2,444656.7,813419.4,1006443.8,672472.6,813109.1,731640,558211.9,348260.7,NA,962932.6,2144055,1636801.5,2171100.5,1546043.2,1593895.7,2009217.1,922432.7,1998535.7,1369629.4,1899376.6,2143425.1,1863008.1,1331591.6,1198269.5,1716355
"Frac3_PEP0179_2","SYN0013","GENE0013",3,496964,864949.4,1059047.4,1007301.5,853881.8,830949.6,717733.8,775737.2,744252.2,579390.9,902738.6,605185,589238.2,558145.1,854730.7,331916.7,325569.9,827754.1,402788.8,405401,740787,632271,738164.1,394906.8,391816.1,569127.2,491847.4,465671.6,692611.8,587853.4
"Frac3_PEP0180_2","SYN0048","GENE0048",2,244835.3,NA,223638.8,252799.9,394980.5,363339.2,576247.5,567757.2,386988,335377.7,183647.6,377185.5,345334.6,242453.6,350733.9,653647.7,561942.5,590757,562642.4,327062.3,487099.2,308820.8,514681.6,197881.9,329030.3,472447.4,511315.7,592677.8,803861.4,759175.8
"Frac3_PEP0181_2","SYN0130","GENE0130",4,336410.9,253177.5,265982.5,243635.5,203264.5,NA,388611.5,NA,NA,456362.3,320294.1,300002.2,327716.7,239966.7,NA,526591,563259.9,589329.9,682122.3,520848.5,602104.4,235237.7,521181.8,314120.2,434875.1,595930.4,873479.6,474158,404055.1,288321.3
"Frac3_PEP0182_2","SYN0091","GENE0091",3,1733740.8,1516946.3,1558843.3,1907173.4,1114835.9,1550119.3,1516664.4,1616735.5,1821762.9,1311315.6,1437105,1487071.4,1559151,2354456.8,2627719.8,1641922.8,2519655.2,3096567.9,1659658,1566842.2,1355868.7,2570646.9,1895771.5,2178083.7,2610756.9,2919783.4,3454428,2172655,3386021.8,1971821.7
"Frac3_PEP0183_2","SYN0081","GENE0081",4,1167120.5,1443283.8,1393902.6,1733313.8,1554224.2,NA,399987.9,NA,NA,NA,1398603,1634125.7,1591309.6,2208407.2,1368058.8,NA,463654.2,NA,542163.3,416068.3,1881237.9,1539165.8,1994592,1403126.8,NA,634339,518039.8,NA,NA,NA
"Frac3_PEP0184_2","SYN0016","GENE0016",4,1027531.9,632509.7,685444.1,739536.5,1168340.6,NA,1207680,NA,NA,NA,974954.8,997647.7,937286.8,994108.2,740278.7,1230142.4,NA,1072822.5,NA,NA,1478886.9,1406542.9,737138,855430.2,1524047.1,NA,NA,1578912.1,NA,NA
"Frac3_PEP0185_2","SYN0082","GENE0082",2,328058.6,615351.7,374162.7,538887,478754.3,728753.5,514049.4,302699.7,368071.5,402862.9,427800,332555.8,425882.2,490931.4,336137.7,367659.2,331104.9,430351.3,223985.8,280732.2,303537.1,258727.7,311891.7,176954.5,272963.9,286504.2,238944.2,284139,413875.4,334146
"Frac3_PEP0186_2","SYN0054","GENE0054",4,62567.9,42798.6,41763.7,47459.1,51185.5,NA,NA,NA,NA,NA,28510.9,27951.1,29456.6,44331.4,39626.4,23766.3,NA,NA,NA,NA,57786.9,48315.2,35906.9,49794.4,28500.8,NA,NA,NA,34716.1,55539
"Frac3_PEP0187_2","SYN0125","GENE0125",4,153796.2,209529.1,147009.1,198801.2,166994.4,483467.6,299623.7,NA,NA,NA,283294.6,249320.6,176759.8,300048.5,202312.9,NA,NA,120781.8,163726.6,NA,104594.8,119896,84035.2,126879,81910.9,NA,NA,NA,NA,191370.4
"Frac3_PEP0188_2","SYN0030","GENE0030",4,1068792.8,1329504.4,868770.8,866599.8,1974556.6,1050419,1169887.1,1477217.3,1011484.1,1380270.2,1234470.6,790539.4,910329.4,1218585.8,1274735.6,2239684.1,NA,3650582.1,1917600.6,1945633.7,2407340.9,2270431.9,2377304.9,3253146.3,3112470.9,1596871.1,2793394.1,2814480.3,3753258.3,4070011.4
"Frac3_PEP0189_2","SYN0072","GENE0072",3,126540.9,219802.5,214268.1,227314.8,177874.2,458922.7,503530.9,NA,514417.4,517813.5,170916.7,169753.5,347836.4,197359.1,167018.5,448332.7,276200.5,432473.2,383042.3,269139.1,98132,157288.1,88733.3,157177.1,117444.5,296382.9,NA,342340.7,313283.4,493007.5
"Frac3_PEP0190_2","SYN0078","GENE0078",2,1434384.4,917698.5,1249513.5,1776095.4,1769548.2,NA,1363416.7,NA,1388134.7,1583351.9,2025272.6,1799194.7,1480404.3,1897828,1760458.3,NA,NA,NA,NA,NA,2713719.9,1568382,2175705.9,1974180.9,1738683.4,NA,NA,2484222.9,NA,1813076.9
"Frac3_PEP0191_2","SYN0045","GENE0045",3,2769923.9,NA,1936547.4,3136304.1,2802662,NA,2928393.2,NA,NA,1546116.6,2901666.5,2353036.9,2354567.2,2058399.9,2083335.7,NA,4037793.6,NA,3484498.3,4285808.2,3892975.3,2452068.7,5629418.3,2775982,NA,2821207.9,NA,3047773.1,NA,NA
"Frac3_PEP0192_2","SYN0081","GENE0081",4,NA,NA,549119.4,NA,398482.3,NA,386639.6,523548.3,NA,610222.5,751016.8,524950.3,436291.5,NA,625428.5,NA,1211271,453958.5,762347.8,788273.7,NA,941330.8,NA,NA,1315647.9,1431799.8,747307,587040.5,851348.9,1610746.5
"Frac3_PEP0193_2","SYN0113","GENE0113",3,5901803.6,3724969.5,4711443.4,6313514.5,3773900.6,4257069.6,NA,NA,NA,5285029.8,4221946.1,4531015.1,5301296.3,6242163,2599509.7,7804038,14949964.3,NA,13467094.8,NA,10280604.6,14669743.9,11321518.5,15883009.7,7514949.8,12776095.7,NA,8369519.6,13966970.7,14359848.6
"Frac3_PEP0194_2","SYN0076","GENE0076",2,9126384.9,10479187.1,7620929.5,9719377.4,16179086.5,9766143.9,13637122.3,13820035.8,14179474.8,12209776.4,9357555.2,8884982.3,12522101,15164924.4,11640193.2,15358066.2,12072805.7,9799630,13539090.5,11981473.9,10166368.2,10564880.9,6114500.1,12141028.5,10411442.6,10436051.1,9561924.9,12499653.2,10711353.5,12206879.4
"Frac3_PEP0195_2","SYN0133","GENE0133",4,490016,533639.5,733194.3,566304.5,543201.7,NA,NA,NA,824688.6,NA,684218.5,NA,633130.2,744500.3,656242.5,913209.3,NA,845790.4,NA,NA,415189.8,505823.6,468684.5,536640.6,622691.1,671587.1,1271108.5,NA,981104.9,NA
"Frac3_PEP0196_2","SYN0093","GENE0093",2,1808230.2,2525794,1276729.7,NA,1343525,4003749.4,2724171.3,2468203,2521322.5,2435436.2,NA,1855653.5,2182275.6,NA,1663469.3,1345166.3,2039320.6,1554705.7,969569.6,NA,1129061,820748.1,1192699.6,921969.3,888380.9,1277211.6,2149585.1,1222604.6,1581230.3,NA
"Frac3_PEP0197_2","SYN0032","GENE0032",4,NA,NA,6949773.9,5379034.3,5678062.8,6757648.3,4888904.2,8397253.7,9534591.5,NA,5849010.2,NA,9383369.6,NA,6843880.1,8928288.5,8442056,7711418,6300462.2,8309042.1,NA,10243636.4,6316039.6,6557179.9,NA,NA,7957665.1,7324757.7,7803644.6,NA
"Frac3_PEP0198_2","SYN0045","GENE0045",4,6171494.2,7769819.5,9526815.1,6569880.7,5408989.4,7724713.5,8049045.7,13617117.8,9193327.6,7060773.9,5591943.4,6774352.4,6193293.9,5759482.5,9271411,13816178.5,36600442.2,19864846.9,15054091,12385316.8,18537164.1,15088840,22053829.4,17459548.7,15532880,24097228.5,17895527.1,21626815.1,12195563.5,15208931.3
"Frac3_PEP0199_2","SYN0042","GENE0042",3,909043.6,823498.8,596234.6,469511.6,706582.7,NA,NA,674615.9,NA,NA,NA,666429.7,1067872.9,644936.7,596871.9,NA,719574.3,NA,NA,752662.4,472069.8,701223.5,434611.9,632447.5,477217.3,NA,NA,NA,NA,NA
"Frac3_PEP0200_2","SYN0059","GENE0059",4,271830.2,210564.9,411928.9,890499.8,711092.2,554592.1,547996.6,419540.5,NA,NA,555108.7,619320.1,542585,NA,NA,89156,148174.5,125716.8,NA,214726,111606.9,134577.4,162392.4,233454.8,209478.4,NA,150266.8,NA,118332.5,122018.7
"Frac3_PEP0201_2","SYN0032","GENE0032",4,261603.2,334325.3,254728.5,175199.2,186981.4,218291,271821.8,NA,NA,415885.6,285645.5,210739.4,422827.6,208997.8,269458.7,NA,NA,NA,NA,NA,75276,81434,99689.4,96204.3,124310.8,NA,NA,117325.2,82679.6,NA
"Frac3_PEP0202_2","SYN0100","GENE0100",4,1550538.4,1047982,1014499.9,1800859.7,NA,NA,NA,NA,NA,NA,873703.4,1245187.9,1443221.5,1314912.3,1082146,4971991.5,NA,NA,NA,3745925.3,3213393.7,2532478.7,3070739.3,3213654.6,3726612.9,3779310.9,NA,NA,3145438.2,NA
"Frac3_PEP0203_2","SYN0086","GENE0086",2,412929.7,343130,459763.3,NA,198628.2,4378574.6,4075694,1585197.8,1627110.6,1864049.2,343993.3,NA,323167.9,268391.9,290006.2,754025.7,1023108.3,662117.7,786270.5,1916691.8,103394.1,110495.3,95132.2,269316.5,142116.9,945733.9,730768,984560.7,1034129.5,960552.1
"Frac3_PEP0204_2","SYN0076","GENE0076",3,853838.7,1194065.5,750053.5,518219.4,807300.8,1206524.5,1698966.2,1567948.2,1459830.1,1317770.2,706505.1,865560.4,852528.6,1006414.3,1014251.2,1533808.4,2652576.9,2194924.9,1627516.2,1522919.3,1236615.1,934793.8,1146038.1,927957.4,1610210.5,2471621.2,1510167.4,2559108.6,1702752,2248521.4
"Frac3_PEP0205_2","SYN0109","GENE0109",3,1380192.9,1701259.8,1480636.9,1575852.5,1935571.7,1939570,1269796.3,1237313,773661.2,1310239.7,1994559.7,1148954,NA,NA,1076378.3,1378179,1061568,1135594.9,2025099.6,1183531.5,987406.2,979568.4,1038051.7,1276300.2,972829.2,585803.2,1148202.5,1496529.1,1224802,750458.1
"Frac3_PEP0206_2","SYN0065","GENE0065",4,807862.3,891235,904243.4,NA,863229.1,617854.7,799547,1172085.7,603694.1,1118073.2,495422,NA,882993.5,715210.4,963886.5,925021.7,922533.6,754983.3,910203.7,696154.6,780245.6,471973.1,845096,604288.3,848607.1,559618.5,947531.6,1005896.1,569694.5,826099.4
"Frac3_PEP0207_2","SYN0078","GENE0078",3,1265918.5,1696353.7,NA,1909966.7,1408863,1308159.8,1905024.6,1601896,1469287.3,1357368.8,1445354.9,1470763.2,1351916.4,1205955.9,1642054.1,3264122,3780148.5,3471191.1,1832935.7,2535614.3,4195699.6,3720430.7,4575908.5,3145015.6,2589451.5,3078448.2,4230625.9,4253177,2586568.6,3175591.1
"Frac3_PEP0208_2","SYN0083","GENE0083",3,722011.2,1074517.5,1255287.3,1590246.3,1158959.3,612510,1268171.4,631109.4,1267366.8,1210556.1,872318.8,1111621.4,848783.3,927959.2,1247036.7,996138.6,1312950.9,1292400.8,1243874.9,1260182.2,1204047.4,990814.1,1036281,934835.2,946071.5,714020.3,930495.7,1549497.6,764239.4,849424.3
"Frac3_PEP0209_2","SYN0015","GENE0015",3,857300,684743.2,666314.1,739767.9,645745.2,349928.3,312382.8,367487.2,NA,332516.1,875738.4,926641.3,658488,809066.1,1269451.8,421332.6,500020.8,446585.2,474944.2,442695.6,1150311.3,1217171.2,679726.1,1373764,726566.2,605980.3,517980.2,438812.4,586481,700797.3
"Frac3_PEP0210_2","SYN0059","GENE0059",4,NA,977472.1,625421.6,567123.1,785859.6,NA,NA,NA,NA,NA,NA,998786,694146.9,1035525.7,911179.4,NA,NA,NA,1624522.4,NA,388434,NA,474247.9,561041.9,884839.6,1967513,1137192.8,NA,1417298.4,NA
"Frac3_PEP0211_2","SYN0095","GENE0095",3,95363.5,91320.3,78024.2,121542,73647.9,109160.3,108950.1,195820.1,147523.4,134957,86170,105782.8,81086,82206.1,94444.2,261527.4,238135,153801.8,242594,361584,163043.3,225821,205131.3,226028.8,NA,303268.4,255604.4,274979.9,249264.3,343642.2
"Frac3_PEP0212_2","SYN0033","GENE0033",2,471276.8,716066.4,431173.8,629234.5,854401.9,676363.7,490865.7,640779.5,395836.9,NA,736656.6,428069.9,510497.4,615527.3,506734.1,1500349.8,2805232.9,2092966.2,3469552,3850207.8,3449340.7,2879527.1,1812569.7,2617735.5,3702604.2,2344543.7,2137973.2,2392580.3,2209326.3,2700128
"Frac3_PEP0213_2","SYN0011","GENE0011",4,NA,1040840.8,953628,2479942.8,NA,744841.6,1191772.1,NA,NA,785340.3,1304794.2,1050839.5,NA,939873.8,1083227.1,561785.1,666406.6,525055.3,916352.9,1242690.2,669774.2,550657,572138.6,465927.4,NA,710115.1,507382,879297.5,724634,505774.1
"Frac3_PEP0214_2","SYN0079","GENE0079",2,3789789.5,2298218.2,1577745.7,2486036.7,2155990,4609833.5,3668746.6,2803927.4,1889580,2370936.4,2270342.9,1576637.5,1769815.3,2150415.6,2988784.4,3825904.2,3949057.9,4046639.4,4786058,5646443.2,4244799.3,4391510.4,5807898.7,4547686.7,6710213.6,6017342,3245245.8,4250186.6,3527060,5122610.9
"Frac3_PEP0215_2","SYN0128","GENE0128",3,668575.8,913915.6,869763.9,918583.1,853792.3,946845,674100.9,730518.2,797225.6,747600.8,624976.3,965243.8,1029579.1,750738.6,912680.2,1331517.6,NA,1000527.7,575230.3,904885.9,905779.7,944931.3,958633.8,1000153.3,785836.4,964073.7,1147984.8,1103879.1,997502.1,774762.8
"Frac3_PEP0216_2","SYN0108","GENE0108",2,11639224,6388681.5,10418244.4,NA,10907538.1,8461460.7,7515475.4,17450549.1,12041474.9,10064971.2,16707669.6,NA,15932227,8125007.4,NA,30407859.2,17643899.3,32881198.7,30420967.2,21229599.8,21711221.5,16380222.6,34338887.1,22385150.6,30431472.7,23625257.6,26585233.2,16286060.2,30133636.1,33906849.1
"Frac3_PEP0217_2","SYN0034","GENE0034",2,7175778.6,7920989.7,7685954.8,8837524.8,9770919.7,7083661.7,5966025.7,6051195.9,6477641.4,5604570,14387944.1,10534294.6,NA,9832374.4,9132710.8,6552727.1,NA,7780993.3,6789052.4,6818057.2,8724735.9,19083330.3,13287061.5,12792473.7,17745511.1,6401763.5,7638819,11340267.3,7052054.9,8369346.4
"Frac3_PEP0218_2","SYN0127","GENE0127",2,173588.6,114486.7,NA,91739.4,81257.7,NA,91268.2,99073.8,126621.3,157227,121169.6,108545.5,106400.5,128934,137155.8,73537.3,101853.4,84847.7,70711.6,82410.6,93450.8,114593.2,87955.6,72470.2,116474.6,44598.4,77109.2,69901.3,81879,90754.8
"Frac3_PEP0219_2","SYN0046","GENE0046",2,1989668.6,4209778.6,3932637.3,3319539.9,3232909.3,2913731.4,3177402.2,4091643.7,2999339.1,NA,3694358.7,3326461.8,2508011,4022229.8,3024107.9,2216886.6,2958628.4,NA,2980877.1,3023144,2789419.8,2340637.1,3835356.9,3249102.9,2530783.9,2748045.2,3518387.8,NA,2864180.6,NA
"Frac3_PEP0220_2","SYN0094","GENE0094",2,122331.8,114435.6,73710.2,126407.4,124684.5,NA,140932.2,NA,NA,146512.1,139857.6,102998.2,120646.7,135384.9,110755.1,466472.8,NA,NA,637007.5,NA,416033.2,314752,207598.6,422604.7,284951.6,NA,588242.9,NA,NA,NA
"Frac3_PEP0221_2","SYN0009","GENE0009",2,NA,2150288.8,3170106.6,NA,2204805.4,1994434,2492464.6,3006706.1,NA,1515370.9,2429026.8,2351760.8,2639521.8,2737124.9,NA,3828767.8,4988827.2,3244830.9,NA,NA,4298693.6,4081088.6,2305107,4248286.8,3437659.3,3482381.7,3031600.1,2233078.1,2692701,2747280.4
"Frac3_PEP0222_2","SYN0090","GENE0090",3,3476296.7,3233924,1492754.1,2724884,2963806,2285407.5,2336968.8,2618526.8,1435553,1685068.9,2134886.3,2218966.9,2282570.9,2329809.4,2245003.2,2729950.1,2662079.2,4418253.4,4489157.5,2379749.5,3489575.1,2646783.6,4283324.9,3127833.1,2262021.4,1869865.9,2487600.6,3211171,4295908.8,4482972.3
"Frac3_PEP0223_2","SYN0105","GENE0105",2,104055.9,106776.6,NA,137513.6,120707.9,19853,35413.1,24308.9,35114.7,34366.3,92555,93805.9,86573.5,134689.1,164560.3,20374.4,21906.1,15513.6,17372.4,21546.6,82383.3,59701.8,48953.5,54608.3,41596.7,13764.1,19709.5,17930,13775.3,21694.1
"Frac3_PEP0224_2","SYN0041","GENE0041",2,6701188.5,5307960.8,6095959.7,10327772.1,5630984.2,NA,NA,6349501.2,NA,6407056.8,5668059.1,6506285.2,NA,NA,NA,NA,NA,3751432.6,NA,NA,8417435.1,4315335.7,4867223.7,7722479.5,6200441.1,NA,NA,NA,NA,NA
"Frac3_PEP0225_2","SYN0046","GENE0046",3,140818.7,58462.6,77642,101114.9,44667.3,98455.2,54593.9,116626.9,85258.4,93008.7,105767.7,99586.7,43829.1,82471.8,47522.4,139013,173465.4,111261.5,122089.3,106167.8,167116,111015.4,NA,224094.7,136821.1,208348.1,146118.7,169487.3,98481.2,117904.5
"Frac3_PEP0226_2","SYN0001","GENE0001",4,10764523.4,7860429.6,9321316.1,9113828.7,6682902.8,NA,8447882.1,17450107.3,NA,9472525.2,9100572.5,9938548.8,8439309.2,8497195,5434876.2,6549735.8,7504532.3,5041765.5,7948492.4,4632116.1,4575293.9,4925018.9,8128054.6,4078976.6,4722681.9,3902813.5,4644104,3822146.6,4068578.8,4464985.9
"Frac3_PEP0227_2","SYN0078","GENE0078",3,1384608.6,NA,1362347.8,1887115,NA,905046.7,NA,NA,NA,NA,1240147.6,1612910,1287315.4,1115105.1,1013907.9,574731.9,NA,1013897.8,NA,481147.5,697541.2,1168939.8,649880.3,550778.3,669611.3,NA,672535,NA,1217217.9,703719.4
"Frac3_PEP0228_2","SYN0114","GENE0114",4,459398.4,431082.2,655590.4,652404.5,641356.7,NA,833362.3,NA,2127721.3,NA,509142.4,730399.9,446585.5,497672.9,479913.2,823485.4,809126.2,NA,NA,1044092.8,510661.2,294528.7,322682.9,393004,374692.7,NA,NA,NA,NA,NA
"Frac3_PEP0229_2","SYN0089","GENE0089",2,55840.5,58996.6,42909.4,63254.5,NA,90452,95130.7,NA,90076.3,NA,85130.2,105101.2,85827.2,66538.7,101241,NA,115413.9,NA,155047.7,NA,121808.6,194565.6,152959.6,141083.8,169381.7,NA,108231.5,NA,NA,NA
"Frac3_PEP0230_2","SYN0040","GENE0040",3,7559725.4,8358321.3,12300908.7,10852931,6736180.5,8395905.1,6017824.2,6609943.4,13458527.4,7975734.1,6542939.6,10288048.3,8634506.2,9495438.7,9536544.8,11126916.8,8171926.2,9009342.8,15373344.4,8334177,14370222.2,17147035.2,NA,13329054.2,14626865.8,6891361,8730848.6,7606090.8,NA,11056961.4
"Frac3_PEP0231_2","SYN0005","GENE0005",4,104793.7,118635.7,151728.4,105699.5,101881.5,103270,147062.6,77892.3,87664.6,114343.6,101107.5,99641,155096.5,107811.6,91808.6,50811.6,78889,92637.7,81204.9,109369.6,73607.2,148056.7,57540.1,83768.8,45318.2,75631.2,73923.2,39649.8,68347,83255.8
"Frac3_PEP0232_2","SYN0036","GENE0036",3,370671.1,232099.7,295674.2,349941,329454.7,NA,NA,NA,NA,NA,346570.7,297766.6,353857.3,288896.5,359365.2,NA,NA,NA,NA,271245.5,238495.8,314734.9,420304.5,NA,202971.9,257647,311080.1,NA,330359.3,430873.9
"Frac3_PEP0233_2","SYN0094","GENE0094",2,917233.3,NA,754190.5,999230,NA,NA,NA,786337.4,1106718.2,900539.1,842001.2,825424.8,NA,961364.8,888086.4,365774.5,416333.5,419265.9,243985.1,462009.9,475397.9,588798.3,256045.5,351881.9,350224.1,420151.4,342439.7,428659.2,NA,367555.5
"Frac3_PEP0234_2","SYN0026","GENE0026",4,2417812.2,2810599.4,2889040.1,3375178.4,3213449.8,3569340,2655348.9,3340094.9,2654820.9,3881409.8,1998075.8,3374336.7,4034557.5,3583865.3,2438387.8,NA,1124585.2,1767740.9,1253723.4,1938533.7,1622712.4,1955602.9,1403724.4,1868299.4,1482869.2,1277277,1724446,1668341.7,1491073.8,1625405.1
"Frac3_PEP0235_2","SYN0077","GENE0077",3,478010,366367.2,587233.8,500115.8,567125.8,459813.7,361560.2,580009,496548.9,454823.3,344724.5,NA,435251.7,395905.2,447861.1,274824.6,410284.4,433486.3,454583.5,471960.2,292636.9,604514.8,374083.6,277006.8,354882,239449.6,299712.1,319574.1,268793.4,253143.6
"Frac3_PEP0236_2","SYN0052","GENE0052",3,4235324,3627580.8,2813635.5,3343436.7,5998684.3,4003818.6,7118754.2,5152283.7,3641679.3,5314947.4,7386743.8,2725439.9,5620247,3893920.9,2988266.1,9002431.6,12998027.2,13840936.6,10380518.2,12582480.9,10566857.7,18213473.3,16322189.6,10658204,10378598.8,16694763.3,12547429.3,9274826.9,13540186.9,13790308.1
"Frac3_PEP0237_2","SYN0128","GENE0128",3,853417.6,1619925,1633860.7,1190257.2,1446783.3,NA,NA,954482.3,NA,NA,982739.2,923402,1114450.7,831445.7,948596.2,NA,NA,NA,1926538.7,NA,NA,4094988.7,3506873.2,3391042.5,3771518.8,NA,NA,NA,1621461.4,2628670.3
"Frac3_PEP0238_2","SYN0054","GENE0054",3,17971420.2,12333478.8,9845177.3,9580502.2,10077223.1,10498812.6,12966181,9753491.4,15193274.5,8734838.5,11864820.5,15155512.1,15882017.4,19124502.4,10619138.5,11371471.1,8329692.8,9791569.8,7079149,10754844.6,10053676.5,9052469.4,8589971.7,8927729.2,6910064.5,10053494.1,10067543.8,8774558.6,7719694.1,10309885.1
"Frac3_PEP0239_2","SYN0015","GENE0015",2,297419.4,210630.7,182529.4,239175.4,184108.1,NA,NA,NA,NA,257195.6,212004.9,274073.1,210726.4,209835.2,210366.9,330767.6,NA,202194.4,NA,297491.3,241763.1,138736.2,246936.3,353442.2,340668.8,NA,NA,NA,NA,NA
"Frac3_PEP0240_2","SYN0104","GENE0104",2,225749.2,160031.9,224664.9,222558.3,197444.6,NA,218718.2,NA,NA,NA,263197,325497.8,251689.8,168766.7,194117.2,400479.9,NA,519966.1,521833.2,479079.4,422305.3,454416.9,NA,446534.6,362170.6,NA,NA,548863,NA,NA
"Frac3_PEP0241_2","SYN0109","GENE0109",3,309137.9,442881.2,334864.3,338541.6,357757.2,356224.9,313942.5,258972.6,242131,301189.8,477691,343437.5,220182.7,222785.7,308605.1,323373.6,378803.3,489062.7,263302.3,414972.9,605810.5,491760,321936.7,538774.6,348562.1,351981,NA,248174.9,780341.1,298813.2
"Frac3_PEP0242_2","SYN0128","GENE0128",3,5354135,7237966.9,9111709.7,4377813.9,6048668.3,25902710.2,34087929.9,21903953.7,30067444.2,20883808.8,6856579,5558960.6,5654979.8,6714054.1,6622956.7,5020113.1,13305889.1,10606353.8,9279255.7,12630625.6,2304944.1,2752396,3184460,1991647.1,2020268.6,6973585.7,12256099,11910572.1,8644177.2,7727118.6
"Frac3_PEP0243_2","SYN0036","GENE0036",4,854093.9,585175.7,NA,711674.5,567571.1,NA,381080.3,594501.6,NA,NA,399268.6,812958.2,NA,510224.3,NA,NA,735184.5,NA,NA,NA,644257,1203802,1243180.4,NA,752864.5,925822.4,NA,1109297.5,1697894.1,NA
"Frac3_PEP0244_2","SYN0027","GENE0027",2,357108.9,276252.1,229654.6,540247.9,306904.1,NA,NA,321424.2,NA,240169.9,232685.1,317935.8,331318.6,227116.9,317238,343104.8,379011,313320.1,NA,NA,360088.7,248386.4,401626.5,543576.2,316859.6,NA,NA,NA,NA,NA
"Frac3_PEP0245_2","SYN0126","GENE0126",2,1154121.5,1659915.1,2458630.1,1320179,1565549.1,857664.1,1363294.5,940142.8,1419011.5,1646900.6,1142345.4,1842822.8,NA,1920752.7,957905.8,650468.3,579227.8,900660.4,588687,539753.9,692589.7,675894.1,641140.2,943282.1,592312.8,713393.8,492727.1,552896.6,603916.2,623646.3
"Frac3_PEP0246_2","SYN0014","GENE0014",3,5373580.1,5365692.9,4115986.9,6339112.1,2191140.9,2363053.4,3289860,3949768.3,4707990.3,5093346.3,4569423,3226805.9,2876738.1,2229236.2,4417465.7,1880564.9,1493150.3,3119955.3,2230312.5,2260141.2,2240459.1,2054040.2,1514409.4,1630735.4,2472989.3,2450062.9,1400319.1,1585812.6,2365951.1,1678490.3
"Frac3_PEP0247_2","SYN0059","GENE0059",4,4822893.8,1769309.6,NA,3666191.1,2342265.2,3292519.6,3259035.8,3483754.5,2771208.5,2814091.9,3758571.9,1768935.2,5282359.8,NA,3279335.4,1652780,NA,1772866.2,NA,1046511.4,1742640.6,1467061.2,2770295.7,NA,1763747.7,1803910.3,2106816.5,1397016.9,1755605.7,1637502.8
"Frac3_PEP0248_2","SYN0061","GENE0061",3,1245647.2,1162997.5,1001722.9,1389600.2,574840.8,925833.4,875324.9,980285.1,1002175.2,1041019,927920.4,961858.8,803728.2,800222.4,898375.4,795046.7,1009599.6,855101.7,741484.8,800616.6,649913.5,1127408.6,877082.3,602366.3,943921.1,888767.5,1207657.1,1127885.5,602021.9,863337.9
"Frac3_PEP0249_2","SYN0006","GENE0006",4,153935.1,135143.3,142110.7,162034.1,98806.4,153895.5,148217.2,173928.1,124561,150051.4,191842.2,174743,176918.1,90612.1,135349.7,147034.8,146221.7,134551.8,107449.6,135731.8,121966.7,208454.7,140127.8,125683.9,167768.8,163595.8,147266.1,109600.6,165790.9,146353.4
"Frac3_PEP0250_2","SYN0017","GENE0017",3,483098.7,499254.4,486746.6,507203.1,449504.5,433195.2,409687.9,311097.9,336181.4,349523,308628.4,450646.7,403819,421828.5,667009.8,116562.3,146501.2,146264.4,171086.3,102417.8,172142.8,249871.5,205778.4,179899.2,108540.5,170037.1,84795,243909.1,73112.9,133862
"Frac3_PEP0251_2","SYN0063","GENE0063",3,4462962.3,4661248,NA,4459741.4,9403416.3,NA,NA,NA,NA,6482924,5051279.4,4006457.8,5615216.9,4286759.7,2623838.3,3335327.6,NA,3137965.9,4166344.2,NA,5324255.9,3266959.5,4223452.3,3020280.4,3221191.9,NA,3551056.5,NA,NA,NA
"Frac3_PEP0252_2","SYN0127","GENE0127",4,308146.1,257565.3,224833.4,287097.4,191607,277300,362203.4,NA,NA,NA,255216.8,231452.4,191273.3,252450.8,330224.4,305039.5,524258.1,421337.6,NA,378587.8,NA,292649.2,235860,257551.6,303720.8,NA,307869.1,258299.1,343186,401865.7
"Frac3_PEP0253_2","SYN0078","GENE0078",2,3198419.4,4536345.8,2388282.5,3082745.3,2442133,2852788.1,7170024.1,7096871.8,5273009.1,2824378.4,3470728.4,3177109.1,3825047.6,2213525,1955999.4,1417480.9,1218905.8,1066028.2,1816822.8,1082771.3,713310.6,1656441.6,747884.6,583604.3,1575882.7,1426740.9,2245707.9,1305468.5,1089443.1,1243113.3
"Frac3_PEP0254_2","SYN0065","GENE0065",4,984911.5,NA,947850.4,871686.3,NA,901692.4,1718719,1832718.2,1091668.9,1234335.7,1140317.8,1244328.4,NA,NA,1133953.1,1440848.6,3045647.8,2463870.3,2206997.2,2328776.6,NA,2556308.6,NA,NA,NA,989846.2,2236220.2,2736722.3,1583630.1,3245320.3
"Frac3_PEP0255_2","SYN0016","GENE0016",4,248435.2,304206.3,270642.9,285718.1,214449.1,249850.7,213336.2,180140.2,235664.9,277245.3,343130.3,230203,284861.7,261289.4,291426.6,122361.6,212014.6,121428.5,109424.9,154564.8,NA,122583,124245.2,176155.1,183715.6,153663.4,142392.5,143468.9,233961.6,171820.3
"Frac3_PEP0256_2","SYN0018","GENE0018",3,12235979.7,5957881.2,5712417.8,6066730.9,12588749.6,15776721.3,14279577.6,25686574.6,12799407,20499660.2,6817717.2,12921578.4,16375647.2,8988682.7,4283469.8,19409844.1,20741538.7,20332903.4,16436844.4,12098900.3,6273520.5,7017939.6,9552053.3,7187462.6,7831107.1,15580482.2,18628205.9,17038627.5,20315563.1,15560296.3
"Frac3_PEP0257_2","SYN0032","GENE0032",3,361007,489508.5,392664.6,627895.8,356262,859771.2,681803.1,541995.9,726127.1,1052133.1,344541.3,535810,NA,418478.9,442871,785425.7,749355.6,647492.2,668914,749174.9,391646.3,475800.5,NA,422286.6,413112,648336.5,882595.5,630855.5,819545.4,740845.8
"Frac3_PEP0258_2","SYN0045","GENE0045",4,16642021,17021565.2,14031945.5,11068527.2,15255392.2,NA,2438515.8,NA,NA,1714386.7,13012545.4,13328836.7,11520827.7,17018408.9,19154926.7,3912576.2,NA,NA,NA,NA,19149891.4,21584989.4,12420952.1,25890473.8,17630102,2454839.8,NA,NA,NA,2721121.3
"Frac3_PEP0259_2","SYN0127","GENE0127",3,149633.8,250479.2,212759.6,350089,189883.4,288498,276557.8,243600.3,290273.2,271009,312145.7,303191.2,252171.8,400002.4,183480.1,NA,229009.4,NA,279260,294603.9,165003.7,183044.8,225988.1,330871.6,204390,NA,NA,231655.2,NA,NA
"Frac3_PEP0260_2","SYN0027","GENE0027",4,445083.8,366072.7,500250.9,306181.9,387032.2,354958.5,373068.2,261004.2,401071.9,435167.2,250032.6,324400.6,493879,431794.4,533703.2,340985.5,501087.9,336578.3,313252.7,472945.2,714681.9,408990.3,398476.6,474686.8,519144.3,355222,656673.1,409696.5,371242.2,493882.4
"Frac3_PEP0261_2","SYN0107","GENE0107",2,1876949.4,3347173.2,3450924.2,3097155.9,4150625.5,2452334.3,3016593.5,2035124.8,3041498.7,2402060.8,3290353.7,3382409.2,3147967.1,3054478.4,3407507.7,2419126.4,2478887.2,2648186.7,2635866.6,3200115.5,1920497.4,2221072.8,4622445.2,2543622.3,1783074,3723493.4,2683998.4,2178556.6,NA,3066652.7
"Frac3_PEP0262_2","SYN0002","GENE0002",4,1882632.9,1704371.8,1279466.7,1654176,1218549,2283997.5,2616735.9,NA,2841253.8,2492875.9,1414999.1,1640200,1564163.7,NA,1412721.1,2318569.3,2673744.9,NA,1896235.5,3574819.7,1342103,1462366.3,1809867.2,1459664.6,1021128.4,1962604.6,3238802.8,2929099.2,NA,2337167.7
"Frac3_PEP0263_2","SYN0096","GENE0096",2,933989.5,916343.4,807234.7,1017955.4,633532.7,NA,NA,639340.1,929341.4,1282370.9,758984.3,1140703.1,942144,783569.8,1112563.2,NA,426865.6,NA,458511.7,433763.2,369524.3,488738.4,652991.4,399396.3,530909,NA,NA,NA,NA,432351.6
"Frac3_PEP0264_2","SYN0090","GENE0090",2,1827330.1,1429235.2,1508506.4,1009948.9,1776604.5,800147.8,354391.8,982675.5,NA,651785.1,1952668.5,1305306.8,2350228.2,NA,1677363.5,524510.4,410025.2,523879.2,657502.1,708876.2,1578814.6,837143.2,750925.7,815811.1,1839647.5,429232.9,296057,355261.4,472877.7,472514.8
"Frac3_PEP0265_2","SYN0125","GENE0125",4,1132455.8,1533400.1,801879.2,1517359.3,812785.9,1323651.1,1028322.5,1016991.7,1275049.9,1497862.5,1235231.4,1067801.4,845788.3,1195944.6,1499351.9,958889,1154262.9,1104596.6,1132744.1,1389998.6,1551476,1392911.6,1287436.5,1096685.3,1086123,897514.8,1165809.9,1214476.2,NA,1006651.6
"Frac3_PEP0266_2","SYN0041","GENE0041",4,1511169.1,NA,1701049.5,1334303.5,2237500.8,1001590.2,2755666.5,2113231.1,1503787.3,1059935.5,2559984.2,1822954.7,2398009.4,NA,2759593.2,6642456.4,NA,NA,5097480.8,5731751.4,NA,NA,NA,NA,4629305.6,NA,NA,8185673.1,5915085.8,7034404.4
"Frac3_PEP0267_2","SYN0073","GENE0073",4,713365.9,538854.1,503146.6,513287.6,NA,451597.1,NA,615195.3,711935.8,897896.2,657060.6,1088937.2,NA,548742,653700.6,247928.1,300834.5,336280.5,255140.8,NA,400590.9,NA,217970.7,299244.5,NA,294867.9,399342.1,224517.1,287772.5,175997.5
"Frac3_PEP0268_2","SYN0026","GENE0026",3,2871086.4,2752922.5,3946837,3223276,2894330.3,NA,NA,899337,NA,NA,2852392.6,3042134.4,2946325.1,2183488,4082995.9,NA,NA,1434054.3,1424287.8,NA,4326379.1,2977299,2328276.1,5085341.5,NA,NA,1460717,NA,2091483.3,NA
"Frac3_PEP0269_2","SYN0083","GENE0083",2,17865415.9,18469909.5,13122154.5,20025620.4,13059958.2,NA,NA,NA,10437530,NA,12033857.3,10000865.2,15680244.7,6151128.2,11280765.8,NA,19025760.6,NA,18544213.3,18522375.7,NA,15372564.6,24451380.2,23164038.5,21641235.6,NA,NA,NA,NA,18105742.8
"Frac3_PEP0270_2","SYN0095","GENE0095",2,4220680.4,2996869.4,4016790.1,3249536.2,3061423.3,3128970.2,4302996.4,4964255.3,3593470.1,3098896.4,2531310.2,2839800.3,4358514.9,4542749.8,4224761.9,2212311.6,3281385.9,2647725.4,4379561.6,3209546.6,3348881.6,2887241.7,2119032.8,2912513.5,4116094.2,NA,2821577.5,3128312.7,1934850,2767381.7
"Frac3_PEP0271_2","SYN0020","GENE0020",3,92625.2,93292.8,75095.3,103879,75684.2,72689.3,84090,84878.1,94141.5,82342,112682,82963,122548,90577.5,69749.2,62111.7,47241.3,50968.9,43736.2,41984.9,60277.6,61669.5,59761.7,72175.5,43847.3,51450.3,42664,77668.9,37670.8,79026.3
"Frac3_PEP0272_2","SYN0036","GENE0036",2,474488,423845.4,312776.9,532218.4,370735.3,500524.5,NA,NA,NA,NA,450953.1,848689.5,414109,383091.8,419697.2,NA,NA,NA,NA,NA,115092.2,188815.8,243261.4,179668.3,143101.9,NA,NA,NA,102124.3,NA
"Frac3_PEP0273_2","SYN0012","GENE0012",4,833667.8,520136.9,609624.6,523866.5,727816.1,669035.1,970872.4,NA,NA,642621.3,625507,516264.5,NA,631295.2,NA,2141826.9,NA,1474097.8,2587809.6,NA,1371481.1,1689777.3,6399745.7,NA,3297179.7,NA,2943845.4,1849382.2,NA,2068590.9
"Frac3_PEP0274_2","SYN0129","GENE0129",2,1328974.5,1572211.8,2028255.9,1857254.2,1694547.8,NA,1754544.6,NA,NA,NA,2162148.3,2569376.9,1682536.2,2020528.1,2607809.8,NA,NA,NA,2721177.6,NA,1858266.1,1826784.1,2494841.6,2955727.1,1937072.7,2120102,NA,NA,2577679.6,NA
"Frac3_PEP0275_2","SYN0061","GENE0061",2,288631.6,248923.5,NA,190802.5,166628.9,NA,173863.6,NA,192165.7,257722,297726,304799.4,264411.2,NA,208257.9,NA,119738.1,89389.7,NA,125478.8,123023.2,101831.3,80997.8,66117.3,132612.3,56006.5,88894.9,76118.7,77954.7,NA
"Frac3_PEP0276_2","SYN0031","GENE0031",2,5385068.7,3982575.1,5943139.1,4062973.8,5138707.8,5150666.6,3596920.3,3178676.3,4807564.6,2954317,5714037.5,4363667.4,3439231.2,5600130.5,NA,12021681.5,13003602.5,9295102.8,12413472.5,6322100.5,8907712.5,6045911,7655894.6,11022998.3,10154546.3,11211771.3,7452592.3,9241672.4,11933103.9,NA
"Frac3_PEP0277_2","SYN0127","GENE0127",3,1486106.6,NA,2071919.7,2669771.2,NA,NA,NA,NA,2519204.7,1743298.1,NA,1693366,1538683.7,1669822.2,863981,732723.1,634554.3,669114.1,1106784.2,1214687.9,NA,987564.8,NA,575271.5,994904.8,833736.8,NA,NA,950011.6,NA
"Frac3_PEP0278_2","SYN0017","GENE0017",2,1975629.5,2071259,1656633.8,1319786.4,1898341.8,2947463.3,2460651.6,1681175.4,1545546.2,1669767.8,2472131.5,3040509.7,1682655.1,1971757.1,1700099.4,1727652.7,1059790.1,2071129.5,2111490,2211392.7,1708556.2,1766179.1,1557525.8,1762020.2,2245810.3,1687042.9,1595290,1690508.7,1617479.5,1157195.4
"Frac3_PEP0279_2","SYN0057","GENE0057",2,6372645.5,6225514.8,6959435.8,7478304.9,7381063.5,4877440.4,NA,4187906.2,4430676.2,NA,7254001.3,13353585.2,8711360.5,8007319.9,6364916.5,4837629.6,NA,NA,NA,NA,13887230.8,6156917.3,10068951.5,6744840.9,6940863.7,6816319.5,NA,NA,NA,NA
"Frac3_PEP0280_2","SYN0111","GENE0111",3,449207.3,604477,471564.4,710519.8,664071,445489.4,560141,1194424.6,390709.8,513309.1,1085280.7,737243.3,696534.7,576905.6,380119.8,281021.4,288008.1,NA,163640.7,298927.6,143608.9,247135.9,297105.8,223129,229630.9,281488.8,188801.6,414549.3,279144.8,258345.2
"Frac3_PEP0281_2","SYN0098","GENE0098",2,3953289,3159969.4,4088540.9,3590790.2,2885119.5,5135667.5,2693279.9,4394730.6,5132524.7,3723109.1,3105913,3198716,4907888.8,2556447.5,2549032.4,4742153.4,4264996.5,4081191.4,4274374.6,4626777.8,3935870,5380058.1,8389077.5,4783928.5,3560828.2,5904753.6,4036219.9,6864863.5,3340517,4180254.3
"Frac3_PEP0282_2","SYN0030","GENE0030",3,532982.8,NA,548576.3,661164.2,495135,475965.1,818564,NA,NA,668592.1,702283.9,395953.6,NA,1081823.5,NA,NA,589864.5,509487.2,352595.1,537861.9,422008.6,479783.8,410851.3,521135.6,274939.5,479376.5,380716,574918.1,526693.9,NA
"Frac3_PEP0283_2","SYN0129","GENE0129",2,227570.5,121341.7,178122.1,130500.9,135811.1,120468.8,149437.8,160379.2,320246.3,183206.4,127549.9,152322.3,139823.8,178444.8,153071.5,83292.2,115771.4,99664.4,85565.6,69986.8,92796.4,105265.2,114966,69581.4,85830.8,115973.2,107745,100676.6,72882.1,96901.9
"Frac3_PEP0284_2","SYN0020","GENE0020",4,830175.8,736592.6,674148.6,1203434.5,712025,750319.3,828880.8,740170.7,954481.6,609096.2,778112.6,640465.6,403674.3,647171.9,981172.2,558833.6,686808.1,592938.5,359705.2,369487.5,411571.1,NA,542761.3,591518.8,538287.9,598173.8,482330.4,557860.4,496383.8,419727.2
"Frac3_PEP0285_2","SYN0128","GENE0128",3,785316.8,768613.4,633022.8,NA,807349.8,787185.2,935828,696995.8,698639.8,754853.3,532773.5,595350.2,600674.4,645614.5,499733.8,1696708.7,1563687.4,1063422.7,983448.2,1503770.2,1553748.1,1144026.6,1745122.2,1478533.3,1192012.5,1067469.3,741658.1,NA,1474752.3,760348.4
"Frac3_PEP0286_2","SYN0053","GENE0053",2,774649.6,863609.3,586752.4,946354.7,1164999.8,759603.6,1007815.2,904939.9,1258410.8,857712.7,891197,903392.1,525021.2,684117.6,1094630,1853075.5,1699131.1,2123476.1,NA,1661350,870415.2,1987599.5,2132261.7,1759210.5,1466198,1983475.5,2062471.8,2640771.8,2526412.4,1648810.5
"Frac3_PEP0287_2","SYN0080","GENE0080",3,10465845.5,9643254.1,12319995.5,12101647.4,11049473.7,NA,NA,NA,23787209.4,NA,15575657.5,7428393.1,10780482.2,7299488.2,9557492.2,NA,NA,52749209.8,64713917.9,29638601.9,36953394.4,26315403.1,24533784.3,33913405.6,23225701.1,51031053,56804867.2,NA,NA,56536647.3
"Frac3_PEP0288_2","SYN0125","GENE0125",3,1634275.5,1004602.6,1109628.4,933819.2,876607.2,1481038.7,929127.6,1126139.3,1028119.3,1101540.2,1630462,1495568.8,845491.2,1149811.9,1119925.5,1905176.4,1309729.4,2015551.1,1918849.6,1938506.8,2179993.3,1510363.2,1278658.2,1254744.5,2460466.1,2300820.3,1520242,1459100.3,2063260.8,1520319.9
"Frac3_PEP0289_2","SYN0059","GENE0059",2,540605.5,867593.6,687020.9,1049958.5,941101.5,655050.8,673502.4,751090,783790.9,624827.2,823874.7,534648.6,543206.9,488471.5,651313.1,1317840.4,846576.2,1065528.6,1291107,794482.2,853998.1,1388400.7,873414.4,583678.2,841870.8,1074813.8,1192029,909593.3,941100.8,1078477.5
"Frac3_PEP0290_2","SYN0078","GENE0078",4,334707.8,242150.9,303692.6,298069.6,238451.2,251965.3,576043.9,602240.9,NA,397636.7,283250.9,311064,225289.2,245975,NA,401530.2,480053.3,241355.2,341504.6,768323.7,233428.8,294287.4,181847.3,274093.7,220173.8,384923.6,353385,332985.7,331203,459770.1
"Frac3_PEP0291_2","SYN0022","GENE0022",2,4452239,4883692.6,4347247.7,4753534.7,7373515.8,NA,NA,2954331.7,2437406.9,2850060.6,4900310.4,4973914.1,NA,3348540.3,3772514.6,2413354,NA,3157386.9,2973393.6,2630333.4,2347827.8,4057560.9,2607915.7,2229564.3,3536566,2262974.5,1942635.9,NA,NA,2307548.7
"Frac3_PEP0292_2","SYN0117","GENE0117",2,2099451.8,2044249.2,NA,2786313.2,2780655.2,NA,NA,2824611.6,NA,NA,1138939.4,2796819.8,2641870.7,2162089.7,1695713.3,5433050.8,5477278.8,NA,NA,NA,7544505.4,4973912.6,4285672.9,4455010.4,3163908,4622101,NA,4177845.2,4057797.4,NA
"Frac3_PEP0293_2","SYN0010","GENE0010",4,252482.2,187828.9,321050.9,NA,204347.8,181281.1,239561.7,103026.4,160453.8,195983.3,211861.1,217037.7,268081.7,150074.8,214189.9,68536.6,74117.9,72113.3,54565,81659.5,113720.9,82375.6,82342.5,100846.2,90705.3,52464.8,105809.8,73915.6,52553.4,63123.2
"Frac3_PEP0294_2","SYN0034","GENE0034",4,NA,NA,NA,241855.2,NA,NA,178402.9,NA,279322,NA,NA,NA,186042.1,179430.4,159700.6,110599.7,189246.7,152792.7,NA,108770.5,154376.3,NA,135003.8,212314.7,133536.3,86346.8,NA,NA,106717.9,117071.9
"Frac3_PEP0295_2","SYN0088","GENE0088",3,51484.7,57623.3,NA,NA,NA,72020.9,NA,68490.7,NA,NA,56354.8,78588.9,NA,63975.9,57512.7,73977.9,110143.5,40857.4,67068.6,89504.2,74777.2,68162.2,81923.5,60410.7,70904.5,88095.4,74860.2,68891.8,86836.5,59725
"Frac3_PEP0296_2","SYN0083","GENE0083",3,NA,NA,978679.4,1382277.2,705074.6,NA,1158965.4,NA,1348613.7,971763.7,1315351.1,993133.9,NA,NA,1213732.4,NA,NA,372370.2,NA,NA,NA,500484.8,406154.2,NA,486943.1,388499.7,NA,457056.5,NA,333179.5
"Frac3_PEP0297_2","SYN0086","GENE0086",2,909746.1,846970.8,1128200.9,1249974.8,974944,689523.2,953729.7,949961.4,884771.4,1030627.3,1139016.2,1294859.7,817634,984564.6,NA,432892.1,398173.1,311894.9,NA,526709.5,451246.5,268389,433846,537399.6,518174.4,241528.9,307469.1,434521.7,377131.4,361585.3
"Frac3_PEP0298_2","SYN0043","GENE0043",3,6560558.9,3593438.9,4423403.5,7129776.4,6014933.9,NA,NA,NA,NA,NA,4982145.7,5414006.6,5857306.8,4079721.3,7112106.5,NA,7899567.4,NA,11482615.4,NA,8393417.3,6620782.5,5722893.8,6451725.4,9672953.7,20281024.6,5665015.9,NA,6489611.6,7742610.8
"Frac3_PEP0299_2","SYN0112","GENE0112",2,652200.1,723628.1,860013.6,437756.2,NA,689837.3,412759.7,1243205.3,661334.7,693622.1,523292.3,718584.6,500961.3,517408.6,509610.2,2889744.2,NA,2772819.7,2253597.8,2403581.7,2212462.7,2277755.2,3848001.5,2429144.5,3467049.3,1456375.1,3463614.5,2669597.8,3332889.8,2175294.8
"Frac3_PEP0300_2","SYN0036","GENE0036",2,1952264,1769271.8,2013749,2338765.1,2263083.7,2154843.6,1336381.7,2395523.8,982352.5,1848872.1,2426672.3,1525968.8,1627113.5,1753778.4,1707111.5,785639.4,538545,412347.5,NA,1049500,659618,592173.2,501590.7,466494.6,465523,711249.1,552188.7,562420.9,719146.5,699555.7
"Frac3_PEP0301_2","SYN0019","GENE0019",2,202467.9,230256.6,NA,146631.4,218697.2,544733.7,462267,607914.2,706117.4,546045.3,200506.6,324884.1,158101,283653.9,133122.4,1977218.1,2821202.6,NA,2902914.6,3708446.6,NA,1212913.4,NA,NA,955326.5,3945262.1,2989647,4252001.5,1719168.4,2263987
"Frac3_PEP0302_2","SYN0044","GENE0044",4,1126289.4,1523160.5,1271179.7,2481548.4,1597162.1,1508520.9,1603475.9,1639743.3,1519522.8,941090.7,1061178.4,1039573.2,1335844.1,1781424.5,1356898.7,1358247.1,1335673.9,1203790.9,1082892.1,827569.7,1304830.7,1071806.8,1200269,1262467.9,1099956.9,850356.5,1112701.3,1356211,977981.3,741677.4
"Frac3_PEP0303_2","SYN0068","GENE0068",4,6260349.6,3751135.8,9130025.9,5526616.6,6053304.6,4151324.4,6654249.8,3964677.4,4264202.6,3744737.9,8031757.2,6981229.2,8548928.8,4807329.5,6584214.5,1647050.6,NA,1281352.6,1351788.1,1633416.8,3842783.5,2073803,NA,2620230.2,2806885.5,1367298.2,1097717.4,NA,1087558.1,2344400.4
"Frac3_PEP0304_2","SYN0105","GENE0105",4,155178.5,161622.8,120864.1,82494.6,128947,192737.2,227586.4,155579.7,142097.4,159513.8,141996.3,136409.6,105822.8,168742.5,87242.9,1252007.9,909539.2,1194420.8,994956.5,892766.7,364916.1,860808.5,639831.3,784476,560049.9,1161942.8,1299925.4,715489.6,1001172.5,1339271.9
"Frac3_PEP0305_2","SYN0046","GENE0046",3,1729160.6,1359665.7,924105.8,1101590.9,1155896.2,1466413.3,848026.9,988549.1,1519396.4,1484396.1,1343253,1496903,2200827,1161498.8,1242905.4,257621.6,189128.3,172601,278900.8,237150.8,274303.6,343366,127440.9,217482.3,317280.7,293281.5,330293.6,283953.7,257724.6,301119.5
"Frac3_PEP0306_2","SYN0118","GENE0118",3,41232.8,34298.9,45623.1,33364.8,32114.9,28810.1,45378.3,42958.7,41574.8,28364,29274.4,24455.5,43986.3,33988.9,39755.6,38032.8,70637.6,41615.8,46659.6,44291.9,29599.8,55445.4,48159.3,33819.8,41085.2,35733.1,43391.9,36058.5,35160.1,37632.4
"Frac3_PEP0307_2","SYN0056","GENE0056",2,2835133.8,2646365.8,2151771.1,3597241.4,3167967.2,940896.5,793636,990496.5,933010.8,834396.7,2973828.7,2913284.6,3466349.3,2555441.2,1982576.3,1819435,2093996.1,NA,1618263.3,1308864.8,7699510.9,6570605.2,5296911,4938231,4857824.8,2099890.5,2230120.4,2397181,2296748.5,2487356.6
"Frac3_PEP0308_2","SYN0061","GENE0061",4,1136464,NA,NA,NA,NA,1012588.6,1310600,NA,NA,1344408,NA,1190301.4,1012402.9,1299674.2,742341.4,2386262.1,2094816.7,2921010.3,3141742,2282968.1,NA,2374739.3,NA,2224082.4,2712866.9,1476286.4,2378445.4,NA,2390112.2,NA
"Frac3_PEP0309_2","SYN0007","GENE0007",4,4107968.5,6856407.6,4903912.6,6707696,4959667.3,6422579.1,4939403.3,7538457,5354156.5,5965935.7,5901915.4,5916487.8,5366845.2,5070428.8,4756826.2,2156106.9,2178122.3,2919329.8,2299325.3,2953931.1,NA,2233169.6,2622120.6,1745591.2,2992278.1,2662391.4,2437178,3266560.4,1851562.2,3198988.4
"Frac3_PEP0310_2","SYN0122","GENE0122",2,523372.3,NA,944284.9,646120.9,751024.9,809182.1,887685,1882522.6,752448,NA,599680.7,847442.4,578431.4,NA,974791.9,NA,980926.3,1308016.5,900517.7,934935.1,900210.9,1096880.7,1193083.7,1404976.9,1019484.4,995619.4,880355.4,1366913.2,1204532.4,1064319.3
"Frac3_PEP0311_2","SYN0042","GENE0042",3,1298320.4,860235.3,1108410.2,1034782.4,1314628.4,1018250.5,1179226.8,1058550.2,1236807.2,1396709.9,1237974.6,1680931,1694627.3,1465655.3,1068106.8,969856.5,1201066.1,1121453.7,NA,1474252.9,973341.6,864083.5,592598.4,1557893.2,708018.5,994066.9,1204503.2,978559.4,948425.1,1008237
"Frac3_PEP0312_2","SYN0093","GENE0093",2,488266.1,537426.2,423952.6,402392.7,213856.9,449419.4,344216.2,342858.5,574384.6,420671.4,251271.5,309873.8,328871.7,387729.1,508872.4,587451.4,436956.6,459501.2,545458.7,446035.1,423626.3,465516.4,350793.3,366161.4,448906.2,310517.6,715773.1,771620.8,419585.4,624579.5
"Frac3_PEP0313_2","SYN0115","GENE0115",4,736039.7,958235.1,1366744.1,1450892.3,1233676.4,663139.7,1127917.9,1013084.9,921893.9,976748.2,664344.6,1203598.7,711260.2,891311.1,860498.1,1091940.1,704371.2,757260.3,797800.2,612945.9,1084939,1244055.6,1238680.8,1200921.6,1118660.9,941742.3,921495.3,1391089.8,1313006,838082.9
"Frac3_PEP0314_2","SYN0015","GENE0015",2,525353.4,608851.7,405854.1,376553.1,396346.9,693188.4,363858.1,549415.9,639903,676851.2,906007.6,354269.6,506370.5,443514.1,666707.8,995838.8,589108.7,781843.6,1455643.9,1204119.4,875352,735280,764448.7,610955.2,723007.6,812494.7,812414.5,1034275.8,NA,760842.6
"Frac3_PEP0315_2","SYN0087","GENE0087",4,5992728.6,3965727,5432970,6824693.8,6003691.6,4672508.6,4636647.4,4426710.7,5551004.2,3916941.6,4925617.5,4264156.7,4316621.1,5937589.4,5648943,4618368.2,4347255.4,5814458.7,3816863.6,5200296.6,3693455.9,4191034.1,4789689.7,NA,4324636.9,4133452.4,4249190.4,5086796.2,4728520.5,4110171.8
"Frac3_PEP0316_2","SYN0065","GENE0065",2,720062.2,1205623.8,672508.4,1921822.5,913338.4,900197.5,845894.2,887557.6,1307376.6,916139.1,1123064.8,747838.1,1421915,565934.3,1078635.8,961951.6,1385949.1,1923243.8,1983587,923541.4,1618943.6,1354321,878427.5,1008835.1,1063923.6,1229300,1981980.9,1557821.4,1784118.5,1723183.6
"Frac3_PEP0317_2","SYN0027","GENE0027",3,19540728.1,NA,30745836.4,31052940.1,33916919.6,7929531.3,5803720,NA,NA,NA,31197828.8,25475850.4,40659462.1,30288871.2,NA,2277770.3,NA,NA,4661878.5,NA,24594170.2,22846678.3,14026918.8,NA,13493104.7,6665666.7,2598476.8,NA,NA,NA
"Frac3_PEP0318_2","SYN0133","GENE0133",3,NA,3657974.4,2532515.4,NA,NA,NA,4444622.5,2928850.3,2928926.4,3662256.5,3351985.9,5013941.5,6296612,NA,5687174.3,2206120.1,1561011.1,1622969.6,1734877.4,2185606.6,2106108.6,1887380.1,1550003.3,2093818.6,2177304.9,2762947.7,2707752.1,NA,1442667.8,NA
"Frac3_PEP0319_2","SYN0008","GENE0008",2,184382.9,184828.9,218221.4,145468.6,157028.3,306335.7,288460.4,206077.2,211108.3,470633.7,239852.9,178682.6,177540.1,165305.7,NA,229709.5,137066.3,133571.6,178281.7,NA,149679.7,154112.4,184651.1,224746.9,153288.8,247728.6,184359.1,184233.5,157895.4,156902.9
"Frac3_PEP0320_2","SYN0076","GENE0076",2,2407065.1,2816373.8,3349948.9,2169646.9,1662060.4,1912901.8,NA,1816454.9,1861515.6,1994756.4,1799833,2146837.7,1943053.3,1162645.7,1720600,10263390,11333271.5,15085723.9,18138178.9,14346178,18272191.3,8965842.7,13946944,12907070.1,12246079,16429836.7,21501119.9,11370117.7,17454741.5,13138344
"Frac3_PEP0321_2","SYN0078","GENE0078",4,526862.7,558658.3,456316.4,535215.3,885992.2,NA,433555.3,468579.7,269507.9,485556.5,490949.3,511825.6,656023.2,494967.4,473122.6,288270.6,359700.3,512263.4,308186.4,384271.5,351326,315171.1,364862.7,466324.2,332558,378469.7,417256.2,248938.3,299879.7,285088.6
"Frac3_PEP0322_2","SYN0126","GENE0126",4,175999.6,190481.3,218761.2,203618.6,189923,320204.7,172263.2,NA,306195.8,192203.1,194236,245963.8,219285.1,320074.9,241556.8,214357.2,222949.4,227824.6,229299.3,112918.5,128831,143092.9,183943.7,223287.4,111416.4,215008.4,202577.1,210466,163630.4,227300.4
"Frac3_PEP0323_2","SYN0032","GENE0032",2,253791.8,367359.7,428308.1,587565.5,286046.6,475639.3,343000.2,340940.9,329999.4,599735.8,560451.7,349723.2,420355.6,328802.4,358559,505147.7,467250.9,512604.7,349933.9,346886.9,396832.4,484390,504644.6,404501.1,474020.2,541350.6,304746.2,515113,473018.5,677403.6
"Frac3_PEP0324_2","SYN0003","GENE0003",4,NA,915966.1,813112.5,913991.2,865283.7,NA,807615.4,NA,690832.7,NA,NA,1362096.7,1038457.9,811728.9,960044.1,NA,1241912.5,906435.3,1686187.6,1195183.2,1104103.2,1045802.8,NA,1505684.1,NA,1557545.5,904041.6,1173063.3,916837.2,NA
"Frac3_PEP0325_2","SYN0012","GENE0012",2,NA,326728.2,194084,348224.7,304837.4,183344.6,201749.1,NA,NA,NA,187479.2,332102.5,223797.2,329715.9,200103.3,190882.3,NA,NA,160968.7,NA,207519.1,149030,179215.9,115086.9,145762.5,NA,NA,187379.4,NA,158187.6
"Frac3_PEP0326_2","SYN0039","GENE0039",4,39367116.9,NA,34902870.8,37721701.4,20181248.6,NA,29159864.1,NA,NA,33647670.1,23716555,35010251.3,18806926.5,34111835.7,23367389.2,57352455.8,NA,NA,35856463.3,NA,35007677.5,55899545.4,47206964,37725577.2,41115770.6,60704883.1,NA,64444887.7,NA,45361343.3
"Frac3_PEP0327_2","SYN0040","GENE0040",2,5841934.3,6881706,4591325,NA,7205196.4,6004741.8,8315626.4,8672217.7,11872958.1,5984345.1,7690806,4546192.2,5756166.1,7893764.1,3838234.3,5846579,9316593.1,9687614.2,16343230.7,13199013,13162151.6,13085402.2,5494274.1,7814823.1,7490963.3,10777267.5,13282942.9,8144717,16154431,12969435.1
"Frac3_PEP0328_2","SYN0035","GENE0035",3,121237.2,107311.5,127304.9,133206.7,138002,420805.6,493807.2,303456.4,432384.3,436871.7,149296.8,113805,129700.9,115167.5,215790.8,261472.3,250020.9,140069.5,252224.3,242824.2,87493.7,121403.5,71957.7,91085,104503.8,165370.1,257872.2,315811.4,322002.6,208316.4
"Frac3_PEP0329_2","SYN0083","GENE0083",2,482775.3,239201.7,253126.4,235893.4,380934.1,NA,NA,NA,NA,NA,321685.6,364680.7,233819.7,463086.2,626034.8,NA,NA,NA,NA,511106.3,464886.6,304746.2,476447.5,403150.4,399972.8,NA,NA,NA,NA,NA
"Frac3_PEP0330_2","SYN0093","GENE0093",2,4496881.5,2399049.1,4575969.2,3231874,4446594.3,2857275.9,5060010.7,2715477,3821096.9,3565258.7,2428024.7,2745399.2,4400936.5,2636031.1,3018648.3,4436146.5,NA,5631916,7463593.2,5830463.8,3932175,3924467.9,4583171.9,3315638.7,4334958.1,3751322.4,5914061.5,6584281.2,3589200.8,4531830.2
"Frac3_PEP0331_2","SYN0099","GENE0099",4,413485.4,284946.2,352715.3,248541.6,265028.7,241929.3,263878.7,252247.1,277390.6,NA,273133.6,204813.8,225289.7,310524.4,469364.4,126559.2,146155.6,139923.7,87477.8,164319.9,114440,80603,NA,123612.8,137953.9,110452.3,NA,188999.8,135114.4,100541.4
"Frac3_PEP0332_2","SYN0105","GENE0105",4,871011.3,1625272.9,1785259.4,878436.3,1969033.1,1211161.1,999524.1,1247970.8,1434507.7,1445688.1,1029031.6,1221089.2,1703390.4,1142323.6,1827580.9,1879963,2153954.9,3462612.5,1480384.9,NA,1260894.4,2181137.5,2105012,1376163.5,2843709.5,1948555.6,2199298.1,3552715.7,1728180.9,3179545.5
"Frac3_PEP0333_2","SYN0009","GENE0009",2,NA,1499084.9,624564.5,643723.1,NA,1297651.1,1166451.5,1041961,1968390.1,1127205.5,1689588.6,879874,888136.6,1089071.4,1357983.2,1509929.7,1561905.5,NA,1075511.6,1230702,1641381.2,2038316.3,1468713.4,1666035,2915616.1,1250869.1,NA,1819647.6,1157976.5,1284913.2
"Frac3_PEP0334_2","SYN0067","GENE0067",2,67407.2,68309,55482.4,50518.3,75933.8,56879.2,72323.2,64982.3,74145.5,68388.3,60691.6,54784.3,92467.4,79122.6,64197.1,162883.3,119272.2,168202.2,130642.5,198179,102651.4,138814,137043.7,134591.8,219276.7,159229.9,145938.5,137826.6,97045.1,94337.1
"Frac3_PEP0335_2","SYN0070","GENE0070",4,3762864.4,4339811.3,3852829.4,5424286.3,3962430.3,2772820.5,2143821.2,2151627.9,2687582.5,3277618.7,4074229.9,3576018.3,2750922.3,2708280.6,2262919.7,520586.2,664010.4,563261.3,651499.9,673259.6,1368795.8,1138792.5,533304.5,725205.6,691942.9,809903.1,521374.6,626555.6,623519.1,718948.1
"Frac3_PEP0336_2","SYN0113","GENE0113",2,8109103.8,NA,4531240.8,10513719.4,12719710.1,6101464.7,8893529.4,6582721.5,7333566.8,6863910.3,7095047.9,7344547.3,4814475.8,3992088.2,5992606.6,15439422.7,7855205.2,10058718.7,14431585.1,16987294.2,12154274.8,10587946.8,9901490,14597660.7,8731893.2,10284812.2,7991349.7,12296566.8,12317286.9,10105225.1
"Frac3_PEP0337_2","SYN0099","GENE0099",2,155145.9,126962.3,89009.1,113822,102751.5,NA,NA,NA,NA,112591.8,173632.5,105793.7,NA,145238.5,116564,NA,NA,186766.2,NA,NA,109846.4,160559.8,156883.8,206009.3,209920.2,NA,NA,168888.1,173217.4,NA
"Frac3_PEP0338_2","SYN0012","GENE0012",4,240059.7,197825.5,252713.3,183874.2,158430.8,159621.5,150782.7,156293.5,234116.6,232233.3,202043.5,206540.5,268904.3,153167.7,143530.8,110324.9,118829.5,102865.2,69728.4,85332.8,87448.6,75587.8,103696,NA,103771.3,90284.2,83939.7,64919.4,NA,75846.8
"Frac3_PEP0339_2","SYN0061","GENE0061",2,819472.3,711079.3,722861.7,684274,512864.7,766954.2,434857.9,461148,455811,376872.3,541951.5,765781.3,219044.3,478411.8,NA,434175.7,348250.4,536939.1,609383,351343.1,550428.5,605396.2,769913.8,525377.7,383987.6,644178.4,573613.7,674058.4,478350.5,367787.2
"Frac3_PEP0340_2","SYN0065","GENE0065",3,6237256.1,5058428.7,6061327.4,9551611.9,8168741.2,5741464.2,6243232.4,5377444.9,4129727.1,5925089.6,7859607.2,5090749.6,6934265.2,5745330.9,4842867.6,15975797.1,20855908.2,18418572.3,14911869.1,18739104.1,19504206.7,29998811.2,NA,30880992.2,22944388.3,24663983.1,18962086.5,31602887,NA,19735484.1
"Frac3_PEP0341_2","SYN0127","GENE0127",2,NA,144923.2,85756.1,NA,81738.6,23788,NA,19117.1,23060.6,26815.1,109123.6,91865.3,118146.2,104764.1,NA,35665.6,55476.6,56342.3,50932.9,41631.8,244244.7,NA,182919.4,NA,192445,39657.3,46532.7,65608.2,32561.6,43296.9
"Frac3_PEP0342_2","SYN0084","GENE0084",3,243790,225722.8,141908.1,228262.9,295946.2,183829.7,199559.4,240025.9,279156.6,260180.5,194211.7,395185.4,266050.4,256584,378933.4,160138.7,265031.1,256320.7,191694.2,171290,195705.4,188408.6,233290.2,217183.5,217985.7,208380.4,154010.8,125594.3,226795.8,236762.5
"Frac3_PEP0343_2","SYN0085","GENE0085",3,808357.3,986970.9,486531.6,571288,1153286.4,436007.5,662137.5,1152253.3,NA,544186.7,757102.8,787341.4,NA,722299.6,829328.3,1637383.8,NA,1366535.7,1021057.5,1183060.8,NA,2097070.9,2076069.9,1570964.4,1873980.2,NA,2317960.5,2216269.9,1338142.2,2645285.8
"Frac3_PEP0344_2","SYN0011","GENE0011",4,394524.4,407101.9,195230,484375.3,339071.9,544113.1,332808.2,315963.5,278036.2,268328.9,343155.9,319129.4,246152.8,312512.2,365206.4,618694.7,476853.2,315126.3,570513.3,572788.3,754892.2,341451.8,359495.5,521457.7,655314.2,623887.6,616395.8,676610.1,370065.9,519147.3
"Frac3_PEP0345_2","SYN0021","GENE0021",4,3067231.8,3360651.4,2948886.9,2517671.6,2838874.1,NA,NA,NA,NA,NA,2462578.7,3234570.3,3080287.6,1783694.5,3010048.7,1415851.1,NA,NA,NA,NA,1927996.7,2872052.3,1713561.5,1914742.3,2521318.9,NA,2371464.6,1621173.2,NA,NA
"Frac3_PEP0346_2","SYN0103","GENE0103",2,3524232.4,NA,3701143.3,4272666.8,4534128.4,3660716.1,4303741.6,6239021,5445149.4,4700613.8,6042031.2,4108857.1,6695070,4959794.3,3551688,8679235.4,8051868.4,10417206.9,6357369.1,5784418.1,6874664.4,7483787,NA,6987544.8,6895927.5,6411779.8,6460287,7178294.8,6902352.1,8906725
"Frac3_PEP0347_2","SYN0040","GENE0040",3,319558.3,386952.2,475825.9,387021.4,322868.4,374329.6,433954.9,381832,466900.6,407431.4,576916,377830.8,391819.4,216821.1,470597.8,518413.4,668009.2,547040.9,314763.5,413639.2,352377.9,379489.8,395542.6,400469.8,322707.1,377680.6,440951.9,324597.3,327272.6,316354
"Frac3_PEP0348_2","SYN0132","GENE0132",3,3720568.7,2585602.2,2284523.6,2614842.4,2344890.2,1697347.2,2358603.4,1253940.9,1427337.5,2913493.2,2627947,2391005.8,3664990.2,2040533.4,NA,1815019.2,1529093.9,2036065.9,1633526.1,2437220.8,1433641.9,1043114.4,1324785.5,1273924.6,NA,1680933.5,1439870.8,1854642.1,2776932.7,1148421.2
"Frac3_PEP0349_2","SYN0129","GENE0129",4,5653620.4,3347807.2,3875547.7,3237731.5,NA,NA,723937.8,NA,NA,868814.7,3260454,1949760.3,3515523.8,4741823,3476696,982466.2,1189412,NA,NA,NA,5649443.7,4637046.1,6535046.4,5641738.8,3627632.1,1412722.8,NA,NA,NA,NA
"Frac3_PEP0350_2","SYN0080","GENE0080",2,1274869.9,1260304.4,931035.1,954936.6,1451343,1733770.8,1486672.1,NA,1169957.8,866044.1,1477051.4,1049805,928158.5,951759,1194053.8,673165.5,662300.5,423027.7,571618.8,538068.4,790585.7,573982.6,698874.6,383173,499940.3,572900.6,539518.2,442363,592359,437779.2
"Frac3_PEP0351_2","SYN0099","GENE0099",3,NA,7633572.5,6288000.6,5072033,7190810.2,5858736.9,NA,NA,4029444.2,3529718.4,5522120.9,5509332,5260502.5,6694554.4,4146559.3,NA,NA,NA,6491687.6,NA,NA,7411801.9,8862478.5,8074345.6,6675264.7,8272379.8,4803092.2,9399220.6,NA,8188069
"Frac3_PEP0352_2","SYN0024","GENE0024",4,2742992.8,2532066.5,2363297.4,2773438.3,2423315.3,3525297,2377494.2,1720627.4,2533491.4,3069856.5,3021689.9,NA,1701403.7,2444805.8,2135878.5,2281564.5,1320133.6,1280699.1,1429090.5,1445090.4,1478943.4,1378662.4,1700569.2,1278462.6,1684698.8,1926385.8,1970848.5,1347726.9,1375482.7,1799651.7
"Frac3_PEP0353_2","SYN0066","GENE0066",3,744752.8,1024198.5,580407.7,711027.8,467994,NA,841677.7,715717.1,544744.8,497206.8,NA,989054.1,540293.6,1056691.5,750613.2,2109851.6,2091030.2,1555224.1,1961861.5,1421478.7,2443447.3,1535644.7,1720248.3,2010998.9,2032366.9,1290274.5,1586046,2047496.8,1213173,1635784.2
"Frac3_PEP0354_2","SYN0091","GENE0091",2,1504365.8,NA,1489710.4,1283071.7,1409012,920535.3,1337706,1096050.1,1353397.1,NA,1149251.3,1341832.9,NA,1095933.9,1029612.7,3402368.6,5377448.6,7897206.8,8181680.7,3864338.2,4847199.7,NA,4247854.2,NA,NA,5249279,4201337.2,4438655.5,4831783.9,6412512.2
"Frac3_PEP0355_2","SYN0017","GENE0017",4,836802.6,NA,NA,873628.8,1313816.7,339933.6,NA,336959.9,253254.2,233483.4,819870.2,742193.5,953708.2,652401.4,669933.7,NA,145452.8,156914.2,127208.7,165540,382973.8,556423.2,598609.8,417345.2,802200.3,184831.5,228721,259018,NA,124010.4
"Frac3_PEP0356_2","SYN0024","GENE0024",4,148986.7,111462,146536.6,159311.4,121197.6,176449.2,130291.2,107578.2,135584,166096.6,133362.6,NA,120737.5,129225.7,147005.8,188328.9,169806.7,117524.2,178122.4,157460.4,169347.2,159682.7,207051.6,117137.5,107346.9,196918,171645.5,176545.4,130454.5,196101.9
"Frac3_PEP0357_2","SYN0098","GENE0098",2,268764.6,352053.3,334913,370341.8,250915.7,400518.8,NA,NA,481616,NA,309354.2,348246.8,646378.6,NA,350715.5,NA,347892.2,351673.2,NA,223589.4,270802.5,271317,219042.3,287782.1,238011.4,NA,422213.3,NA,NA,NA
"Frac3_PEP0358_2","SYN0080","GENE0080",4,240393.4,369321.3,253989.2,319052.6,222778.4,NA,NA,NA,NA,NA,232759.1,212902.1,397130.7,355827.3,301849.9,930374.4,660499.3,NA,NA,457437.7,686912.7,736073.2,751469.7,638513,542517.2,480473.9,448571.2,NA,NA,NA
"Frac3_PEP0359_2","SYN0085","GENE0085",3,3876427.5,7281181.3,5534291.9,3791144.5,8765199.4,12564673.9,NA,NA,NA,NA,7620267.7,5972513.7,5363622.6,4826057.8,6305508.1,NA,NA,NA,NA,12672373.6,5631137,3418584.5,9565150.8,6281557.8,5330296.9,NA,NA,NA,12724768.4,NA
"Frac3_PEP0360_2","SYN0045","GENE0045",2,210738.8,222363,243615.9,241374.7,192644,234495.6,329796.2,218357.4,211685.5,286257,202292.9,256053.5,233419.8,154020,338136.5,214251.6,373838.6,221652.5,423793.4,202016.9,213185.9,270385.9,312088.3,455388.6,196687.2,194563.1,NA,398319.5,338969.9,354303.5
"Frac3_PEP0361_2","SYN0030","GENE0030",4,2975342.4,4010623.3,3142826.1,2354754.6,5050170.7,NA,4309778.1,NA,NA,NA,3635412.8,3955643.7,2867182.2,4114060.3,2791963.7,NA,3023478.1,NA,1577692,NA,2050100,1664511.7,2501975.8,1876850.4,1736602.4,NA,2335209.6,NA,NA,NA
"Frac3_PEP0362_2","SYN0070","GENE0070",4,435490.9,391142.5,278829.1,327706.3,456677.3,256541.2,272393.9,211825.3,456048.6,279351.8,362766.9,451208.3,500902.1,324075.1,251186.4,866191.2,1015152.7,1327800.9,827971.7,775539.8,1060476.7,1008683.5,1595708.1,1621990.1,1415681.5,960625.1,831981.7,853465.5,1363880.5,1084808.8
"Frac3_PEP0363_2","SYN0087","GENE0087",2,16425556.3,10465386.1,10549954.1,14359646.2,14966633.5,68100735.4,68306675.2,46294584.8,37099525.4,54680259,24227751.8,7820380.9,14242995.4,22041315.9,11142851.2,78086325.6,99969805.1,61772817.6,49922411.6,87320522.4,21580899.7,26647286.2,17799740.8,20601331.6,17904791.5,57805812.1,64586020.1,128968244.9,91421722.1,61665892.5
"Frac3_PEP0364_2","SYN0072","GENE0072",2,86386.1,NA,113213.3,90154.9,85702.1,166507.9,149853,120950,118878.1,114596.7,124165.7,120826.7,115928,147574.3,174952.9,87221.2,81589.2,80956.9,90075.9,65586.3,83474.6,101437.5,75371.8,80608.8,62626.2,51527.6,81010,74498.5,84058.9,64725.8
"Frac3_PEP0365_2","SYN0080","GENE0080",4,9720691,13095967.1,7202193.3,14687289.8,12216844.5,1435098.1,2529016.6,3217868.8,2438538.9,1349215.3,10401071.4,14254691.5,18235964.1,17860460.1,12808712.8,1535727.6,3790225.6,2436388,1595021.1,2713904.2,14854049.3,13095385.7,15424877,13869353.1,14507929.9,1740991.8,1560017.3,1613323.1,1933504.8,2858551.6
"Frac3_PEP0366_2","SYN0023","GENE0023",2,2183545.4,2235422.5,3113810.4,NA,1293831.1,2517847.8,2103027,4039707.2,2041100.6,NA,1953933.8,2027739.5,1482529.9,1959072.7,2639666.4,1411209,1478639.3,1759756.3,2028447.6,1727118.8,1575894.7,1515840.1,1191472.5,1313649.4,882675.2,1197554.9,1273548.1,1597015.5,1364394.5,1225909.3
"Frac3_PEP0367_2","SYN0048","GENE0048",3,944167,523889,610705.2,824366.8,775872.7,1357021.5,1010586.9,1566924.9,2053256.8,1700648.8,1017189.2,807539.1,1082335.6,627448,1049872.1,446832.2,507356.5,374233.3,411725,534274.8,366754.3,290166.7,238664.9,298038.1,263468.2,343111.2,451554.3,468440.7,NA,344346.4
"Frac3_PEP0368_2","SYN0059","GENE0059",3,24939.8,29608.2,26641.9,35517.5,20012.2,NA,NA,NA,NA,37705.3,38905.2,30811.8,32002.2,42224.7,39901.5,NA,19181.3,NA,NA,NA,15014.8,28519.9,14356.2,15974.3,NA,NA,NA,9245.4,NA,19081.8
"Frac3_PEP0369_2","SYN0089","GENE0089",3,NA,12906147.7,12200201.5,13020747.9,NA,14831593.2,9825112.3,14727422.2,10503275.4,8604745.9,11089753.3,11242638.6,10583610.6,8704567.7,12607033.4,19377451.8,21061734.5,23434425.4,20065754.4,28579572.4,23955435.2,23770590.5,17488153.3,24398334.6,19893545.4,18620858.7,NA,25080913,23740585.2,28775485.1
"Frac3_PEP0370_2","SYN0005","GENE0005",3,3264509.3,2389949.1,2320536.5,1796051.6,3797882,4890099.3,1637625.8,2008691.6,2716610.3,NA,3771243.6,2059244.6,2072193.3,3672476,3127070,NA,2309695.8,910520.6,940809.9,NA,1040601.3,1463157.3,1328194.1,831145.6,1268236.6,1869174.9,1410525.6,884680.5,919147.1,805479.7
"Frac3_PEP0371_2","SYN0087","GENE0087",2,456264.6,841818.5,635499.4,634124.6,392864.2,663335.7,349573.8,542159.3,795377.8,325459.1,1012500.7,421439,663962.2,945873.5,731889.6,675586.5,587612.1,670413.8,806375.3,603106.1,813254.4,680092.1,688311.6,755233.2,494988.4,331675.9,853971.6,757827.2,552822.1,714905.2
"Frac3_PEP0372_2","SYN0042","GENE0042",2,1140542.1,961558.9,891276.8,NA,995238.4,939687.1,1248615.4,823415.1,592790.8,661817.4,1215916.4,1095441.5,1064663.9,852582.2,1114797,652781.3,1243779.7,1210174.2,1448061.2,570184.8,1191108.7,1008812.8,1349767.4,1007580.1,1094340.8,931260.7,986680.8,1331959.6,983261.3,874500.6
"Frac3_PEP0373_2","SYN0036","GENE0036",4,3816003.4,3941752.5,2226618.1,4406806.3,5121867.2,NA,NA,3509081.2,NA,NA,NA,2954086.5,3102293,3769151.5,2602148.5,9594173.3,NA,NA,7968665.6,NA,NA,8786344.9,10695308.1,14049912.2,7763866.4,12146453.9,13126181.7,NA,10155617.8,NA
"Frac3_PEP0374_2","SYN0010","GENE0010",4,459165.1,398599.9,NA,431185.8,187334.7,653235.8,493490.9,732770.1,804212.5,406171.8,441001.9,384280,479583.6,390519.5,441770.7,519141.2,718695.8,404448.3,839398.5,488030.8,NA,470325.6,267335.2,544325.1,279491.3,650433.3,660339.1,624386.3,577067,487596.2
"Frac3_PEP0375_2","SYN0103","GENE0103",3,808655.6,440773,471388,573902.6,434089,NA,NA,NA,NA,NA,698632.4,666129.6,549740.1,NA,542529.6,839515.1,NA,NA,NA,1060246,1000283.5,1255633.3,1062527.6,1143959.2,874874.1,1538313.3,1293324.4,1098497.8,1258586.4,NA
"Frac3_PEP0376_2","SYN0059","GENE0059",4,2930974.1,1927559.2,1943694.9,NA,2324163.4,1772006.5,2792664.3,3610689.3,3088638.3,2688982,2134491.7,3036257.3,2282293,3352321.7,1824544,2108102.7,3387562.1,2772753.3,3275412.1,2496343,3420754.2,2208821.9,2887709.6,3029553.8,3891451.3,3943852.6,3182113.8,3505883.6,3096094.9,3212399.7
"Frac3_PEP0377_2","SYN0006","GENE0006",2,2987673.4,2732094.7,4553910.5,2548043.9,2354034.7,3542849.4,3508865.3,2984347.4,2132185.8,1728765,2590953.5,2831687.6,1988796.6,3951370.3,5202500.4,4504747.3,3183379.7,2647212.7,4228947.8,3249526.1,2969438,2817997.7,3056336.4,2374926.4,NA,3470842,3164671.3,3417560.7,3434825.1,2211105.7
"Frac3_PEP0378_2","SYN0131","GENE0131",2,799512.2,653918.4,592138.1,862245.5,834388.2,672421,626679.1,588922.2,1036770.4,1117520.2,838578.2,768266.8,648380.6,722769.9,814016.7,3223985.3,4001158.6,1876829.6,2036411.3,3242966.7,2116959.9,3614883.7,2417474.7,2500869.9,1818871.2,3465276.5,1748759.4,3468972.9,2942403.8,2293463.6
"Frac3_PEP0379_2","SYN0126","GENE0126",4,3889556,2267689.4,1919205.5,2393530.9,2426818.3,2800317.2,3402803.2,2419447.4,2339327.4,4748858.4,3450986.7,2874620.2,3373298.5,2769572.3,3287727,2651070.4,5813025.4,4452283.2,4636035,4823122.2,4455016.8,5342392.9,3061748.1,3980055.1,3517502,3932382.7,5889416.8,5675742.9,8013100.2,4076642.7
"Frac3_PEP0380_2","SYN0012","GENE0012",4,285046.7,210458.4,240616.9,286594.2,130719.7,280789.6,NA,241246.3,293787.3,157902.4,210047.9,374898.9,NA,171124.4,218023.9,231843.3,115966.6,134693.3,75942.5,211594.7,NA,157128.1,144833.5,150629.7,129244.5,100820,114531.1,95236.8,167647.2,107318.8
"Frac3_PEP0381_2","SYN0003","GENE0003",4,1340494.5,1914820.8,2042766.5,1399582.8,986083.6,NA,NA,NA,NA,1853187.8,1498360.5,1322694.6,1507407.9,1811477.8,1615772.1,NA,NA,4162418.8,NA,NA,2632554.2,3948830.7,4721013.2,4110876.7,4888175.9,4426793.7,NA,NA,4856515.4,NA
"Frac3_PEP0382_2","SYN0061","GENE0061",4,262782.3,NA,203517.9,130935.6,207485,281361.9,359561.6,198640.5,244920.4,466564.1,322815.6,235441,281739.3,252721.7,NA,379121,307760.5,245870.6,298904.3,221626.3,263090,289708.1,239678.7,384935.1,313121.8,NA,204097.3,173881.6,276805.2,280626.8
"Frac3_PEP0383_2","SYN0089","GENE0089",3,9808592.2,7464577.7,5962663.7,4823446,9133457.4,5107545.2,NA,NA,NA,NA,7304225.1,6962382,5673702.7,8548876.1,8766218.6,NA,NA,NA,NA,NA,4942432.5,5836496.5,8604631.1,5383916.8,7671197.5,NA,4003475.2,NA,NA,NA
"Frac3_PEP0384_2","SYN0090","GENE0090",3,870717.7,694418.2,595710.6,524925,512076.4,659456.5,899742,539912.3,635652.5,658265.2,937435.9,998750.6,851461.1,570025.3,585208.3,1239581.3,1586890.4,960483,978348.6,959649.8,741634.1,1877101.8,1054555.8,1110301.9,1421705.3,NA,1459385.3,1533552.8,771963.7,895197.4
"Frac3_PEP0385_2","SYN0065","GENE0065",3,125087.4,128884.4,240854.5,168378.9,240874.9,182579.2,155358.8,166822.9,265418.5,168768.8,149770.1,216695.3,178941.6,180053.3,136969.3,104320.7,112316.5,142525.5,139519.7,120553.8,82608.4,124894.4,204587.9,72641.2,124898,107761.5,151736,122635.6,125088.8,135866.2
"Frac3_PEP0386_2","SYN0106","GENE0106",2,357711.3,432318.9,358168.7,409644.5,328873.8,415654.6,347007.7,282547.6,233764.3,384689.1,233033.5,297779.4,322264.8,384292,375983.8,349899.4,453039.5,298522.6,381704.3,346698.9,376614.7,332948.7,265651.7,418083.4,325274.7,339908.1,261241.6,323383.6,461133.1,317992.8
"Frac3_PEP0387_2","SYN0044","GENE0044",2,350655.4,501070.5,491131.2,388500.7,580413,522121.3,378159.7,323327.7,498955.6,438954.9,387661.3,414488.4,378660.4,612601.6,319540.5,190542,310332.5,198174.2,215651.8,188322,155158.6,450455.3,405797.1,234696.5,295754.3,185794.2,314069.6,284080.4,177398.8,147726.6
"Frac3_PEP0388_2","SYN0024","GENE0024",2,182602.7,NA,265861.6,226816.6,390316.5,275727.4,141657.4,NA,247060.3,293187.5,180250.7,351816.7,205780,256941.9,282243.4,90421.3,117149.3,121038.9,144469.1,87715.1,96577.3,118047,78264.6,129054.5,79408,94402.9,101742.7,91382.4,99337,80268.6
"Frac3_PEP0389_2","SYN0053","GENE0053",4,10400137,7199750.1,10159684,7675589.2,7129840.6,9864110.3,10965968.7,8984736.8,7103605.2,10614344,5529910.7,7430451.2,8521497.5,9886466.3,7034076.1,6988126.7,7245969.4,2926605.2,3171146.7,4978241.5,5396149.9,5893377.4,4831178.7,4878847.1,4563606.5,6831816.1,NA,3305362.5,NA,4264375.4
"Frac3_PEP0390_2","SYN0119","GENE0119",4,341243,400686.9,254972.5,290733.6,355954.4,465793.1,316731.9,259826.6,354207.5,274841.6,375398.9,436816.3,357720.2,313847.3,292320.1,235002.3,425645,207190.7,417240.1,371784.3,335888.9,303308.2,326825.2,446537.1,439490.1,253536.1,359418.1,372279.8,246431,418602
"Frac3_PEP0391_2","SYN0013","GENE0013",2,237284.8,420730.1,508605.2,401795.8,356280.6,428036,391031.2,284816.9,556229,499784.3,273413.2,409643.4,636126.7,496341.7,333464.8,202445,192335.2,176681.2,171966.3,160035.4,128352.9,406328.2,164080.8,220697.3,146095.9,226492.8,201835.4,247455.7,228159.6,236494.7
"Frac3_PEP0392_2","SYN0028","GENE0028",4,329213.3,310663.7,196835.8,264161.8,293566.4,53687.3,51014.7,65581.3,98633.2,57940.3,142101.7,202395.3,243453.5,359214.7,290776.1,18673.7,27309.4,19722.8,22084.5,12534.5,80638.4,91571.7,50900.2,74673.3,91131.3,14069.5,19529.8,21667.1,20448,16211.7
"Frac3_PEP0393_2","SYN0125","GENE0125",4,NA,3143297.6,4638914.5,5325631.6,NA,3031342.4,NA,6805032.4,4733369.1,NA,3944127,NA,4391795.2,3602308.1,4196795.3,2769730.8,3887641.8,NA,2000191.1,2254849.3,3411925.8,3381146.7,3539642.5,2946157.2,NA,4699776.5,3864118.4,3293492.7,2891001.4,5089459.4
"Frac3_PEP0394_2","SYN0058","GENE0058",2,105273.2,101581,79560.9,108498.3,138190.9,NA,NA,NA,116177.4,NA,126702.8,197201.6,104869,105757.6,80495.1,NA,264745.9,NA,244066.2,NA,331031.4,261743.9,192849.5,171213,229053.8,167361.2,NA,124676.9,NA,119780
"Frac3_PEP0395_2","SYN0119","GENE0119",4,11140094.4,17102374.7,7778272.8,8778663.4,10795171.9,9859826.3,10533110.1,12842558,17799837,8123313.7,9571671.5,9431288.7,11926993.3,6125114.5,8152562.4,3854462.7,2205982.3,NA,3161763.3,4612881.2,2561000.5,2310724.6,3235064.2,2301196.6,3715427.3,3734418.8,2920440.8,3762880.5,2332451.8,3821844.1
"Frac3_PEP0396_2","SYN0073","GENE0073",3,466079.6,533052.6,655196.7,357622.3,422715.2,407967.4,802469.7,529049.9,487844.3,558023.5,444623.6,331672.3,482186.6,656949.3,666557.3,245296.2,210748.2,111833.6,131671.6,187206.1,130580.2,236179.2,120034.7,NA,168630.4,198656.1,147004.9,193685.1,195384.5,181542.8
"Frac3_PEP0397_2","SYN0019","GENE0019",4,2620165,3266622.3,4822175.7,4814366.2,1957837,4285630,2702164,5671811.4,3293120.9,3565519.9,6178762.1,3442567.6,4742690.9,5063035.6,2427243.2,3938526.4,2416168.4,2694211.8,3618028.1,2165364.1,2590720.3,2605459,2879839.5,2566703.4,2963268.4,1919905.6,3162100,3782045.9,3797307.8,3675263.7
"Frac3_PEP0398_2","SYN0092","GENE0092",4,3149245.9,2313491.2,2599835.2,2502706.2,NA,1526176.6,1665393,NA,1667957.3,3010221.5,NA,2244951.1,3981745.4,2936233.3,1651416.5,2336073.7,1641730.1,1518259.5,2614405.5,2010634.6,1819262,1531352.3,1914403.6,2127655.3,2120158.8,1367366.1,1553086.1,1302366.6,2508031.9,1963204.9
"Frac3_PEP0399_2","SYN0060","GENE0060",2,249139.4,NA,194029,342157.3,124577.1,209701.2,165889.1,NA,214255,281450.3,166866.6,231553,219946.4,193890.8,248180.5,363060.4,314686,319281.7,NA,451236.8,302696.9,287144.1,399559.7,318098.3,299840,326507.6,538662.2,NA,283638.8,278162.2
"Frac3_PEP0400_2","SYN0109","GENE0109",3,290086.4,421932.8,299494.3,337281.2,286713.8,313337.3,266621.5,425470.3,331258.5,312338.4,378099.3,437659.9,298938.4,391179.7,196088.9,592500.3,1012044.1,683383.5,590176.2,290468.1,654615.8,711015.1,714649.4,991209.5,661074.9,454074.6,635159.9,882714.5,770915.3,406306.8
